2025-08-26 02:45:31,188 1 INFO ? odoo: Odoo version 17.0-20250819 
2025-08-26 02:45:31,189 1 INFO ? odoo: Using configuration file at /etc/odoo/odoo.conf 
2025-08-26 02:45:31,189 1 INFO ? odoo: addons paths: ['/usr/lib/python3/dist-packages/odoo/addons', '/var/lib/odoo/addons/17.0', '/mnt/extra-addons'] 
2025-08-26 02:45:31,189 1 INFO ? odoo: database: odoo@db:5432 
2025-08-26 02:45:31,255 1 INFO ? odoo.addons.base.models.ir_actions_report: Will use the Wkhtmltopdf binary at /usr/local/bin/wkhtmltopdf 
2025-08-26 02:45:31,352 1 INFO ? odoo.service.server: HTTP service (werkzeug) running on a02b661dc439:8069 
2025-08-26 02:45:31,372 1 INFO odoo odoo.modules.loading: init db 
2025-08-26 02:45:32,078 1 INFO odoo odoo.modules.loading: loading 1 modules... 
2025-08-26 02:45:32,078 1 INFO odoo odoo.modules.loading: Loading module base (1/1) 
2025-08-26 02:45:32,094 1 INFO odoo odoo.modules.registry: module base: creating or updating database tables 
2025-08-26 02:45:33,500 1 INFO odoo odoo.models: Prepare computation of ir.module.module.menus_by_module 
2025-08-26 02:45:33,501 1 INFO odoo odoo.models: Prepare computation of ir.module.module.reports_by_module 
2025-08-26 02:45:33,501 1 INFO odoo odoo.models: Prepare computation of ir.module.module.views_by_module 
2025-08-26 02:45:34,039 1 INFO odoo odoo.models: Prepare computation of res.partner.user_id 
2025-08-26 02:45:34,040 1 INFO odoo odoo.models: Prepare computation of res.partner.commercial_partner_id 
2025-08-26 02:45:34,040 1 INFO odoo odoo.models: Prepare computation of res.partner.complete_name 
2025-08-26 02:45:34,040 1 INFO odoo odoo.models: Prepare computation of res.partner.company_registry 
2025-08-26 02:45:34,040 1 INFO odoo odoo.models: Prepare computation of res.partner.commercial_company_name 
2025-08-26 02:45:34,040 1 INFO odoo odoo.models: Prepare computation of res.partner.partner_share 
2025-08-26 02:45:34,205 1 INFO odoo odoo.models: Prepare computation of res.currency.decimal_places 
2025-08-26 02:45:34,301 1 INFO odoo odoo.models: Prepare computation of res.company.uses_default_logo 
2025-08-26 02:45:34,301 1 INFO odoo odoo.models: Prepare computation of res.company.logo_web 
2025-08-26 02:45:34,313 1 INFO odoo odoo.models: Computing parent_path for table res_company... 
2025-08-26 02:45:34,407 1 INFO odoo odoo.models: Prepare computation of res.users.signature 
2025-08-26 02:45:34,407 1 INFO odoo odoo.models: Prepare computation of res.users.share 
2025-08-26 02:45:36,539 1 INFO odoo odoo.modules.loading: loading base/data/res_bank.xml 
2025-08-26 02:45:36,543 1 INFO odoo odoo.modules.loading: loading base/data/res.lang.csv 
2025-08-26 02:45:36,572 1 INFO odoo odoo.modules.loading: loading base/data/res_lang_data.xml 
2025-08-26 02:45:36,592 1 INFO odoo odoo.modules.loading: loading base/data/res_partner_data.xml 
2025-08-26 02:45:36,628 1 INFO odoo odoo.modules.loading: loading base/data/res_currency_data.xml 
2025-08-26 02:45:36,928 1 INFO odoo odoo.modules.loading: loading base/data/res_company_data.xml 
2025-08-26 02:45:36,934 1 INFO odoo odoo.modules.loading: loading base/data/res_users_data.xml 
2025-08-26 02:45:37,726 1 INFO odoo odoo.modules.loading: loading base/data/report_paperformat_data.xml 
2025-08-26 02:45:37,731 1 INFO odoo odoo.modules.loading: loading base/data/res_country_data.xml 
2025-08-26 02:45:37,960 1 INFO odoo odoo.modules.loading: loading base/data/ir_demo_data.xml 
2025-08-26 02:45:37,966 1 INFO odoo odoo.modules.loading: loading base/security/base_groups.xml 
2025-08-26 02:45:38,232 1 INFO odoo odoo.modules.loading: loading base/security/base_security.xml 
2025-08-26 02:45:38,287 1 INFO odoo odoo.modules.loading: loading base/views/base_menus.xml 
2025-08-26 02:45:38,315 1 INFO odoo odoo.modules.loading: loading base/views/decimal_precision_views.xml 
2025-08-26 02:45:38,323 1 INFO odoo odoo.modules.loading: loading base/views/res_config_views.xml 
2025-08-26 02:45:38,327 1 INFO odoo odoo.modules.loading: loading base/data/res.country.state.csv 
2025-08-26 02:45:38,637 1 INFO odoo odoo.modules.loading: loading base/views/ir_actions_views.xml 
2025-08-26 02:45:38,732 1 INFO odoo odoo.modules.loading: loading base/views/ir_asset_views.xml 
2025-08-26 02:45:38,743 1 INFO odoo odoo.modules.loading: loading base/views/ir_config_parameter_views.xml 
2025-08-26 02:45:38,752 1 INFO odoo odoo.modules.loading: loading base/views/ir_cron_views.xml 
2025-08-26 02:45:38,770 1 INFO odoo odoo.modules.loading: loading base/views/ir_cron_trigger_views.xml 
2025-08-26 02:45:38,779 1 INFO odoo odoo.modules.loading: loading base/views/ir_filters_views.xml 
2025-08-26 02:45:38,789 1 INFO odoo odoo.modules.loading: loading base/views/ir_mail_server_views.xml 
2025-08-26 02:45:38,801 1 INFO odoo odoo.modules.loading: loading base/views/ir_model_views.xml 
2025-08-26 02:45:38,881 1 INFO odoo odoo.modules.loading: loading base/views/ir_attachment_views.xml 
2025-08-26 02:45:38,892 1 INFO odoo odoo.modules.loading: loading base/views/ir_rule_views.xml 
2025-08-26 02:45:38,907 1 INFO odoo odoo.modules.loading: loading base/views/ir_sequence_views.xml 
2025-08-26 02:45:38,918 1 INFO odoo odoo.modules.loading: loading base/views/ir_ui_menu_views.xml 
2025-08-26 02:45:38,929 1 INFO odoo odoo.modules.loading: loading base/views/ir_ui_view_views.xml 
2025-08-26 02:45:38,954 1 INFO odoo odoo.modules.loading: loading base/views/ir_default_views.xml 
2025-08-26 02:45:38,964 1 INFO odoo odoo.modules.loading: loading base/data/ir_cron_data.xml 
2025-08-26 02:45:38,970 1 INFO odoo odoo.modules.loading: loading base/report/ir_model_report.xml 
2025-08-26 02:45:38,973 1 INFO odoo odoo.modules.loading: loading base/report/ir_model_templates.xml 
2025-08-26 02:45:38,977 1 INFO odoo odoo.modules.loading: loading base/views/ir_logging_views.xml 
2025-08-26 02:45:38,987 1 INFO odoo odoo.modules.loading: loading base/views/ir_qweb_widget_templates.xml 
2025-08-26 02:45:38,994 1 INFO odoo odoo.modules.loading: loading base/views/ir_module_views.xml 
2025-08-26 02:45:39,020 1 INFO odoo odoo.modules.loading: loading base/data/ir_module_category_data.xml 
2025-08-26 02:45:39,058 1 INFO odoo odoo.modules.loading: loading base/data/ir_module_module.xml 
2025-08-26 02:45:39,096 1 INFO odoo odoo.modules.loading: loading base/report/ir_module_reports.xml 
2025-08-26 02:45:39,098 1 INFO odoo odoo.modules.loading: loading base/report/ir_module_report_templates.xml 
2025-08-26 02:45:39,102 1 INFO odoo odoo.modules.loading: loading base/wizard/base_module_update_views.xml 
2025-08-26 02:45:39,111 1 INFO odoo odoo.modules.loading: loading base/wizard/base_language_install_views.xml 
2025-08-26 02:45:39,119 1 INFO odoo odoo.modules.loading: loading base/wizard/base_import_language_views.xml 
2025-08-26 02:45:39,125 1 INFO odoo odoo.modules.loading: loading base/wizard/base_module_upgrade_views.xml 
2025-08-26 02:45:39,136 1 INFO odoo odoo.modules.loading: loading base/wizard/base_module_uninstall_views.xml 
2025-08-26 02:45:39,140 1 INFO odoo odoo.modules.loading: loading base/wizard/base_export_language_views.xml 
2025-08-26 02:45:39,146 1 INFO odoo odoo.modules.loading: loading base/wizard/base_partner_merge_views.xml 
2025-08-26 02:45:39,155 1 INFO odoo odoo.modules.loading: loading base/data/ir_demo_failure_data.xml 
2025-08-26 02:45:39,164 1 INFO odoo odoo.modules.loading: loading base/views/ir_profile_views.xml 
2025-08-26 02:45:39,179 1 INFO odoo odoo.modules.loading: loading base/views/res_company_views.xml 
2025-08-26 02:45:39,191 1 INFO odoo odoo.modules.loading: loading base/views/res_lang_views.xml 
2025-08-26 02:45:39,203 1 INFO odoo odoo.modules.loading: loading base/views/res_partner_views.xml 
2025-08-26 02:45:39,266 1 INFO odoo odoo.modules.loading: loading base/views/res_bank_views.xml 
2025-08-26 02:45:39,284 1 INFO odoo odoo.modules.loading: loading base/views/res_country_views.xml 
2025-08-26 02:45:39,309 1 INFO odoo odoo.modules.loading: loading base/views/res_currency_views.xml 
2025-08-26 02:45:39,328 1 INFO odoo odoo.modules.loading: loading base/views/res_users_views.xml 
2025-08-26 02:45:39,391 1 INFO odoo odoo.modules.loading: loading base/views/res_users_identitycheck_views.xml 
2025-08-26 02:45:39,397 1 INFO odoo odoo.modules.loading: loading base/views/ir_property_views.xml 
2025-08-26 02:45:39,408 1 INFO odoo odoo.modules.loading: loading base/views/res_config_settings_views.xml 
2025-08-26 02:45:39,412 1 INFO odoo odoo.modules.loading: loading base/views/report_paperformat_views.xml 
2025-08-26 02:45:39,424 1 INFO odoo odoo.modules.loading: loading base/security/ir.model.access.csv 
2025-08-26 02:45:39,484 1 INFO odoo odoo.modules.loading: Module base: loading demo 
2025-08-26 02:45:39,485 1 INFO odoo odoo.modules.loading: loading base/data/res_users_demo.xml 
2025-08-26 02:45:40,623 1 INFO odoo odoo.modules.loading: loading base/data/res_partner_bank_demo.xml 
2025-08-26 02:45:40,627 1 INFO odoo odoo.modules.loading: loading base/data/res_currency_demo.xml 
2025-08-26 02:45:40,629 1 INFO odoo odoo.modules.loading: loading base/data/res_currency_rate_demo.xml 
2025-08-26 02:45:40,755 1 INFO odoo odoo.modules.loading: loading base/data/res_bank_demo.xml 
2025-08-26 02:45:40,758 1 INFO odoo odoo.modules.loading: loading base/data/res_partner_demo.xml 
2025-08-26 02:45:40,909 1 INFO odoo odoo.modules.loading: loading base/data/res_partner_image_demo.xml 
2025-08-26 02:45:41,230 1 INFO odoo odoo.modules.loading: Module base loaded in 9.15s, 9085 queries (+9085 other) 
2025-08-26 02:45:41,230 1 INFO odoo odoo.modules.loading: 1 modules loaded in 9.15s, 9085 queries (+9085 extra) 
2025-08-26 02:45:41,242 1 INFO odoo odoo.modules.loading: updating modules list 
2025-08-26 02:45:41,243 1 INFO odoo odoo.addons.base.models.ir_module: ALLOW access to module.update_list on [] to user __system__ #1 via n/a 
2025-08-26 02:45:41,580 1 INFO odoo odoo.modules.loading: loading 11 modules... 
2025-08-26 02:45:41,580 1 INFO odoo odoo.modules.loading: Loading module web (2/11) 
2025-08-26 02:45:41,595 1 INFO odoo odoo.modules.registry: module web: creating or updating database tables 
2025-08-26 02:45:41,976 1 INFO odoo odoo.modules.loading: loading web/security/ir.model.access.csv 
2025-08-26 02:45:41,983 1 INFO odoo odoo.modules.loading: loading web/views/webclient_templates.xml 
2025-08-26 02:45:42,018 1 INFO odoo odoo.modules.loading: loading web/views/report_templates.xml 
2025-08-26 02:45:42,072 1 INFO odoo odoo.modules.loading: loading web/views/base_document_layout_views.xml 
2025-08-26 02:45:42,078 1 INFO odoo odoo.modules.loading: loading web/views/partner_view.xml 
2025-08-26 02:45:42,082 1 INFO odoo odoo.modules.loading: loading web/views/speedscope_template.xml 
2025-08-26 02:45:42,086 1 INFO odoo odoo.modules.loading: loading web/views/neutralize_views.xml 
2025-08-26 02:45:42,090 1 INFO odoo odoo.modules.loading: loading web/data/ir_attachment.xml 
2025-08-26 02:45:42,093 1 INFO odoo odoo.modules.loading: loading web/data/report_layout.xml 
2025-08-26 02:45:42,133 1 INFO odoo odoo.modules.loading: Module web loaded in 0.55s, 993 queries (+993 other) 
2025-08-26 02:45:42,134 1 INFO odoo odoo.modules.loading: Loading module auth_totp (3/11) 
2025-08-26 02:45:42,150 1 INFO odoo odoo.modules.registry: module auth_totp: creating or updating database tables 
2025-08-26 02:45:42,278 1 INFO odoo odoo.modules.loading: loading auth_totp/security/security.xml 
2025-08-26 02:45:42,293 1 INFO odoo odoo.modules.loading: loading auth_totp/security/ir.model.access.csv 
2025-08-26 02:45:42,297 1 INFO odoo odoo.modules.loading: loading auth_totp/data/ir_action_data.xml 
2025-08-26 02:45:42,301 1 INFO odoo odoo.modules.loading: loading auth_totp/views/res_users_views.xml 
2025-08-26 02:45:42,315 1 INFO odoo odoo.modules.loading: loading auth_totp/views/templates.xml 
2025-08-26 02:45:42,318 1 INFO odoo odoo.modules.loading: loading auth_totp/wizard/auth_totp_wizard_views.xml 
2025-08-26 02:45:42,344 1 INFO odoo odoo.modules.loading: Module auth_totp loaded in 0.21s, 179 queries (+179 other) 
2025-08-26 02:45:42,345 1 INFO odoo odoo.modules.loading: Loading module base_import (4/11) 
2025-08-26 02:45:42,404 1 INFO odoo odoo.modules.registry: module base_import: creating or updating database tables 
2025-08-26 02:45:42,780 1 INFO odoo odoo.modules.loading: loading base_import/security/ir.model.access.csv 
2025-08-26 02:45:42,802 1 INFO odoo odoo.modules.loading: Module base_import loaded in 0.46s, 805 queries (+805 other) 
2025-08-26 02:45:42,802 1 INFO odoo odoo.modules.loading: Loading module base_import_module (5/11) 
2025-08-26 02:45:42,817 1 INFO odoo odoo.modules.registry: module base_import_module: creating or updating database tables 
2025-08-26 02:45:42,889 1 INFO odoo odoo.modules.loading: loading base_import_module/security/ir.model.access.csv 
2025-08-26 02:45:42,894 1 INFO odoo odoo.modules.loading: loading base_import_module/views/base_import_module_view.xml 
2025-08-26 02:45:42,903 1 INFO odoo odoo.modules.loading: loading base_import_module/views/ir_module_views.xml 
2025-08-26 02:45:42,940 1 INFO odoo odoo.modules.loading: Module base_import_module loaded in 0.14s, 154 queries (+154 other) 
2025-08-26 02:45:42,941 1 INFO odoo odoo.modules.loading: Loading module base_setup (6/11) 
2025-08-26 02:45:42,956 1 INFO odoo odoo.modules.registry: module base_setup: creating or updating database tables 
2025-08-26 02:45:42,986 1 INFO odoo odoo.modules.loading: loading base_setup/data/base_setup_data.xml 
2025-08-26 02:45:42,989 1 INFO odoo odoo.modules.loading: loading base_setup/views/res_config_settings_views.xml 
2025-08-26 02:45:43,004 1 INFO odoo odoo.modules.loading: loading base_setup/views/res_partner_views.xml 
2025-08-26 02:45:43,031 1 INFO odoo odoo.modules.loading: Module base_setup loaded in 0.09s, 139 queries (+139 other) 
2025-08-26 02:45:43,031 1 INFO odoo odoo.modules.loading: Loading module bus (7/11) 
2025-08-26 02:45:43,050 1 INFO odoo odoo.modules.registry: module bus: creating or updating database tables 
2025-08-26 02:45:43,184 1 INFO odoo odoo.modules.loading: loading bus/security/ir.model.access.csv 
2025-08-26 02:45:43,214 1 INFO odoo odoo.modules.loading: Module bus loaded in 0.18s, 116 queries (+116 other) 
2025-08-26 02:45:43,214 1 INFO odoo odoo.modules.loading: Loading module web_tour (8/11) 
2025-08-26 02:45:43,229 1 INFO odoo odoo.modules.registry: module web_tour: creating or updating database tables 
2025-08-26 02:45:43,291 1 INFO odoo odoo.modules.loading: loading web_tour/security/ir.model.access.csv 
2025-08-26 02:45:43,299 1 INFO odoo odoo.modules.loading: loading web_tour/security/ir.rule.csv 
2025-08-26 02:45:43,305 1 INFO odoo odoo.modules.loading: loading web_tour/views/tour_views.xml 
2025-08-26 02:45:43,340 1 INFO odoo odoo.modules.loading: Module web_tour loaded in 0.13s, 104 queries (+104 other) 
2025-08-26 02:45:43,340 1 INFO odoo odoo.modules.loading: Loading module iap (9/11) 
2025-08-26 02:45:43,354 1 INFO odoo odoo.modules.registry: module iap: creating or updating database tables 
2025-08-26 02:45:43,525 1 INFO odoo odoo.modules.loading: loading iap/security/ir.model.access.csv 
2025-08-26 02:45:43,533 1 INFO odoo odoo.modules.loading: loading iap/security/ir_rule.xml 
2025-08-26 02:45:43,538 1 INFO odoo odoo.modules.loading: loading iap/views/iap_views.xml 
2025-08-26 02:45:43,551 1 INFO odoo odoo.modules.loading: loading iap/views/res_config_settings.xml 
2025-08-26 02:45:43,580 1 INFO odoo odoo.modules.loading: Module iap loaded in 0.24s, 151 queries (+151 other) 
2025-08-26 02:45:43,581 1 INFO odoo odoo.modules.loading: Loading module web_editor (10/11) 
2025-08-26 02:45:43,609 1 INFO odoo odoo.modules.registry: module web_editor: creating or updating database tables 
2025-08-26 02:45:43,965 1 INFO odoo odoo.modules.loading: loading web_editor/security/ir.model.access.csv 
2025-08-26 02:45:43,970 1 INFO odoo odoo.modules.loading: loading web_editor/data/editor_assets.xml 
2025-08-26 02:45:43,973 1 INFO odoo odoo.modules.loading: loading web_editor/views/editor.xml 
2025-08-26 02:45:43,980 1 INFO odoo odoo.modules.loading: loading web_editor/views/snippets.xml 
2025-08-26 02:45:44,010 1 INFO odoo odoo.modules.loading: Module web_editor loaded in 0.43s, 911 queries (+911 other) 
2025-08-26 02:45:44,011 1 INFO odoo odoo.modules.loading: Loading module web_unsplash (11/11) 
2025-08-26 02:45:44,023 1 INFO odoo odoo.modules.registry: module web_unsplash: creating or updating database tables 
2025-08-26 02:45:44,047 1 INFO odoo odoo.modules.loading: loading web_unsplash/views/res_config_settings_view.xml 
2025-08-26 02:45:44,077 1 INFO odoo odoo.modules.loading: Module web_unsplash loaded in 0.07s, 95 queries (+95 other) 
2025-08-26 02:45:44,077 1 INFO odoo odoo.modules.loading: 11 modules loaded in 2.50s, 3647 queries (+3647 extra) 
2025-08-26 02:45:44,210 1 INFO odoo odoo.modules.loading: Modules loaded. 
2025-08-26 02:45:44,216 1 INFO odoo odoo.modules.registry: Registry loaded in 12.864s 
2025-08-26 02:46:33,411 1 INFO odoo odoo.addons.base.models.ir_http: Generating routing map for key None 
2025-08-26 02:46:33,436 1 INFO odoo werkzeug: 172.18.0.1 - - [26/Aug/2025 02:46:33] "GET / HTTP/1.1" 303 - 8 0.003 0.026
2025-08-26 02:46:33,442 1 INFO odoo werkzeug: 172.18.0.1 - - [26/Aug/2025 02:46:33] "GET /web HTTP/1.1" 303 - 4 0.001 0.003
2025-08-26 02:46:33,517 1 INFO odoo werkzeug: 172.18.0.1 - - [26/Aug/2025 02:46:33] "GET /web/login HTTP/1.1" 200 - 53 0.012 0.060
2025-08-26 02:46:33,641 1 INFO ? werkzeug: 172.18.0.1 - - [26/Aug/2025 02:46:33] "GET /web/static/src/libs/fontawesome/fonts/fontawesome-webfont.woff2?v=4.7.0 HTTP/1.1" 200 - 0 0.000 0.112
2025-08-26 02:46:33,662 1 INFO odoo werkzeug: 172.18.0.1 - - [26/Aug/2025 02:46:33] "GET /web/binary/company_logo HTTP/1.1" 200 - 5 0.004 0.129
2025-08-26 02:46:34,232 1 INFO odoo odoo.addons.base.models.assetsbundle: Generating a new asset bundle attachment /web/assets/5ec42d9/web.assets_frontend_minimal.min.js (id:190) 
2025-08-26 02:46:34,233 1 INFO odoo odoo.addons.base.models.assetsbundle: Generating a new asset bundle attachment /web/assets/572a1b2/web.assets_frontend.min.css (id:189) 
2025-08-26 02:46:34,255 1 INFO odoo werkzeug: 172.18.0.1 - - [26/Aug/2025 02:46:34] "GET /web/assets/5ec42d9/web.assets_frontend_minimal.min.js HTTP/1.1" 200 - 12 0.011 0.050
2025-08-26 02:46:34,260 1 INFO odoo werkzeug: 172.18.0.1 - - [26/Aug/2025 02:46:34] "GET /web/assets/572a1b2/web.assets_frontend.min.css HTTP/1.1" 200 - 15 0.016 0.716
2025-08-26 02:46:34,297 1 INFO ? werkzeug: 172.18.0.1 - - [26/Aug/2025 02:46:34] "GET /web/static/img/favicon.ico HTTP/1.1" 200 - 0 0.000 0.002
2025-08-26 02:46:34,580 1 INFO odoo odoo.addons.base.models.assetsbundle: Generating a new asset bundle attachment /web/assets/6bfffcf/web.assets_frontend_lazy.min.js (id:191) 
2025-08-26 02:46:34,593 1 INFO odoo werkzeug: 172.18.0.1 - - [26/Aug/2025 02:46:34] "GET /web/assets/6bfffcf/web.assets_frontend_lazy.min.js HTTP/1.1" 200 - 12 0.003 0.295
2025-08-26 02:46:34,663 1 INFO odoo werkzeug: 172.18.0.1 - - [26/Aug/2025 02:46:34] "GET /web/webclient/translations/1756176394655 HTTP/1.1" 200 - 7 0.001 0.005
2025-08-26 02:46:44,297 1 INFO odoo odoo.addons.base.models.ir_cron: Starting job `Base: Auto-vacuum internal data`. 
2025-08-26 02:46:44,328 1 INFO odoo odoo.addons.base.models.ir_attachment: filestore gc 59 checked, 0 removed 
2025-08-26 02:46:44,354 1 INFO odoo odoo.addons.base.models.res_users: GC'd 0 user log entries 
2025-08-26 02:46:44,363 1 INFO odoo odoo.addons.auth_totp.models.auth_totp: GC'd 0 totp devices entries 
2025-08-26 02:46:44,369 1 INFO odoo odoo.addons.base.models.ir_cron: Job done: `Base: Auto-vacuum internal data` (0.071s). 
2025-08-26 02:46:44,385 1 INFO odoo odoo.addons.base.models.ir_cron: Starting job `Base: Portal Users Deletion`. 
2025-08-26 02:46:44,387 1 INFO odoo odoo.addons.base.models.ir_cron: Job done: `Base: Portal Users Deletion` (0.002s). 
2025-08-26 02:46:57,595 1 INFO odoo werkzeug: 172.18.0.1 - - [26/Aug/2025 02:46:57] "GET / HTTP/1.1" 303 - 4 0.001 0.004
2025-08-26 02:46:57,602 1 INFO odoo werkzeug: 172.18.0.1 - - [26/Aug/2025 02:46:57] "GET /web HTTP/1.1" 303 - 4 0.001 0.003
2025-08-26 02:46:57,612 1 INFO odoo werkzeug: 172.18.0.1 - - [26/Aug/2025 02:46:57] "GET /web/login HTTP/1.1" 200 - 6 0.001 0.006
2025-08-26 02:46:57,630 1 INFO ? werkzeug: 172.18.0.1 - - [26/Aug/2025 02:46:57] "GET /web/static/src/libs/fontawesome/fonts/fontawesome-webfont.woff2?v=4.7.0 HTTP/1.1" 200 - 0 0.000 0.003
2025-08-26 02:46:57,644 1 INFO odoo werkzeug: 172.18.0.1 - - [26/Aug/2025 02:46:57] "GET /web/binary/company_logo HTTP/1.1" 200 - 5 0.006 0.008
2025-08-26 02:46:57,644 1 INFO odoo werkzeug: 172.18.0.1 - - [26/Aug/2025 02:46:57] "GET /web/assets/572a1b2/web.assets_frontend.min.css HTTP/1.1" 200 - 8 0.007 0.010
2025-08-26 02:46:57,748 1 INFO odoo werkzeug: 172.18.0.1 - - [26/Aug/2025 02:46:57] "GET /web/assets/5ec42d9/web.assets_frontend_minimal.min.js HTTP/1.1" 200 - 7 0.002 0.005
2025-08-26 02:46:57,772 1 INFO odoo werkzeug: 172.18.0.1 - - [26/Aug/2025 02:46:57] "GET /web/assets/6bfffcf/web.assets_frontend_lazy.min.js HTTP/1.1" 200 - 7 0.001 0.005
2025-08-26 02:46:57,849 1 INFO odoo werkzeug: 172.18.0.1 - - [26/Aug/2025 02:46:57] "GET /web/webclient/translations/1756176417841 HTTP/1.1" 200 - 6 0.001 0.004
2025-08-26 02:46:58,443 1 INFO ? werkzeug: 172.18.0.1 - - [26/Aug/2025 02:46:58] "GET /web/static/img/favicon.ico HTTP/1.1" 200 - 0 0.000 0.001
2025-08-26 02:48:01,475 1 INFO odoo werkzeug: 172.18.0.1 - - [26/Aug/2025 02:48:01] "GET /web/login HTTP/1.1" 200 - 6 0.003 0.012
2025-08-26 02:48:01,501 1 INFO odoo werkzeug: 172.18.0.1 - - [26/Aug/2025 02:48:01] "GET /web/binary/company_logo HTTP/1.1" 304 - 5 0.001 0.003
2025-08-26 02:48:01,723 1 INFO odoo werkzeug: 172.18.0.1 - - [26/Aug/2025 02:48:01] "GET /web/webclient/translations/1756176481676 HTTP/1.1" 200 - 6 0.001 0.043
2025-08-26 02:48:24,304 1 INFO odoo odoo.addons.base.models.res_users: Login failed for db:odoo login:odoo from 172.18.0.1 
2025-08-26 02:48:24,308 1 INFO odoo werkzeug: 172.18.0.1 - - [26/Aug/2025 02:48:24] "POST /web/login HTTP/1.1" 200 - 9 0.002 0.008
2025-08-26 02:48:24,325 1 INFO odoo werkzeug: 172.18.0.1 - - [26/Aug/2025 02:48:24] "GET /web/binary/company_logo HTTP/1.1" 304 - 5 0.002 0.005
2025-08-26 02:48:24,399 1 INFO odoo werkzeug: 172.18.0.1 - - [26/Aug/2025 02:48:24] "GET /web/webclient/translations/1756176504361 HTTP/1.1" 200 - 6 0.001 0.004
2025-08-26 02:48:46,432 1 INFO odoo werkzeug: 172.18.0.1 - - [26/Aug/2025 02:48:46] "GET /web/database/manager HTTP/1.1" 200 - 6 0.003 0.432
2025-08-26 02:48:46,453 1 INFO ? werkzeug: 172.18.0.1 - - [26/Aug/2025 02:48:46] "GET /web/static/lib/bootstrap/dist/css/bootstrap.css HTTP/1.1" 200 - 0 0.000 0.002
2025-08-26 02:48:46,454 1 INFO ? werkzeug: 172.18.0.1 - - [26/Aug/2025 02:48:46] "GET /web/static/src/libs/fontawesome/css/font-awesome.css HTTP/1.1" 200 - 0 0.000 0.004
2025-08-26 02:48:46,456 1 INFO ? werkzeug: 172.18.0.1 - - [26/Aug/2025 02:48:46] "GET /web/static/lib/bootstrap/js/dist/dom/event-handler.js HTTP/1.1" 200 - 0 0.000 0.004
2025-08-26 02:48:46,456 1 INFO ? werkzeug: 172.18.0.1 - - [26/Aug/2025 02:48:46] "GET /web/static/lib/bootstrap/js/dist/dom/data.js HTTP/1.1" 200 - 0 0.000 0.005
2025-08-26 02:48:46,457 1 INFO ? werkzeug: 172.18.0.1 - - [26/Aug/2025 02:48:46] "GET /web/static/lib/bootstrap/js/dist/dom/selector-engine.js HTTP/1.1" 200 - 0 0.000 0.002
2025-08-26 02:48:46,458 1 INFO ? werkzeug: 172.18.0.1 - - [26/Aug/2025 02:48:46] "GET /web/static/lib/bootstrap/js/dist/dom/manipulator.js HTTP/1.1" 200 - 0 0.000 0.003
2025-08-26 02:48:46,469 1 INFO ? werkzeug: 172.18.0.1 - - [26/Aug/2025 02:48:46] "GET /web/static/lib/bootstrap/js/dist/modal.js HTTP/1.1" 200 - 0 0.000 0.003
2025-08-26 02:48:46,470 1 INFO ? werkzeug: 172.18.0.1 - - [26/Aug/2025 02:48:46] "GET /web/static/src/public/database_manager.js HTTP/1.1" 200 - 0 0.000 0.003
2025-08-26 02:48:46,470 1 INFO ? werkzeug: 172.18.0.1 - - [26/Aug/2025 02:48:46] "GET /web/static/lib/bootstrap/js/dist/base-component.js HTTP/1.1" 200 - 0 0.000 0.004
2025-08-26 02:48:46,471 1 INFO ? werkzeug: 172.18.0.1 - - [26/Aug/2025 02:48:46] "GET /web/static/img/logo2.png HTTP/1.1" 200 - 0 0.000 0.003
2025-08-26 02:48:48,811 1 INFO odoo werkzeug: 172.18.0.1 - - [26/Aug/2025 02:48:48] "GET /web/webclient/translations/1756176528728 HTTP/1.1" 200 - 6 0.002 0.005
2025-08-26 02:51:44,438 1 WARNING odoo odoo.service.server: Thread <Thread(odoo.service.http.request.140231281268288, started 140231281268288)> virtual real time limit (175/120s) reached. 
2025-08-26 02:51:44,438 1 INFO odoo odoo.service.server: Dumping stacktrace of limit exceeding threads before reloading 
2025-08-26 02:51:44,441 1 INFO odoo odoo.tools.misc: 
# Thread: <Thread(odoo.service.http.request.140231281268288, started 140231281268288)> (db:n/a) (uid:n/a) (url:n/a) (qc:n/a qt:n/a pt:n/a)
File: "/usr/lib/python3.10/threading.py", line 973, in _bootstrap
  self._bootstrap_inner()
File: "/usr/lib/python3.10/threading.py", line 1016, in _bootstrap_inner
  self.run()
File: "/usr/lib/python3.10/threading.py", line 953, in run
  self._target(*self._args, **self._kwargs)
File: "/usr/lib/python3.10/socketserver.py", line 683, in process_request_thread
  self.finish_request(request, client_address)
File: "/usr/lib/python3.10/socketserver.py", line 360, in finish_request
  self.RequestHandlerClass(request, client_address, self)
File: "/usr/lib/python3/dist-packages/odoo/service/server.py", line 127, in __init__
  super().__init__(*args, **kwargs)
File: "/usr/lib/python3.10/socketserver.py", line 747, in __init__
  self.handle()
File: "/usr/lib/python3/dist-packages/werkzeug/serving.py", line 342, in handle
  BaseHTTPRequestHandler.handle(self)
File: "/usr/lib/python3.10/http/server.py", line 433, in handle
  self.handle_one_request()
File: "/usr/lib/python3/dist-packages/werkzeug/serving.py", line 370, in handle_one_request
  self.raw_requestline = self.rfile.readline()
File: "/usr/lib/python3.10/socket.py", line 705, in readinto
  return self._sock.recv_into(b) 
2025-08-26 02:51:44,441 1 INFO odoo odoo.service.server: Initiating server reload 
2025-08-26 02:51:44,921 1 INFO odoo odoo.sql_db: ConnectionPool(used=0/count=0/max=64): Closed 5 connections  
2025-08-26 02:51:45,302 1 INFO ? odoo: Odoo version 17.0-20250819 
2025-08-26 02:51:45,302 1 INFO ? odoo: Using configuration file at /etc/odoo/odoo.conf 
2025-08-26 02:51:45,302 1 INFO ? odoo: addons paths: ['/usr/lib/python3/dist-packages/odoo/addons', '/var/lib/odoo/addons/17.0', '/mnt/extra-addons'] 
2025-08-26 02:51:45,302 1 INFO ? odoo: database: odoo@db:5432 
2025-08-26 02:51:45,370 1 INFO ? odoo.addons.base.models.ir_actions_report: Will use the Wkhtmltopdf binary at /usr/local/bin/wkhtmltopdf 
2025-08-26 02:51:45,470 1 INFO ? odoo.service.server: HTTP service (werkzeug) running on a02b661dc439:8069 
2025-08-26 02:51:45,480 1 INFO odoo odoo.modules.loading: loading 1 modules... 
2025-08-26 02:51:45,484 1 INFO odoo odoo.modules.loading: 1 modules loaded in 0.00s, 0 queries (+0 extra) 
2025-08-26 02:51:45,487 1 INFO odoo odoo.modules.loading: loading 11 modules... 
2025-08-26 02:51:45,524 1 INFO odoo odoo.modules.loading: 11 modules loaded in 0.04s, 0 queries (+0 extra) 
2025-08-26 02:51:45,541 1 INFO odoo odoo.modules.loading: Modules loaded. 
2025-08-26 02:51:45,542 1 INFO odoo odoo.modules.registry: Registry loaded in 0.073s 
2025-08-26 03:20:40,531 1 INFO odoo odoo.service.server: Initiating shutdown 
2025-08-26 03:20:40,531 1 INFO odoo odoo.service.server: Hit CTRL-C again or send a second signal to force the shutdown. 
2025-08-26 03:20:40,636 1 INFO odoo odoo.sql_db: ConnectionPool(used=0/count=0/max=64): Closed 3 connections  
2025-08-26 03:21:01,006 1 INFO ? odoo: Odoo version 17.0-20250819 
2025-08-26 03:21:01,006 1 INFO ? odoo: Using configuration file at /etc/odoo/odoo.conf 
2025-08-26 03:21:01,006 1 INFO ? odoo: addons paths: ['/usr/lib/python3/dist-packages/odoo/addons', '/var/lib/odoo/addons/17.0', '/mnt/extra-addons'] 
2025-08-26 03:21:01,006 1 INFO ? odoo: database: odoo@db:5432 
2025-08-26 03:21:01,088 1 INFO ? odoo.addons.base.models.ir_actions_report: Will use the Wkhtmltopdf binary at /usr/local/bin/wkhtmltopdf 
2025-08-26 03:21:01,203 1 INFO ? odoo.service.server: HTTP service (werkzeug) running on 88908eb9f943:8069 
2025-08-26 03:21:01,218 1 INFO odoo odoo.modules.loading: loading 1 modules... 
2025-08-26 03:21:01,218 1 INFO odoo odoo.modules.loading: Loading module base (1/1) 
2025-08-26 03:21:01,233 1 INFO odoo odoo.modules.registry: module base: creating or updating database tables 
2025-08-26 03:21:01,521 1 INFO odoo odoo.modules.loading: loading base/data/res_bank.xml 
2025-08-26 03:21:01,523 1 INFO odoo odoo.modules.loading: loading base/data/res.lang.csv 
2025-08-26 03:21:01,631 1 INFO odoo odoo.modules.loading: loading base/data/res_lang_data.xml 
2025-08-26 03:21:01,645 1 INFO odoo odoo.modules.loading: loading base/data/res_partner_data.xml 
2025-08-26 03:21:01,679 1 INFO odoo odoo.modules.loading: loading base/data/res_currency_data.xml 
2025-08-26 03:21:01,909 1 INFO odoo odoo.modules.loading: loading base/data/res_company_data.xml 
2025-08-26 03:21:01,914 1 INFO odoo odoo.modules.loading: loading base/data/res_users_data.xml 
2025-08-26 03:21:02,753 1 INFO odoo odoo.modules.loading: loading base/data/report_paperformat_data.xml 
2025-08-26 03:21:02,757 1 INFO odoo odoo.modules.loading: loading base/data/res_country_data.xml 
2025-08-26 03:21:02,937 1 INFO odoo odoo.modules.loading: loading base/data/ir_demo_data.xml 
2025-08-26 03:21:02,946 1 INFO odoo odoo.modules.loading: loading base/security/base_groups.xml 
2025-08-26 03:21:03,075 1 INFO odoo odoo.modules.loading: loading base/security/base_security.xml 
2025-08-26 03:21:03,136 1 INFO odoo odoo.modules.loading: loading base/views/base_menus.xml 
2025-08-26 03:21:03,170 1 INFO odoo odoo.modules.loading: loading base/views/decimal_precision_views.xml 
2025-08-26 03:21:03,180 1 INFO odoo odoo.modules.loading: loading base/views/res_config_views.xml 
2025-08-26 03:21:03,187 1 INFO odoo odoo.modules.loading: loading base/data/res.country.state.csv 
2025-08-26 03:21:03,748 1 INFO odoo odoo.modules.loading: loading base/views/ir_actions_views.xml 
2025-08-26 03:21:03,854 1 INFO odoo odoo.modules.loading: loading base/views/ir_asset_views.xml 
2025-08-26 03:21:03,867 1 INFO odoo odoo.modules.loading: loading base/views/ir_config_parameter_views.xml 
2025-08-26 03:21:03,879 1 INFO odoo odoo.modules.loading: loading base/views/ir_cron_views.xml 
2025-08-26 03:21:03,900 1 INFO odoo odoo.modules.loading: loading base/views/ir_cron_trigger_views.xml 
2025-08-26 03:21:03,912 1 INFO odoo odoo.modules.loading: loading base/views/ir_filters_views.xml 
2025-08-26 03:21:03,926 1 INFO odoo odoo.modules.loading: loading base/views/ir_mail_server_views.xml 
2025-08-26 03:21:03,941 1 INFO odoo odoo.modules.loading: loading base/views/ir_model_views.xml 
2025-08-26 03:21:04,048 1 INFO odoo odoo.modules.loading: loading base/views/ir_attachment_views.xml 
2025-08-26 03:21:04,065 1 INFO odoo odoo.modules.loading: loading base/views/ir_rule_views.xml 
2025-08-26 03:21:04,090 1 INFO odoo odoo.modules.loading: loading base/views/ir_sequence_views.xml 
2025-08-26 03:21:04,105 1 INFO odoo odoo.modules.loading: loading base/views/ir_ui_menu_views.xml 
2025-08-26 03:21:04,120 1 INFO odoo odoo.modules.loading: loading base/views/ir_ui_view_views.xml 
2025-08-26 03:21:04,153 1 INFO odoo odoo.modules.loading: loading base/views/ir_default_views.xml 
2025-08-26 03:21:04,168 1 INFO odoo odoo.modules.loading: loading base/data/ir_cron_data.xml 
2025-08-26 03:21:04,176 1 INFO odoo odoo.modules.loading: loading base/report/ir_model_report.xml 
2025-08-26 03:21:04,179 1 INFO odoo odoo.modules.loading: loading base/report/ir_model_templates.xml 
2025-08-26 03:21:04,187 1 INFO odoo odoo.modules.loading: loading base/views/ir_logging_views.xml 
2025-08-26 03:21:04,202 1 INFO odoo odoo.modules.loading: loading base/views/ir_qweb_widget_templates.xml 
2025-08-26 03:21:04,216 1 INFO odoo odoo.modules.loading: loading base/views/ir_module_views.xml 
2025-08-26 03:21:04,249 1 INFO odoo odoo.modules.loading: loading base/data/ir_module_category_data.xml 
2025-08-26 03:21:04,387 1 INFO odoo odoo.modules.loading: loading base/data/ir_module_module.xml 
2025-08-26 03:21:04,405 1 INFO odoo odoo.modules.loading: loading base/report/ir_module_reports.xml 
2025-08-26 03:21:04,406 1 INFO odoo odoo.modules.loading: loading base/report/ir_module_report_templates.xml 
2025-08-26 03:21:04,412 1 INFO odoo odoo.modules.loading: loading base/wizard/base_module_update_views.xml 
2025-08-26 03:21:04,419 1 INFO odoo odoo.modules.loading: loading base/wizard/base_language_install_views.xml 
2025-08-26 03:21:04,427 1 INFO odoo odoo.modules.loading: loading base/wizard/base_import_language_views.xml 
2025-08-26 03:21:04,434 1 INFO odoo odoo.modules.loading: loading base/wizard/base_module_upgrade_views.xml 
2025-08-26 03:21:04,444 1 INFO odoo odoo.modules.loading: loading base/wizard/base_module_uninstall_views.xml 
2025-08-26 03:21:04,449 1 INFO odoo odoo.modules.loading: loading base/wizard/base_export_language_views.xml 
2025-08-26 03:21:04,457 1 INFO odoo odoo.modules.loading: loading base/wizard/base_partner_merge_views.xml 
2025-08-26 03:21:04,467 1 INFO odoo odoo.modules.loading: loading base/data/ir_demo_failure_data.xml 
2025-08-26 03:21:04,477 1 INFO odoo odoo.modules.loading: loading base/views/ir_profile_views.xml 
2025-08-26 03:21:04,493 1 INFO odoo odoo.modules.loading: loading base/views/res_company_views.xml 
2025-08-26 03:21:04,512 1 INFO odoo odoo.modules.loading: loading base/views/res_lang_views.xml 
2025-08-26 03:21:04,533 1 INFO odoo odoo.modules.loading: loading base/views/res_partner_views.xml 
2025-08-26 03:21:04,627 1 INFO odoo odoo.modules.loading: loading base/views/res_bank_views.xml 
2025-08-26 03:21:04,654 1 INFO odoo odoo.modules.loading: loading base/views/res_country_views.xml 
2025-08-26 03:21:04,691 1 INFO odoo odoo.modules.loading: loading base/views/res_currency_views.xml 
2025-08-26 03:21:04,724 1 INFO odoo odoo.modules.loading: loading base/views/res_users_views.xml 
2025-08-26 03:21:04,821 1 INFO odoo odoo.modules.loading: loading base/views/res_users_identitycheck_views.xml 
2025-08-26 03:21:04,832 1 INFO odoo odoo.modules.loading: loading base/views/ir_property_views.xml 
2025-08-26 03:21:04,848 1 INFO odoo odoo.modules.loading: loading base/views/res_config_settings_views.xml 
2025-08-26 03:21:04,853 1 INFO odoo odoo.modules.loading: loading base/views/report_paperformat_views.xml 
2025-08-26 03:21:04,874 1 INFO odoo odoo.modules.loading: loading base/security/ir.model.access.csv 
2025-08-26 03:21:04,971 1 INFO odoo odoo.modules.loading: Module base: loading demo 
2025-08-26 03:21:04,971 1 INFO odoo odoo.modules.loading: loading base/data/res_users_demo.xml 
2025-08-26 03:21:06,206 1 INFO odoo odoo.modules.loading: loading base/data/res_partner_bank_demo.xml 
2025-08-26 03:21:06,208 1 INFO odoo odoo.modules.loading: loading base/data/res_currency_demo.xml 
2025-08-26 03:21:06,211 1 INFO odoo odoo.modules.loading: loading base/data/res_currency_rate_demo.xml 
2025-08-26 03:21:06,281 1 INFO odoo odoo.modules.loading: loading base/data/res_bank_demo.xml 
2025-08-26 03:21:06,283 1 INFO odoo odoo.modules.loading: loading base/data/res_partner_demo.xml 
2025-08-26 03:21:06,452 1 INFO odoo odoo.modules.loading: loading base/data/res_partner_image_demo.xml 
2025-08-26 03:21:06,834 1 INFO odoo odoo.modules.loading: Module base loaded in 5.62s, 10647 queries (+10647 other) 
2025-08-26 03:21:06,834 1 INFO odoo odoo.modules.loading: 1 modules loaded in 5.62s, 10647 queries (+10647 extra) 
2025-08-26 03:21:06,846 1 INFO odoo odoo.modules.loading: updating modules list 
2025-08-26 03:21:06,847 1 INFO odoo odoo.addons.base.models.ir_module: ALLOW access to module.update_list on [] to user __system__ #1 via n/a 
2025-08-26 03:21:07,369 1 INFO odoo odoo.modules.loading: loading 11 modules... 
2025-08-26 03:21:07,415 1 INFO odoo odoo.modules.loading: 11 modules loaded in 0.05s, 0 queries (+0 extra) 
2025-08-26 03:21:07,595 1 INFO odoo odoo.modules.loading: Modules loaded. 
2025-08-26 03:21:07,609 1 INFO odoo odoo.modules.registry: Registry loaded in 6.406s 
2025-08-26 03:22:07,710 1 INFO odoo odoo.addons.base.models.ir_cron: Starting job `Base: Auto-vacuum internal data`. 
2025-08-26 03:22:07,724 1 INFO odoo odoo.addons.base.models.ir_attachment: filestore gc 55 checked, 0 removed 
2025-08-26 03:22:07,749 1 INFO odoo odoo.addons.base.models.res_users: GC'd 0 user log entries 
2025-08-26 03:22:07,760 1 INFO odoo odoo.addons.auth_totp.models.auth_totp: GC'd 0 totp devices entries 
2025-08-26 03:22:07,767 1 INFO odoo odoo.addons.base.models.ir_cron: Job done: `Base: Auto-vacuum internal data` (0.057s). 
2025-08-26 03:25:59,178 1 INFO odoo odoo.addons.base.models.ir_http: Generating routing map for key None 
2025-08-26 03:25:59,623 1 INFO odoo odoo.addons.base.models.res_users: Login successful for db:odoo login:admin from 172.18.0.1 
2025-08-26 03:25:59,639 1 INFO odoo odoo.modules.registry: Caches invalidated, signaling through the database: ['default'] 
2025-08-26 03:25:59,640 1 INFO odoo werkzeug: 172.18.0.1 - - [26/Aug/2025 03:25:59] "POST /web/login HTTP/1.1" 303 - 56 0.017 0.446
2025-08-26 03:25:59,767 1 INFO odoo werkzeug: 172.18.0.1 - - [26/Aug/2025 03:25:59] "GET /web HTTP/1.1" 200 - 76 0.021 0.103
2025-08-26 03:25:59,924 1 INFO odoo werkzeug: 172.18.0.1 - - [26/Aug/2025 03:25:59] "GET /web/webclient/translations/c097a4426362f8e75854b784c5418b565eb85939?lang=en_US HTTP/1.1" 200 - 3 0.004 0.131
2025-08-26 03:25:59,931 1 INFO odoo werkzeug: 172.18.0.1 - - [26/Aug/2025 03:25:59] "GET /web/webclient/load_menus/172bef6a7af96680ac3a6d836ca7e789cae2e213afe9556bbb3468597f3484c3 HTTP/1.1" 200 - 2 0.001 0.144
2025-08-26 03:26:00,777 1 INFO odoo odoo.addons.base.models.assetsbundle: Generating a new asset bundle attachment /web/assets/99164c1/web.assets_web.min.css (id:192) 
2025-08-26 03:26:00,795 1 INFO odoo werkzeug: 172.18.0.1 - - [26/Aug/2025 03:26:00] "GET /web/assets/99164c1/web.assets_web.min.css HTTP/1.1" 200 - 15 0.023 0.988
2025-08-26 03:26:01,543 1 INFO odoo odoo.addons.base.models.assetsbundle: Generating a new asset bundle attachment /web/assets/f0c3177/web.assets_web.min.js (id:193) 
2025-08-26 03:26:01,559 1 INFO odoo werkzeug: 172.18.0.1 - - [26/Aug/2025 03:26:01] "GET /web/assets/f0c3177/web.assets_web.min.js HTTP/1.1" 200 - 11 0.007 1.767
2025-08-26 03:26:01,706 1 INFO odoo odoo.addons.base.models.assetsbundle: Generating a new asset bundle attachment /web/assets/ba037c6/bus.websocket_worker_assets.min.js (id:194) 
2025-08-26 03:26:01,720 1 INFO odoo werkzeug: 172.18.0.1 - - [26/Aug/2025 03:26:01] "GET /bus/websocket_worker_bundle?v=17.0-1 HTTP/1.1" 200 - 8 0.002 0.022
2025-08-26 03:26:01,739 1 INFO ? werkzeug: 172.18.0.1 - - [26/Aug/2025 03:26:01] "GET /web/static/lib/odoo_ui_icons/fonts/odoo_ui_icons.woff2 HTTP/1.1" 200 - 0 0.000 0.009
2025-08-26 03:26:01,745 1 INFO odoo werkzeug: 172.18.0.1 - - [26/Aug/2025 03:26:01] "POST /web/action/load HTTP/1.1" 200 - 9 0.010 0.010
2025-08-26 03:26:01,751 1 INFO odoo werkzeug: 172.18.0.1 - - [26/Aug/2025 03:26:01] "GET /websocket?version=17.0-1 HTTP/1.1" 101 - 1 0.001 0.012
2025-08-26 03:26:01,762 1 INFO odoo werkzeug: 172.18.0.1 - - [26/Aug/2025 03:26:01] "GET /web/image?model=res.users&field=avatar_128&id=2 HTTP/1.1" 200 - 16 0.018 0.019
2025-08-26 03:26:01,825 1 INFO odoo werkzeug: 172.18.0.1 - - [26/Aug/2025 03:26:01] "POST /web/dataset/call_kw/ir.module.module/get_views HTTP/1.1" 200 - 47 0.013 0.029
2025-08-26 03:26:01,839 1 INFO odoo werkzeug: 172.18.0.1 - - [26/Aug/2025 03:26:01] "POST /web/dataset/call_kw/ir.module.module/search_panel_select_range HTTP/1.1" 200 - 1 0.001 0.004
2025-08-26 03:26:01,857 1 INFO odoo werkzeug: 172.18.0.1 - - [26/Aug/2025 03:26:01] "POST /web/dataset/call_kw/ir.module.module/search_panel_select_range HTTP/1.1" 200 - 39 0.010 0.012
2025-08-26 03:26:01,868 1 INFO odoo werkzeug: 172.18.0.1 - - [26/Aug/2025 03:26:01] "POST /web/dataset/call_kw/ir.module.module/web_search_read HTTP/1.1" 200 - 4 0.003 0.026
2025-08-26 03:26:01,983 1 INFO ? werkzeug: 172.18.0.1 - - [26/Aug/2025 03:26:01] "GET /sale_management/static/description/icon.png HTTP/1.1" 200 - 0 0.000 0.001
2025-08-26 03:26:01,986 1 INFO ? werkzeug: 172.18.0.1 - - [26/Aug/2025 03:26:01] "GET /account/static/description/icon.png HTTP/1.1" 200 - 0 0.000 0.002
2025-08-26 03:26:01,992 1 INFO ? werkzeug: 172.18.0.1 - - [26/Aug/2025 03:26:01] "GET /pos_restaurant/static/description/icon.png HTTP/1.1" 200 - 0 0.000 0.003
2025-08-26 03:26:01,996 1 INFO ? werkzeug: 172.18.0.1 - - [26/Aug/2025 03:26:01] "GET /crm/static/description/icon.png HTTP/1.1" 200 - 0 0.000 0.006
2025-08-26 03:26:01,999 1 INFO ? werkzeug: 172.18.0.1 - - [26/Aug/2025 03:26:01] "GET /base/static/img/icons/mrp_workorder.png HTTP/1.1" 200 - 0 0.000 0.005
2025-08-26 03:26:02,000 1 INFO ? werkzeug: 172.18.0.1 - - [26/Aug/2025 03:26:02] "GET /website/static/description/icon.png HTTP/1.1" 200 - 0 0.000 0.005
2025-08-26 03:26:02,007 1 INFO ? werkzeug: 172.18.0.1 - - [26/Aug/2025 03:26:02] "GET /stock/static/description/icon.png HTTP/1.1" 200 - 0 0.000 0.010
2025-08-26 03:26:02,008 1 INFO ? werkzeug: 172.18.0.1 - - [26/Aug/2025 03:26:02] "GET /base/static/img/icons/account_accountant.png HTTP/1.1" 200 - 0 0.000 0.007
2025-08-26 03:26:02,009 1 INFO ? werkzeug: 172.18.0.1 - - [26/Aug/2025 03:26:02] "GET /base/static/img/icons/knowledge.png HTTP/1.1" 200 - 0 0.000 0.004
2025-08-26 03:26:02,010 1 INFO ? werkzeug: 172.18.0.1 - - [26/Aug/2025 03:26:02] "GET /purchase/static/description/icon.png HTTP/1.1" 200 - 0 0.000 0.003
2025-08-26 03:26:02,011 1 INFO ? werkzeug: 172.18.0.1 - - [26/Aug/2025 03:26:02] "GET /project/static/description/icon.png HTTP/1.1" 200 - 0 0.000 0.003
2025-08-26 03:26:02,029 1 INFO ? werkzeug: 172.18.0.1 - - [26/Aug/2025 03:26:02] "GET /website_sale/static/description/icon.png HTTP/1.1" 200 - 0 0.000 0.003
2025-08-26 03:26:02,031 1 INFO ? werkzeug: 172.18.0.1 - - [26/Aug/2025 03:26:02] "GET /mass_mailing/static/description/icon.png HTTP/1.1" 200 - 0 0.000 0.003
2025-08-26 03:26:02,032 1 INFO ? werkzeug: 172.18.0.1 - - [26/Aug/2025 03:26:02] "GET /base/static/img/icons/timesheet_grid.png HTTP/1.1" 200 - 0 0.000 0.003
2025-08-26 03:26:02,033 1 INFO ? werkzeug: 172.18.0.1 - - [26/Aug/2025 03:26:02] "GET /mrp/static/description/icon.png HTTP/1.1" 200 - 0 0.000 0.006
2025-08-26 03:26:02,039 1 INFO ? werkzeug: 172.18.0.1 - - [26/Aug/2025 03:26:02] "GET /hr_expense/static/description/icon.png HTTP/1.1" 200 - 0 0.000 0.009
2025-08-26 03:26:02,039 1 INFO ? werkzeug: 172.18.0.1 - - [26/Aug/2025 03:26:02] "GET /hr_holidays/static/description/icon.png HTTP/1.1" 200 - 0 0.000 0.008
2025-08-26 03:26:02,042 1 INFO ? werkzeug: 172.18.0.1 - - [26/Aug/2025 03:26:02] "GET /hr_recruitment/static/description/icon.png HTTP/1.1" 200 - 0 0.000 0.010
2025-08-26 03:26:02,044 1 INFO ? werkzeug: 172.18.0.1 - - [26/Aug/2025 03:26:02] "GET /hr/static/description/icon.png HTTP/1.1" 200 - 0 0.000 0.003
2025-08-26 03:26:02,045 1 INFO ? werkzeug: 172.18.0.1 - - [26/Aug/2025 03:26:02] "GET /base/static/img/icons/industry_fsm.png HTTP/1.1" 200 - 0 0.000 0.006
2025-08-26 03:26:02,046 1 INFO ? werkzeug: 172.18.0.1 - - [26/Aug/2025 03:26:02] "GET /data_recycle/static/description/icon.png HTTP/1.1" 200 - 0 0.000 0.006
2025-08-26 03:26:02,049 1 INFO ? werkzeug: 172.18.0.1 - - [26/Aug/2025 03:26:02] "GET /maintenance/static/description/icon.png HTTP/1.1" 200 - 0 0.000 0.005
2025-08-26 03:26:02,050 1 INFO ? werkzeug: 172.18.0.1 - - [26/Aug/2025 03:26:02] "GET /base/static/img/icons/helpdesk.png HTTP/1.1" 200 - 0 0.000 0.003
2025-08-26 03:26:02,051 1 INFO ? werkzeug: 172.18.0.1 - - [26/Aug/2025 03:26:02] "GET /base/static/img/icons/sign.png HTTP/1.1" 200 - 0 0.000 0.005
2025-08-26 03:26:02,054 1 INFO ? werkzeug: 172.18.0.1 - - [26/Aug/2025 03:26:02] "GET /base/static/img/icons/sale_subscription.png HTTP/1.1" 200 - 0 0.000 0.006
2025-08-26 03:26:02,058 1 INFO ? werkzeug: 172.18.0.1 - - [26/Aug/2025 03:26:02] "GET /point_of_sale/static/description/icon.png HTTP/1.1" 200 - 0 0.000 0.006
2025-08-26 03:26:02,060 1 INFO ? werkzeug: 172.18.0.1 - - [26/Aug/2025 03:26:02] "GET /base/static/img/icons/web_studio.png HTTP/1.1" 200 - 0 0.000 0.007
2025-08-26 03:26:02,062 1 INFO ? werkzeug: 172.18.0.1 - - [26/Aug/2025 03:26:02] "GET /website_slides/static/description/icon.png HTTP/1.1" 200 - 0 0.000 0.003
2025-08-26 03:26:02,063 1 INFO ? werkzeug: 172.18.0.1 - - [26/Aug/2025 03:26:02] "GET /base/static/img/icons/quality_control.png HTTP/1.1" 200 - 0 0.000 0.008
2025-08-26 03:26:02,068 1 INFO ? odoo.addons.bus.models.bus: Bus.loop listen imbus on db postgres 
2025-08-26 03:26:02,073 1 INFO ? werkzeug: 172.18.0.1 - - [26/Aug/2025 03:26:02] "GET /website_event/static/description/icon.png HTTP/1.1" 200 - 0 0.000 0.009
2025-08-26 03:26:02,074 1 INFO ? werkzeug: 172.18.0.1 - - [26/Aug/2025 03:26:02] "GET /base/static/img/icons/planning.png HTTP/1.1" 200 - 0 0.000 0.013
2025-08-26 03:26:02,076 1 INFO ? werkzeug: 172.18.0.1 - - [26/Aug/2025 03:26:02] "GET /mail/static/description/icon.png HTTP/1.1" 200 - 0 0.000 0.010
2025-08-26 03:26:02,076 1 INFO ? werkzeug: 172.18.0.1 - - [26/Aug/2025 03:26:02] "GET /contacts/static/description/icon.png HTTP/1.1" 200 - 0 0.000 0.008
2025-08-26 03:26:02,076 1 INFO ? werkzeug: 172.18.0.1 - - [26/Aug/2025 03:26:02] "GET /base/static/img/icons/mrp_plm.png HTTP/1.1" 200 - 0 0.000 0.004
2025-08-26 03:26:02,078 1 INFO ? werkzeug: 172.18.0.1 - - [26/Aug/2025 03:26:02] "GET /calendar/static/description/icon.png HTTP/1.1" 200 - 0 0.000 0.004
2025-08-26 03:26:02,089 1 INFO ? werkzeug: 172.18.0.1 - - [26/Aug/2025 03:26:02] "GET /base/static/img/icons/social.png HTTP/1.1" 200 - 0 0.000 0.005
2025-08-26 03:26:02,089 1 INFO ? werkzeug: 172.18.0.1 - - [26/Aug/2025 03:26:02] "GET /base/static/img/icons/hr_appraisal.png HTTP/1.1" 200 - 0 0.000 0.006
2025-08-26 03:26:02,095 1 INFO ? werkzeug: 172.18.0.1 - - [26/Aug/2025 03:26:02] "GET /im_livechat/static/description/icon.png HTTP/1.1" 200 - 0 0.000 0.005
2025-08-26 03:26:02,095 1 INFO ? werkzeug: 172.18.0.1 - - [26/Aug/2025 03:26:02] "GET /fleet/static/description/icon.png HTTP/1.1" 200 - 0 0.000 0.007
2025-08-26 03:26:02,102 1 INFO ? werkzeug: 172.18.0.1 - - [26/Aug/2025 03:26:02] "GET /base/static/img/icons/marketing_automation.png HTTP/1.1" 200 - 0 0.000 0.013
2025-08-26 03:26:02,106 1 INFO ? werkzeug: 172.18.0.1 - - [26/Aug/2025 03:26:02] "GET /base/static/img/icons/appointment.png HTTP/1.1" 200 - 0 0.000 0.009
2025-08-26 03:26:02,108 1 INFO ? werkzeug: 172.18.0.1 - - [26/Aug/2025 03:26:02] "GET /survey/static/description/icon.png HTTP/1.1" 200 - 0 0.000 0.007
2025-08-26 03:26:02,110 1 INFO ? werkzeug: 172.18.0.1 - - [26/Aug/2025 03:26:02] "GET /base/static/img/icons/web_mobile.png HTTP/1.1" 200 - 0 0.000 0.006
2025-08-26 03:26:02,111 1 INFO ? werkzeug: 172.18.0.1 - - [26/Aug/2025 03:26:02] "GET /hr_attendance/static/description/icon.png HTTP/1.1" 200 - 0 0.000 0.004
2025-08-26 03:26:02,111 1 INFO ? werkzeug: 172.18.0.1 - - [26/Aug/2025 03:26:02] "GET /repair/static/description/icon.png HTTP/1.1" 200 - 0 0.000 0.005
2025-08-26 03:26:02,116 1 INFO ? werkzeug: 172.18.0.1 - - [26/Aug/2025 03:26:02] "GET /mass_mailing_sms/static/description/icon.png HTTP/1.1" 200 - 0 0.000 0.004
2025-08-26 03:26:02,116 1 INFO ? werkzeug: 172.18.0.1 - - [26/Aug/2025 03:26:02] "GET /base/static/img/icons/stock_barcode.png HTTP/1.1" 200 - 0 0.000 0.003
2025-08-26 03:26:02,122 1 INFO ? werkzeug: 172.18.0.1 - - [26/Aug/2025 03:26:02] "GET /project_todo/static/description/icon.png HTTP/1.1" 200 - 0 0.000 0.008
2025-08-26 03:26:02,123 1 INFO ? werkzeug: 172.18.0.1 - - [26/Aug/2025 03:26:02] "GET /hr_skills/static/description/icon.png HTTP/1.1" 200 - 0 0.000 0.007
2025-08-26 03:26:02,123 1 INFO ? werkzeug: 172.18.0.1 - - [26/Aug/2025 03:26:02] "GET /base/static/img/icons/voip.png HTTP/1.1" 200 - 0 0.000 0.006
2025-08-26 03:26:02,124 1 INFO ? werkzeug: 172.18.0.1 - - [26/Aug/2025 03:26:02] "GET /lunch/static/description/icon.png HTTP/1.1" 200 - 0 0.000 0.006
2025-08-26 03:26:02,128 1 INFO ? werkzeug: 172.18.0.1 - - [26/Aug/2025 03:26:02] "GET /base/static/img/icons/sale_amazon.png HTTP/1.1" 200 - 0 0.000 0.004
2025-08-26 03:26:02,128 1 INFO ? werkzeug: 172.18.0.1 - - [26/Aug/2025 03:26:02] "GET /website_hr_recruitment/static/description/icon.png HTTP/1.1" 200 - 0 0.000 0.006
2025-08-26 03:26:02,131 1 INFO ? werkzeug: 172.18.0.1 - - [26/Aug/2025 03:26:02] "GET /base/static/img/icons/sale_ebay.png HTTP/1.1" 200 - 0 0.000 0.005
2025-08-26 03:26:02,133 1 INFO ? werkzeug: 172.18.0.1 - - [26/Aug/2025 03:26:02] "GET /hr_contract/static/description/icon.png HTTP/1.1" 200 - 0 0.000 0.003
2025-08-26 03:26:20,426 1 INFO odoo werkzeug: 172.18.0.1 - - [26/Aug/2025 03:26:20] "POST /web/dataset/call_kw/res.users/has_group HTTP/1.1" 200 - 2 0.002 0.003
2025-08-26 03:26:20,432 1 INFO odoo werkzeug: 172.18.0.1 - - [26/Aug/2025 03:26:20] "POST /web/dataset/call_kw/ir.module.module/web_search_read HTTP/1.1" 200 - 3 0.002 0.008
2025-08-26 03:26:22,205 1 INFO odoo werkzeug: 172.18.0.1 - - [26/Aug/2025 03:26:22] "POST /web/dataset/call_kw/ir.module.module/web_search_read HTTP/1.1" 200 - 3 0.003 0.016
2025-08-26 03:26:28,911 1 INFO odoo werkzeug: 172.18.0.1 - - [26/Aug/2025 03:26:28] "POST /web/dataset/call_kw/ir.module.module/web_search_read HTTP/1.1" 200 - 4 0.005 0.015
2025-08-26 03:26:28,919 1 INFO odoo werkzeug: 172.18.0.1 - - [26/Aug/2025 03:26:28] "POST /web/dataset/call_kw/ir.module.module/search_panel_select_range HTTP/1.1" 200 - 36 0.019 0.012
2025-08-26 03:26:30,754 1 INFO odoo werkzeug: 172.18.0.1 - - [26/Aug/2025 03:26:30] "POST /web/dataset/call_kw/ir.module.module/web_search_read HTTP/1.1" 200 - 4 0.005 0.017
2025-08-26 03:26:32,433 1 INFO odoo werkzeug: 172.18.0.1 - - [26/Aug/2025 03:26:32] "POST /web/dataset/call_kw/ir.module.module/web_search_read HTTP/1.1" 200 - 4 0.005 0.025
2025-08-26 03:26:32,519 1 INFO ? werkzeug: 172.18.0.1 - - [26/Aug/2025 03:26:32] "GET /base/static/description/icon.png HTTP/1.1" 200 - 0 0.000 0.001
2025-08-26 03:27:08,546 1 INFO odoo werkzeug: 172.18.0.1 - - [26/Aug/2025 03:27:08] "POST /web/dataset/call_kw/ir.module.module/search_panel_select_range HTTP/1.1" 200 - 36 0.020 0.019
2025-08-26 03:27:08,569 1 INFO odoo werkzeug: 172.18.0.1 - - [26/Aug/2025 03:27:08] "POST /web/dataset/call_kw/ir.module.module/web_search_read HTTP/1.1" 200 - 3 0.004 0.014
2025-08-26 03:27:08,600 1 INFO ? werkzeug: 172.18.0.1 - - [26/Aug/2025 03:27:08] "GET /web_unsplash/static/description/icon.png HTTP/1.1" 200 - 0 0.000 0.001
2025-08-26 03:27:48,225 1 INFO odoo werkzeug: 172.18.0.1 - - [26/Aug/2025 03:27:48] "POST /web/dataset/call_kw/ir.module.module/search_panel_select_range HTTP/1.1" 200 - 36 0.016 0.014
2025-08-26 03:27:48,233 1 INFO odoo werkzeug: 172.18.0.1 - - [26/Aug/2025 03:27:48] "POST /web/dataset/call_kw/ir.module.module/web_search_read HTTP/1.1" 200 - 4 0.006 0.031
2025-08-26 03:27:53,130 1 INFO odoo werkzeug: 172.18.0.1 - - [26/Aug/2025 03:27:53] "POST /web/dataset/call_kw/ir.module.module/search_panel_select_range HTTP/1.1" 200 - 36 0.017 0.015
2025-08-26 03:27:53,141 1 INFO odoo werkzeug: 172.18.0.1 - - [26/Aug/2025 03:27:53] "POST /web/dataset/call_kw/ir.module.module/web_search_read HTTP/1.1" 200 - 3 0.002 0.004
2025-08-26 03:27:53,164 1 INFO ? werkzeug: 172.18.0.1 - - [26/Aug/2025 03:27:53] "GET /website_sale_stock/static/description/icon.png HTTP/1.1" 200 - 0 0.000 0.001
2025-08-26 03:28:04,934 1 INFO odoo odoo.addons.base.models.ir_module: ALLOW access to module.button_immediate_install on ['Inventory'] to user admin #2 via 172.18.0.1 
2025-08-26 03:28:04,934 1 INFO odoo odoo.addons.base.models.ir_module: User #2 triggered module installation 
2025-08-26 03:28:04,935 1 INFO odoo odoo.addons.base.models.ir_module: ALLOW access to module.button_install on ['Inventory'] to user admin #2 via 172.18.0.1 
2025-08-26 03:28:05,035 1 INFO odoo odoo.modules.loading: loading 1 modules... 
2025-08-26 03:28:05,040 1 INFO odoo odoo.modules.loading: 1 modules loaded in 0.01s, 0 queries (+0 extra) 
2025-08-26 03:28:05,053 1 INFO odoo odoo.modules.loading: updating modules list 
2025-08-26 03:28:05,054 1 INFO odoo odoo.addons.base.models.ir_module: ALLOW access to module.update_list on [] to user __system__ #1 via 172.18.0.1 
2025-08-26 03:28:05,358 1 INFO odoo odoo.modules.loading: loading 11 modules... 
2025-08-26 03:28:05,363 1 INFO odoo odoo.modules.loading: 11 modules loaded in 0.00s, 0 queries (+0 extra) 
2025-08-26 03:28:05,365 1 INFO odoo odoo.modules.loading: loading 34 modules... 
2025-08-26 03:28:05,366 1 INFO odoo odoo.modules.loading: Loading module uom (2/34) 
2025-08-26 03:28:05,384 1 INFO odoo odoo.modules.registry: module uom: creating or updating database tables 
2025-08-26 03:28:05,497 1 INFO odoo odoo.modules.loading: loading uom/data/uom_data.xml 
2025-08-26 03:28:05,536 1 INFO odoo odoo.modules.loading: loading uom/security/uom_security.xml 
2025-08-26 03:28:05,548 1 INFO odoo odoo.modules.loading: loading uom/security/ir.model.access.csv 
2025-08-26 03:28:05,553 1 INFO odoo odoo.modules.loading: loading uom/views/uom_uom_views.xml 
2025-08-26 03:28:05,597 1 INFO odoo odoo.modules.loading: Module uom loaded in 0.23s, 277 queries (+277 other) 
2025-08-26 03:28:05,597 1 INFO odoo odoo.modules.loading: Loading module barcodes (5/34) 
2025-08-26 03:28:05,612 1 INFO odoo odoo.modules.registry: module barcodes: creating or updating database tables 
2025-08-26 03:28:05,724 1 INFO odoo odoo.modules.loading: loading barcodes/data/barcodes_data.xml 
2025-08-26 03:28:05,729 1 INFO odoo odoo.modules.loading: loading barcodes/views/barcodes_view.xml 
2025-08-26 03:28:05,739 1 INFO odoo odoo.modules.loading: loading barcodes/security/ir.model.access.csv 
2025-08-26 03:28:05,765 1 INFO odoo odoo.modules.loading: Module barcodes loaded in 0.17s, 132 queries (+132 other) 
2025-08-26 03:28:05,765 1 INFO odoo odoo.modules.loading: Loading module http_routing (10/34) 
2025-08-26 03:28:05,777 1 INFO odoo odoo.modules.registry: module http_routing: creating or updating database tables 
2025-08-26 03:28:05,787 1 INFO odoo odoo.modules.loading: loading http_routing/views/http_routing_template.xml 
2025-08-26 03:28:05,804 1 INFO odoo odoo.modules.loading: loading http_routing/views/res_lang_views.xml 
2025-08-26 03:28:05,833 1 INFO odoo odoo.modules.loading: Module http_routing loaded in 0.07s, 72 queries (+72 other) 
2025-08-26 03:28:05,833 1 INFO odoo odoo.modules.loading: Loading module resource (11/34) 
2025-08-26 03:28:05,851 1 INFO odoo odoo.modules.registry: module resource: creating or updating database tables 
2025-08-26 03:28:06,146 1 INFO odoo odoo.modules.loading: loading resource/data/resource_data.xml 
2025-08-26 03:28:06,157 1 INFO odoo odoo.modules.loading: loading resource/security/ir.model.access.csv 
2025-08-26 03:28:06,163 1 INFO odoo odoo.modules.loading: loading resource/security/resource_security.xml 
2025-08-26 03:28:06,180 1 INFO odoo odoo.modules.loading: loading resource/views/resource_resource_views.xml 
2025-08-26 03:28:06,192 1 INFO odoo odoo.modules.loading: loading resource/views/resource_calendar_leaves_views.xml 
2025-08-26 03:28:06,208 1 INFO odoo odoo.modules.loading: loading resource/views/resource_calendar_attendance_views.xml 
2025-08-26 03:28:06,214 1 INFO odoo odoo.modules.loading: loading resource/views/resource_calendar_views.xml 
2025-08-26 03:28:06,225 1 INFO odoo odoo.modules.loading: loading resource/views/menuitems.xml 
2025-08-26 03:28:06,234 1 INFO odoo odoo.modules.loading: Module resource: loading demo 
2025-08-26 03:28:06,234 1 INFO odoo odoo.modules.loading: loading resource/data/resource_demo.xml 
2025-08-26 03:28:06,268 1 INFO odoo odoo.modules.loading: Module resource loaded in 0.43s, 417 queries (+417 other) 
2025-08-26 03:28:06,268 1 INFO odoo odoo.modules.loading: Loading module barcodes_gs1_nomenclature (13/34) 
2025-08-26 03:28:06,282 1 INFO odoo odoo.modules.registry: module barcodes_gs1_nomenclature: creating or updating database tables 
2025-08-26 03:28:06,304 1 INFO odoo odoo.modules.loading: loading barcodes_gs1_nomenclature/data/barcodes_gs1_rules.xml 
2025-08-26 03:28:06,337 1 INFO odoo odoo.modules.loading: loading barcodes_gs1_nomenclature/views/barcodes_view.xml 
2025-08-26 03:28:06,366 1 INFO odoo odoo.modules.loading: Module barcodes_gs1_nomenclature loaded in 0.10s, 189 queries (+189 other) 
2025-08-26 03:28:06,366 1 INFO odoo odoo.modules.loading: Loading module mail (15/34) 
2025-08-26 03:28:06,433 1 INFO odoo odoo.modules.registry: module mail: creating or updating database tables 
2025-08-26 03:28:07,552 1 INFO odoo odoo.models: Prepare computation of ir.actions.server.partner_ids 
2025-08-26 03:28:07,553 1 INFO odoo odoo.models: Prepare computation of ir.actions.server.template_id 
2025-08-26 03:28:07,553 1 INFO odoo odoo.models: Prepare computation of ir.actions.server.activity_type_id 
2025-08-26 03:28:07,553 1 INFO odoo odoo.models: Prepare computation of ir.actions.server.activity_date_deadline_range 
2025-08-26 03:28:07,553 1 INFO odoo odoo.models: Prepare computation of ir.actions.server.activity_user_id 
2025-08-26 03:28:07,553 1 INFO odoo odoo.models: Prepare computation of ir.actions.server.mail_post_method 
2025-08-26 03:28:07,553 1 INFO odoo odoo.models: Prepare computation of ir.actions.server.activity_summary 
2025-08-26 03:28:07,554 1 INFO odoo odoo.models: Prepare computation of ir.actions.server.activity_date_deadline_range_type 
2025-08-26 03:28:07,554 1 INFO odoo odoo.models: Prepare computation of ir.actions.server.activity_user_type 
2025-08-26 03:28:07,554 1 INFO odoo odoo.models: Prepare computation of ir.actions.server.activity_user_field_name 
2025-08-26 03:28:07,554 1 INFO odoo odoo.models: Prepare computation of ir.actions.server.activity_note 
2025-08-26 03:28:07,554 1 INFO odoo odoo.models: Prepare computation of ir.actions.server.mail_post_autofollow 
2025-08-26 03:28:07,590 1 INFO odoo odoo.models: Prepare computation of res.company.email_primary_color 
2025-08-26 03:28:07,590 1 INFO odoo odoo.models: Prepare computation of res.company.email_secondary_color 
2025-08-26 03:28:07,598 1 INFO odoo odoo.models: Prepare computation of res.users.notification_type 
2025-08-26 03:28:07,946 1 INFO odoo odoo.models: Prepare computation of res.partner.email_normalized 
2025-08-26 03:28:09,601 1 INFO odoo odoo.modules.loading: loading mail/data/mail_groups.xml 
2025-08-26 03:28:09,686 1 INFO odoo odoo.modules.loading: loading mail/wizard/mail_activity_schedule_views.xml 
2025-08-26 03:28:09,692 1 INFO odoo odoo.modules.loading: loading mail/wizard/mail_blacklist_remove_views.xml 
2025-08-26 03:28:09,696 1 INFO odoo odoo.modules.loading: loading mail/wizard/mail_compose_message_views.xml 
2025-08-26 03:28:09,706 1 INFO odoo odoo.modules.loading: loading mail/wizard/mail_resend_message_views.xml 
2025-08-26 03:28:09,712 1 INFO odoo odoo.modules.loading: loading mail/wizard/mail_resend_partner_views.xml 
2025-08-26 03:28:09,762 1 INFO odoo odoo.modules.loading: loading mail/wizard/mail_template_preview_views.xml 
2025-08-26 03:28:09,768 1 INFO odoo odoo.modules.loading: loading mail/wizard/mail_wizard_invite_views.xml 
2025-08-26 03:28:09,771 1 INFO odoo odoo.modules.loading: loading mail/wizard/mail_template_reset_views.xml 
2025-08-26 03:28:09,777 1 INFO odoo odoo.modules.loading: loading mail/views/fetchmail_views.xml 
2025-08-26 03:28:09,787 1 INFO odoo odoo.modules.loading: loading mail/views/mail_message_subtype_views.xml 
2025-08-26 03:28:09,795 1 INFO odoo odoo.modules.loading: loading mail/views/mail_tracking_value_views.xml 
2025-08-26 03:28:09,802 1 INFO odoo odoo.modules.loading: loading mail/views/mail_notification_views.xml 
2025-08-26 03:28:09,809 1 INFO odoo odoo.modules.loading: loading mail/views/mail_message_views.xml 
2025-08-26 03:28:09,827 1 INFO odoo odoo.modules.loading: loading mail/views/mail_message_schedule_views.xml 
2025-08-26 03:28:09,837 1 INFO odoo odoo.modules.loading: loading mail/views/mail_mail_views.xml 
2025-08-26 03:28:09,853 1 INFO odoo odoo.modules.loading: loading mail/views/mail_followers_views.xml 
2025-08-26 03:28:09,862 1 INFO odoo odoo.modules.loading: loading mail/views/mail_ice_server_views.xml 
2025-08-26 03:28:09,870 1 INFO odoo odoo.modules.loading: loading mail/views/discuss_channel_member_views.xml 
2025-08-26 03:28:09,877 1 INFO odoo odoo.modules.loading: loading mail/views/discuss_channel_rtc_session_views.xml 
2025-08-26 03:28:09,885 1 INFO odoo odoo.modules.loading: loading mail/views/mail_link_preview_views.xml 
2025-08-26 03:28:09,892 1 INFO odoo odoo.modules.loading: loading mail/views/discuss/discuss_gif_favorite_views.xml 
2025-08-26 03:28:09,899 1 INFO odoo odoo.modules.loading: loading mail/views/discuss_channel_views.xml 
2025-08-26 03:28:09,914 1 INFO odoo odoo.modules.loading: loading mail/views/mail_shortcode_views.xml 
2025-08-26 03:28:09,923 1 INFO odoo odoo.modules.loading: loading mail/views/mail_activity_views.xml 
2025-08-26 03:28:09,978 1 INFO odoo odoo.modules.loading: loading mail/views/mail_activity_plan_views.xml 
2025-08-26 03:28:09,992 1 INFO odoo odoo.modules.loading: loading mail/views/mail_activity_plan_template_views.xml 
2025-08-26 03:28:09,999 1 INFO odoo odoo.modules.loading: loading mail/views/res_config_settings_views.xml 
2025-08-26 03:28:10,013 1 INFO odoo odoo.modules.loading: loading mail/data/ir_config_parameter_data.xml 
2025-08-26 03:28:10,016 1 INFO odoo odoo.modules.loading: loading mail/data/res_partner_data.xml 
2025-08-26 03:28:10,060 1 INFO odoo odoo.modules.loading: loading mail/data/mail_message_subtype_data.xml 
2025-08-26 03:28:10,065 1 INFO odoo odoo.modules.loading: loading mail/data/mail_templates_chatter.xml 
2025-08-26 03:28:10,074 1 INFO odoo odoo.modules.loading: loading mail/data/mail_templates_email_layouts.xml 
2025-08-26 03:28:10,084 1 INFO odoo odoo.modules.loading: loading mail/data/mail_templates_mailgateway.xml 
2025-08-26 03:28:10,090 1 INFO odoo odoo.modules.loading: loading mail/data/discuss_channel_data.xml 
2025-08-26 03:28:10,134 1 INFO odoo odoo.modules.loading: loading mail/data/mail_activity_data.xml 
2025-08-26 03:28:10,145 1 INFO odoo odoo.modules.loading: loading mail/data/security_notifications_templates.xml 
2025-08-26 03:28:10,148 1 INFO odoo odoo.modules.loading: loading mail/data/ir_cron_data.xml 
2025-08-26 03:28:10,170 1 INFO odoo odoo.modules.loading: loading mail/security/mail_security.xml 
2025-08-26 03:28:10,239 1 INFO odoo odoo.modules.loading: loading mail/security/ir.model.access.csv 
2025-08-26 03:28:10,270 1 INFO odoo odoo.modules.loading: loading mail/views/discuss_public_templates.xml 
2025-08-26 03:28:10,274 1 INFO odoo odoo.modules.loading: loading mail/views/mail_alias_domain_views.xml 
2025-08-26 03:28:10,282 1 INFO odoo odoo.modules.loading: loading mail/views/mail_alias_views.xml 
2025-08-26 03:28:10,292 1 INFO odoo odoo.modules.loading: loading mail/views/mail_gateway_allowed_views.xml 
2025-08-26 03:28:10,299 1 INFO odoo odoo.modules.loading: loading mail/views/mail_guest_views.xml 
2025-08-26 03:28:10,306 1 INFO odoo odoo.modules.loading: loading mail/views/mail_message_reaction_views.xml 
2025-08-26 03:28:10,313 1 INFO odoo odoo.modules.loading: loading mail/views/mail_templates_public.xml 
2025-08-26 03:28:10,318 1 INFO odoo odoo.modules.loading: loading mail/views/res_users_views.xml 
2025-08-26 03:28:10,329 1 INFO odoo odoo.modules.loading: loading mail/views/res_users_settings_views.xml 
2025-08-26 03:28:10,335 1 INFO odoo odoo.modules.loading: loading mail/views/mail_template_views.xml 
2025-08-26 03:28:10,350 1 INFO odoo odoo.modules.loading: loading mail/views/ir_actions_server_views.xml 
2025-08-26 03:28:10,357 1 INFO odoo odoo.modules.loading: loading mail/views/ir_model_views.xml 
2025-08-26 03:28:10,370 1 INFO odoo odoo.modules.loading: loading mail/views/res_partner_views.xml 
2025-08-26 03:28:10,403 1 INFO odoo odoo.modules.loading: loading mail/views/mail_blacklist_views.xml 
2025-08-26 03:28:10,414 1 INFO odoo odoo.modules.loading: loading mail/views/mail_menus.xml 
2025-08-26 03:28:10,475 1 INFO odoo odoo.modules.loading: loading mail/views/res_company_views.xml 
2025-08-26 03:28:10,480 1 INFO odoo odoo.modules.loading: Module mail: loading demo 
2025-08-26 03:28:10,480 1 INFO odoo odoo.modules.loading: loading mail/data/discuss_channel_demo.xml 
2025-08-26 03:28:10,565 1 INFO odoo odoo.modules.loading: Module mail loaded in 4.20s, 4242 queries (+4243 other) 
2025-08-26 03:28:10,565 1 INFO odoo odoo.modules.loading: Loading module auth_signup (17/34) 
2025-08-26 03:28:10,590 1 INFO odoo odoo.modules.registry: module auth_signup: creating or updating database tables 
2025-08-26 03:28:10,633 1 INFO odoo odoo.modules.loading: loading auth_signup/data/ir_config_parameter_data.xml 
2025-08-26 03:28:10,637 1 INFO odoo odoo.modules.loading: loading auth_signup/data/ir_cron_data.xml 
2025-08-26 03:28:10,643 1 INFO odoo odoo.modules.loading: loading auth_signup/data/mail_template_data.xml 
2025-08-26 03:28:10,650 1 INFO odoo odoo.modules.loading: loading auth_signup/views/res_config_settings_views.xml 
2025-08-26 03:28:10,658 1 INFO odoo odoo.modules.loading: loading auth_signup/views/res_users_views.xml 
2025-08-26 03:28:10,671 1 INFO odoo odoo.modules.loading: loading auth_signup/views/auth_signup_login_templates.xml 
2025-08-26 03:28:10,682 1 INFO odoo odoo.modules.loading: loading auth_signup/views/auth_signup_templates_email.xml 
2025-08-26 03:28:10,688 1 INFO odoo odoo.modules.loading: loading auth_signup/views/webclient_templates.xml 
2025-08-26 03:28:10,705 1 INFO odoo odoo.modules.loading: Module auth_signup loaded in 0.14s, 202 queries (+202 other) 
2025-08-26 03:28:10,705 1 INFO odoo odoo.modules.loading: Loading module auth_totp_mail (18/34) 
2025-08-26 03:28:10,728 1 INFO odoo odoo.modules.registry: module auth_totp_mail: creating or updating database tables 
2025-08-26 03:28:10,748 1 INFO odoo odoo.modules.loading: loading auth_totp_mail/data/ir_action_data.xml 
2025-08-26 03:28:10,762 1 INFO odoo odoo.modules.loading: loading auth_totp_mail/data/mail_template_data.xml 
2025-08-26 03:28:10,767 1 INFO odoo odoo.modules.loading: loading auth_totp_mail/data/security_notifications_template.xml 
2025-08-26 03:28:10,774 1 INFO odoo odoo.modules.loading: loading auth_totp_mail/views/res_users_views.xml 
2025-08-26 03:28:10,807 1 INFO odoo odoo.modules.loading: Module auth_totp_mail loaded in 0.10s, 112 queries (+112 other) 
2025-08-26 03:28:10,807 1 INFO odoo odoo.modules.loading: Loading module base_install_request (19/34) 
2025-08-26 03:28:10,834 1 INFO odoo odoo.modules.registry: module base_install_request: creating or updating database tables 
2025-08-26 03:28:10,947 1 INFO odoo odoo.modules.loading: loading base_install_request/security/ir.model.access.csv 
2025-08-26 03:28:10,953 1 INFO odoo odoo.modules.loading: loading base_install_request/wizard/base_module_install_request_views.xml 
2025-08-26 03:28:10,961 1 INFO odoo odoo.modules.loading: loading base_install_request/data/mail_template_data.xml 
2025-08-26 03:28:10,966 1 INFO odoo odoo.modules.loading: loading base_install_request/data/mail_templates_module_install.xml 
2025-08-26 03:28:10,969 1 INFO odoo odoo.modules.loading: loading base_install_request/views/ir_module_module_views.xml 
2025-08-26 03:28:10,999 1 INFO odoo odoo.modules.loading: Module base_install_request loaded in 0.19s, 139 queries (+139 other) 
2025-08-26 03:28:10,999 1 INFO odoo odoo.modules.loading: Loading module google_gmail (20/34) 
2025-08-26 03:28:11,023 1 INFO odoo odoo.modules.registry: module google_gmail: creating or updating database tables 
2025-08-26 03:28:11,055 1 INFO odoo odoo.modules.loading: loading google_gmail/views/fetchmail_server_views.xml 
2025-08-26 03:28:11,063 1 INFO odoo odoo.modules.loading: loading google_gmail/views/ir_mail_server_views.xml 
2025-08-26 03:28:11,068 1 INFO odoo odoo.modules.loading: loading google_gmail/views/res_config_settings_views.xml 
2025-08-26 03:28:11,098 1 INFO odoo odoo.modules.loading: Module google_gmail loaded in 0.10s, 118 queries (+118 other) 
2025-08-26 03:28:11,099 1 INFO odoo odoo.modules.loading: Loading module iap_mail (21/34) 
2025-08-26 03:28:11,121 1 INFO odoo odoo.modules.registry: module iap_mail: creating or updating database tables 
2025-08-26 03:28:11,134 1 INFO odoo odoo.modules.loading: loading iap_mail/data/mail_templates.xml 
2025-08-26 03:28:11,169 1 INFO odoo odoo.modules.loading: Module iap_mail loaded in 0.07s, 36 queries (+36 other) 
2025-08-26 03:28:11,169 1 INFO odoo odoo.modules.loading: Loading module mail_bot (22/34) 
2025-08-26 03:28:11,199 1 INFO odoo odoo.modules.registry: module mail_bot: creating or updating database tables 
2025-08-26 03:28:11,247 1 INFO odoo odoo.modules.loading: loading mail_bot/views/res_users_views.xml 
2025-08-26 03:28:11,260 1 INFO odoo odoo.modules.loading: loading mail_bot/data/mailbot_data.xml 
2025-08-26 03:28:11,263 1 INFO odoo odoo.modules.loading: Module mail_bot: loading demo 
2025-08-26 03:28:11,263 1 INFO odoo odoo.modules.loading: loading mail_bot/data/mailbot_demo.xml 
2025-08-26 03:28:11,285 1 INFO odoo odoo.modules.loading: Module mail_bot loaded in 0.12s, 164 queries (+164 other) 
2025-08-26 03:28:11,285 1 INFO odoo odoo.modules.loading: Loading module phone_validation (23/34) 
2025-08-26 03:28:11,343 1 INFO odoo odoo.modules.registry: module phone_validation: creating or updating database tables 
2025-08-26 03:28:11,998 1 INFO odoo odoo.modules.loading: loading phone_validation/security/ir.model.access.csv 
2025-08-26 03:28:12,006 1 INFO odoo odoo.modules.loading: loading phone_validation/views/phone_blacklist_views.xml 
2025-08-26 03:28:12,030 1 INFO odoo odoo.modules.loading: loading phone_validation/wizard/phone_blacklist_remove_view.xml 
2025-08-26 03:28:12,056 1 INFO odoo odoo.modules.loading: Module phone_validation loaded in 0.77s, 1361 queries (+1361 other) 
2025-08-26 03:28:12,056 1 INFO odoo odoo.modules.loading: Loading module privacy_lookup (24/34) 
2025-08-26 03:28:12,086 1 INFO odoo odoo.modules.registry: module privacy_lookup: creating or updating database tables 
2025-08-26 03:28:12,255 1 INFO odoo odoo.modules.loading: loading privacy_lookup/wizard/privacy_lookup_wizard_views.xml 
2025-08-26 03:28:12,276 1 INFO odoo odoo.modules.loading: loading privacy_lookup/views/privacy_log_views.xml 
2025-08-26 03:28:12,288 1 INFO odoo odoo.modules.loading: loading privacy_lookup/security/ir.model.access.csv 
2025-08-26 03:28:12,295 1 INFO odoo odoo.modules.loading: loading privacy_lookup/data/ir_actions_server_data.xml 
2025-08-26 03:28:12,330 1 INFO odoo odoo.modules.loading: Module privacy_lookup loaded in 0.27s, 241 queries (+241 other) 
2025-08-26 03:28:12,330 1 INFO odoo odoo.modules.loading: Loading module product (25/34) 
2025-08-26 03:28:12,395 1 INFO odoo odoo.modules.registry: module product: creating or updating database tables 
2025-08-26 03:28:13,768 1 INFO odoo odoo.modules.loading: loading product/data/product_data.xml 
2025-08-26 03:28:13,780 1 INFO odoo odoo.modules.loading: loading product/security/product_security.xml 
2025-08-26 03:28:13,838 1 INFO odoo odoo.modules.loading: loading product/security/ir.model.access.csv 
2025-08-26 03:28:13,851 1 INFO odoo odoo.modules.loading: loading product/wizard/product_label_layout_views.xml 
2025-08-26 03:28:13,859 1 INFO odoo odoo.modules.loading: loading product/views/product_tag_views.xml 
2025-08-26 03:28:13,866 1 INFO odoo odoo.modules.loading: loading product/views/product_views.xml 
2025-08-26 03:28:13,916 1 INFO odoo odoo.modules.loading: loading product/views/res_config_settings_views.xml 
2025-08-26 03:28:13,928 1 INFO odoo odoo.modules.loading: loading product/views/product_attribute_views.xml 
2025-08-26 03:28:13,948 1 INFO odoo odoo.modules.loading: loading product/views/product_attribute_value_views.xml 
2025-08-26 03:28:13,951 1 INFO odoo odoo.modules.loading: loading product/views/product_category_views.xml 
2025-08-26 03:28:13,960 1 INFO odoo odoo.modules.loading: loading product/views/product_document_views.xml 
2025-08-26 03:28:13,972 1 INFO odoo odoo.modules.loading: loading product/views/product_packaging_views.xml 
2025-08-26 03:28:13,989 1 INFO odoo odoo.modules.loading: loading product/views/product_pricelist_item_views.xml 
2025-08-26 03:28:14,002 1 INFO odoo odoo.modules.loading: loading product/views/product_pricelist_views.xml 
2025-08-26 03:28:14,016 1 INFO odoo odoo.modules.loading: loading product/views/product_supplierinfo_views.xml 
2025-08-26 03:28:14,031 1 INFO odoo odoo.modules.loading: loading product/views/product_template_views.xml 
2025-08-26 03:28:14,052 1 INFO odoo odoo.modules.loading: loading product/views/res_country_group_views.xml 
2025-08-26 03:28:14,057 1 INFO odoo odoo.modules.loading: loading product/views/res_partner_views.xml 
2025-08-26 03:28:14,064 1 INFO odoo odoo.modules.loading: loading product/report/product_reports.xml 
2025-08-26 03:28:14,076 1 INFO odoo odoo.modules.loading: loading product/report/product_product_templates.xml 
2025-08-26 03:28:14,091 1 INFO odoo odoo.modules.loading: loading product/report/product_template_templates.xml 
2025-08-26 03:28:14,100 1 INFO odoo odoo.modules.loading: loading product/report/product_packaging.xml 
2025-08-26 03:28:14,104 1 INFO odoo odoo.modules.loading: loading product/report/product_pricelist_report_templates.xml 
2025-08-26 03:28:14,110 1 INFO odoo odoo.modules.loading: Module product: loading demo 
2025-08-26 03:28:14,111 1 INFO odoo odoo.modules.loading: loading product/data/product_demo.xml 
2025-08-26 03:28:14,379 1 INFO odoo odoo.models.unlink: User #1 deleted mail.message records with IDs: [28] 
2025-08-26 03:28:14,386 1 INFO odoo odoo.models.unlink: User #1 deleted ir.property records with IDs: [9] 
2025-08-26 03:28:14,386 1 INFO odoo odoo.models.unlink: User #1 deleted product.product records with IDs: [9] 
2025-08-26 03:28:14,420 1 INFO odoo odoo.models.unlink: User #1 deleted mail.message records with IDs: [30, 29] 
2025-08-26 03:28:14,424 1 INFO odoo odoo.models.unlink: User #1 deleted product.product records with IDs: [10, 11] 
2025-08-26 03:28:14,791 1 INFO odoo odoo.models.unlink: User #1 deleted mail.message records with IDs: [48] 
2025-08-26 03:28:14,797 1 INFO odoo odoo.models.unlink: User #1 deleted ir.property records with IDs: [19] 
2025-08-26 03:28:14,797 1 INFO odoo odoo.models.unlink: User #1 deleted product.product records with IDs: [22] 
2025-08-26 03:28:14,859 1 INFO odoo odoo.models.unlink: User #1 deleted mail.message records with IDs: [34] 
2025-08-26 03:28:14,862 1 INFO odoo odoo.models.unlink: User #1 deleted product.product records with IDs: [15] 
2025-08-26 03:28:15,341 1 INFO odoo odoo.modules.loading: Module product loaded in 3.01s, 3151 queries (+3151 other) 
2025-08-26 03:28:15,341 1 INFO odoo odoo.modules.loading: Loading module partner_autocomplete (27/34) 
2025-08-26 03:28:15,370 1 INFO odoo odoo.modules.registry: module partner_autocomplete: creating or updating database tables 
2025-08-26 03:28:15,474 1 INFO odoo odoo.modules.loading: loading partner_autocomplete/security/ir.model.access.csv 
2025-08-26 03:28:15,481 1 INFO odoo odoo.modules.loading: loading partner_autocomplete/views/res_partner_views.xml 
2025-08-26 03:28:15,493 1 INFO odoo odoo.modules.loading: loading partner_autocomplete/views/res_company_views.xml 
2025-08-26 03:28:15,499 1 INFO odoo odoo.modules.loading: loading partner_autocomplete/views/res_config_settings_views.xml 
2025-08-26 03:28:15,507 1 INFO odoo odoo.modules.loading: loading partner_autocomplete/data/cron.xml 
2025-08-26 03:28:15,534 1 INFO odoo odoo.modules.loading: Module partner_autocomplete loaded in 0.19s, 191 queries (+191 other) 
2025-08-26 03:28:15,534 1 INFO odoo odoo.modules.loading: Loading module portal (28/34) 
2025-08-26 03:28:15,568 1 INFO odoo odoo.modules.registry: module portal: creating or updating database tables 
2025-08-26 03:28:15,884 1 INFO odoo odoo.modules.loading: loading portal/security/ir.model.access.csv 
2025-08-26 03:28:15,890 1 INFO odoo odoo.modules.loading: loading portal/data/mail_template_data.xml 
2025-08-26 03:28:15,895 1 INFO odoo odoo.modules.loading: loading portal/data/mail_templates.xml 
2025-08-26 03:28:15,899 1 INFO odoo odoo.modules.loading: loading portal/views/mail_templates_public.xml 
2025-08-26 03:28:15,903 1 INFO odoo odoo.modules.loading: loading portal/views/portal_templates.xml 
2025-08-26 03:28:15,977 1 INFO odoo odoo.modules.loading: loading portal/views/res_config_settings_views.xml 
2025-08-26 03:28:15,985 1 INFO odoo odoo.modules.loading: loading portal/wizard/portal_share_views.xml 
2025-08-26 03:28:15,992 1 INFO odoo odoo.modules.loading: loading portal/wizard/portal_wizard_views.xml 
2025-08-26 03:28:16,037 1 INFO odoo odoo.modules.loading: Module portal loaded in 0.50s, 484 queries (+484 other) 
2025-08-26 03:28:16,037 1 INFO odoo odoo.modules.loading: Loading module sms (29/34) 
2025-08-26 03:28:16,092 1 INFO odoo odoo.modules.registry: module sms: creating or updating database tables 
2025-08-26 03:28:16,097 1 INFO odoo odoo.models: Prepare computation of ir.actions.server.sms_template_id 
2025-08-26 03:28:16,098 1 INFO odoo odoo.models: Prepare computation of ir.actions.server.sms_method 
2025-08-26 03:28:16,113 1 INFO odoo odoo.models: Prepare computation of res.partner.phone_sanitized 
2025-08-26 03:28:17,085 1 INFO odoo odoo.modules.loading: loading sms/data/ir_cron_data.xml 
2025-08-26 03:28:17,092 1 INFO odoo odoo.modules.loading: loading sms/wizard/sms_composer_views.xml 
2025-08-26 03:28:17,099 1 INFO odoo odoo.modules.loading: loading sms/wizard/sms_template_preview_views.xml 
2025-08-26 03:28:17,104 1 INFO odoo odoo.modules.loading: loading sms/wizard/sms_resend_views.xml 
2025-08-26 03:28:17,111 1 INFO odoo odoo.modules.loading: loading sms/wizard/sms_template_reset_views.xml 
2025-08-26 03:28:17,115 1 INFO odoo odoo.modules.loading: loading sms/views/ir_actions_server_views.xml 
2025-08-26 03:28:17,121 1 INFO odoo odoo.modules.loading: loading sms/views/mail_notification_views.xml 
2025-08-26 03:28:17,129 1 INFO odoo odoo.modules.loading: loading sms/views/res_config_settings_views.xml 
2025-08-26 03:28:17,136 1 INFO odoo odoo.modules.loading: loading sms/views/res_partner_views.xml 
2025-08-26 03:28:17,157 1 INFO odoo odoo.modules.loading: loading sms/views/sms_sms_views.xml 
2025-08-26 03:28:17,174 1 INFO odoo odoo.modules.loading: loading sms/views/sms_template_views.xml 
2025-08-26 03:28:17,189 1 INFO odoo odoo.modules.loading: loading sms/security/ir.model.access.csv 
2025-08-26 03:28:17,201 1 INFO odoo odoo.modules.loading: loading sms/security/sms_security.xml 
2025-08-26 03:28:17,205 1 INFO odoo odoo.modules.loading: Module sms: loading demo 
2025-08-26 03:28:17,206 1 INFO odoo odoo.modules.loading: loading sms/data/sms_demo.xml 
2025-08-26 03:28:17,209 1 INFO odoo odoo.modules.loading: loading sms/data/mail_demo.xml 
2025-08-26 03:28:17,267 1 INFO odoo odoo.modules.loading: Module sms loaded in 1.23s, 2002 queries (+2002 other) 
2025-08-26 03:28:17,267 1 INFO odoo odoo.modules.loading: Loading module snailmail (30/34) 
2025-08-26 03:28:17,303 1 INFO odoo odoo.modules.registry: module snailmail: creating or updating database tables 
2025-08-26 03:28:17,595 1 INFO odoo odoo.modules.loading: loading snailmail/data/snailmail_data.xml 
2025-08-26 03:28:17,601 1 INFO odoo odoo.modules.loading: loading snailmail/views/report_assets.xml 
2025-08-26 03:28:17,610 1 INFO odoo odoo.modules.loading: loading snailmail/views/snailmail_views.xml 
2025-08-26 03:28:17,620 1 INFO odoo odoo.modules.loading: loading snailmail/wizard/snailmail_letter_format_error_views.xml 
2025-08-26 03:28:17,627 1 INFO odoo odoo.modules.loading: loading snailmail/wizard/snailmail_letter_missing_required_fields_views.xml 
2025-08-26 03:28:17,632 1 INFO odoo odoo.modules.loading: loading snailmail/security/ir.model.access.csv 
2025-08-26 03:28:17,673 1 INFO odoo odoo.modules.loading: Module snailmail loaded in 0.41s, 424 queries (+424 other) 
2025-08-26 03:28:17,673 1 INFO odoo odoo.modules.loading: Loading module auth_totp_portal (31/34) 
2025-08-26 03:28:17,711 1 INFO odoo odoo.modules.registry: module auth_totp_portal: creating or updating database tables 
2025-08-26 03:28:17,730 1 INFO odoo odoo.modules.loading: loading auth_totp_portal/security/security.xml 
2025-08-26 03:28:17,740 1 INFO odoo odoo.modules.loading: loading auth_totp_portal/views/templates.xml 
2025-08-26 03:28:17,759 1 INFO odoo odoo.modules.loading: Module auth_totp_portal loaded in 0.09s, 66 queries (+66 other) 
2025-08-26 03:28:17,759 1 INFO odoo odoo.modules.loading: Loading module digest (32/34) 
2025-08-26 03:28:17,792 1 INFO odoo odoo.modules.registry: module digest: creating or updating database tables 
2025-08-26 03:28:17,991 1 INFO odoo odoo.modules.loading: loading digest/security/ir.model.access.csv 
2025-08-26 03:28:17,996 1 INFO odoo odoo.modules.loading: loading digest/data/digest_data.xml 
2025-08-26 03:28:18,009 1 INFO odoo odoo.modules.loading: loading digest/data/digest_tips_data.xml 
2025-08-26 03:28:18,018 1 INFO odoo odoo.modules.loading: loading digest/data/ir_cron_data.xml 
2025-08-26 03:28:18,024 1 INFO odoo odoo.modules.loading: loading digest/data/res_config_settings_data.xml 
2025-08-26 03:28:18,028 1 INFO odoo odoo.modules.loading: loading digest/views/digest_views.xml 
2025-08-26 03:28:18,053 1 INFO odoo odoo.modules.loading: loading digest/views/digest_templates.xml 
2025-08-26 03:28:18,056 1 INFO odoo odoo.modules.loading: loading digest/views/res_config_settings_views.xml 
2025-08-26 03:28:18,090 1 INFO odoo odoo.modules.loading: Module digest loaded in 0.33s, 291 queries (+291 other) 
2025-08-26 03:28:18,090 1 INFO odoo odoo.modules.loading: Loading module stock (33/34) 
2025-08-26 03:28:18,229 1 INFO odoo odoo.modules.registry: module stock: creating or updating database tables 
2025-08-26 03:28:19,029 1 INFO odoo odoo.models: Prepare computation of product.template.tracking 
2025-08-26 03:28:21,522 1 INFO odoo odoo.modules.loading: loading stock/security/stock_security.xml 
2025-08-26 03:28:21,756 1 INFO odoo odoo.modules.loading: loading stock/security/ir.model.access.csv 
2025-08-26 03:28:21,791 1 INFO odoo odoo.modules.loading: loading stock/data/digest_data.xml 
2025-08-26 03:28:21,794 1 INFO odoo odoo.modules.loading: loading stock/data/mail_templates.xml 
2025-08-26 03:28:21,800 1 INFO odoo odoo.modules.loading: loading stock/data/default_barcode_patterns.xml 
2025-08-26 03:28:21,806 1 INFO odoo odoo.modules.loading: loading stock/data/stock_data.xml 
2025-08-26 03:28:21,944 1 INFO odoo odoo.modules.loading: loading stock/data/stock_sequence_data.xml 
2025-08-26 03:28:21,956 1 INFO odoo odoo.modules.loading: loading stock/data/stock_traceability_report_data.xml 
2025-08-26 03:28:21,959 1 INFO odoo odoo.modules.loading: loading stock/report/report_stock_quantity.xml 
2025-08-26 03:28:21,963 1 INFO odoo odoo.modules.loading: loading stock/report/report_stock_reception.xml 
2025-08-26 03:28:21,975 1 INFO odoo odoo.modules.loading: loading stock/report/stock_report_views.xml 
2025-08-26 03:28:21,995 1 INFO odoo odoo.modules.loading: loading stock/report/report_package_barcode.xml 
2025-08-26 03:28:22,003 1 INFO odoo odoo.modules.loading: loading stock/report/report_lot_barcode.xml 
2025-08-26 03:28:22,007 1 INFO odoo odoo.modules.loading: loading stock/report/report_location_barcode.xml 
2025-08-26 03:28:22,012 1 INFO odoo odoo.modules.loading: loading stock/report/report_stockpicking_operations.xml 
2025-08-26 03:28:22,018 1 INFO odoo odoo.modules.loading: loading stock/report/report_deliveryslip.xml 
2025-08-26 03:28:22,031 1 INFO odoo odoo.modules.loading: loading stock/report/report_stockinventory.xml 
2025-08-26 03:28:22,035 1 INFO odoo odoo.modules.loading: loading stock/report/report_stock_rule.xml 
2025-08-26 03:28:22,046 1 INFO odoo odoo.modules.loading: loading stock/report/package_templates.xml 
2025-08-26 03:28:22,049 1 INFO odoo odoo.modules.loading: loading stock/report/picking_templates.xml 
2025-08-26 03:28:22,056 1 INFO odoo odoo.modules.loading: loading stock/report/product_templates.xml 
2025-08-26 03:28:22,061 1 INFO odoo odoo.modules.loading: loading stock/report/product_packaging.xml 
2025-08-26 03:28:22,064 1 INFO odoo odoo.modules.loading: loading stock/report/report_return_slip.xml 
2025-08-26 03:28:22,068 1 INFO odoo odoo.modules.loading: loading stock/data/mail_template_data.xml 
2025-08-26 03:28:22,073 1 INFO odoo odoo.modules.loading: loading stock/views/stock_menu_views.xml 
2025-08-26 03:28:22,116 1 INFO odoo odoo.modules.loading: loading stock/wizard/stock_assign_serial_views.xml 
2025-08-26 03:28:22,121 1 INFO odoo odoo.modules.loading: loading stock/wizard/stock_change_product_qty_views.xml 
2025-08-26 03:28:22,127 1 INFO odoo odoo.modules.loading: loading stock/wizard/stock_picking_return_views.xml 
2025-08-26 03:28:22,133 1 INFO odoo odoo.modules.loading: loading stock/wizard/stock_scheduler_compute_views.xml 
2025-08-26 03:28:22,141 1 INFO odoo odoo.modules.loading: loading stock/wizard/stock_inventory_conflict.xml 
2025-08-26 03:28:22,146 1 INFO odoo odoo.modules.loading: loading stock/wizard/stock_backorder_confirmation_views.xml 
2025-08-26 03:28:22,150 1 INFO odoo odoo.modules.loading: loading stock/wizard/stock_quantity_history.xml 
2025-08-26 03:28:22,154 1 INFO odoo odoo.modules.loading: loading stock/wizard/stock_request_count.xml 
2025-08-26 03:28:22,160 1 INFO odoo odoo.modules.loading: loading stock/wizard/stock_replenishment_info.xml 
2025-08-26 03:28:22,170 1 INFO odoo odoo.modules.loading: loading stock/wizard/stock_rules_report_views.xml 
2025-08-26 03:28:22,174 1 INFO odoo odoo.modules.loading: loading stock/wizard/stock_warn_insufficient_qty_views.xml 
2025-08-26 03:28:22,181 1 INFO odoo odoo.modules.loading: loading stock/wizard/product_replenish_views.xml 
2025-08-26 03:28:22,186 1 INFO odoo odoo.modules.loading: loading stock/wizard/product_label_layout_views.xml 
2025-08-26 03:28:22,190 1 INFO odoo odoo.modules.loading: loading stock/wizard/stock_track_confirmation_views.xml 
2025-08-26 03:28:22,193 1 INFO odoo odoo.modules.loading: loading stock/wizard/stock_orderpoint_snooze_views.xml 
2025-08-26 03:28:22,198 1 INFO odoo odoo.modules.loading: loading stock/wizard/stock_package_destination_views.xml 
2025-08-26 03:28:22,203 1 INFO odoo odoo.modules.loading: loading stock/wizard/stock_inventory_adjustment_name.xml 
2025-08-26 03:28:22,209 1 INFO odoo odoo.modules.loading: loading stock/wizard/stock_inventory_warning.xml 
2025-08-26 03:28:22,214 1 INFO odoo odoo.modules.loading: loading stock/wizard/stock_label_type.xml 
2025-08-26 03:28:22,218 1 INFO odoo odoo.modules.loading: loading stock/wizard/stock_lot_label_layout.xml 
2025-08-26 03:28:22,221 1 INFO odoo odoo.modules.loading: loading stock/wizard/stock_quant_relocate.xml 
2025-08-26 03:28:22,225 1 INFO odoo odoo.modules.loading: loading stock/views/res_partner_views.xml 
2025-08-26 03:28:22,238 1 INFO odoo odoo.modules.loading: loading stock/views/product_strategy_views.xml 
2025-08-26 03:28:22,254 1 INFO odoo odoo.modules.loading: loading stock/views/stock_lot_views.xml 
2025-08-26 03:28:22,275 1 INFO odoo odoo.modules.loading: loading stock/views/stock_scrap_views.xml 
2025-08-26 03:28:22,296 1 INFO odoo odoo.modules.loading: loading stock/views/stock_quant_views.xml 
2025-08-26 03:28:22,421 1 INFO odoo odoo.modules.loading: loading stock/views/stock_warehouse_views.xml 
2025-08-26 03:28:22,438 1 INFO odoo odoo.modules.loading: loading stock/views/stock_move_line_views.xml 
2025-08-26 03:28:22,474 1 INFO odoo odoo.modules.loading: loading stock/views/stock_picking_views.xml 
2025-08-26 03:28:22,541 1 INFO odoo odoo.modules.loading: loading stock/views/stock_picking_type_views.xml 
2025-08-26 03:28:22,567 1 INFO odoo odoo.modules.loading: loading stock/views/stock_move_views.xml 
2025-08-26 03:28:22,616 1 INFO odoo odoo.modules.loading: loading stock/views/product_views.xml 
2025-08-26 03:28:22,715 1 INFO odoo odoo.modules.loading: loading stock/views/stock_location_views.xml 
2025-08-26 03:28:22,758 1 INFO odoo odoo.modules.loading: loading stock/views/stock_orderpoint_views.xml 
2025-08-26 03:28:22,788 1 INFO odoo odoo.modules.loading: loading stock/views/stock_storage_category_views.xml 
2025-08-26 03:28:22,806 1 INFO odoo odoo.modules.loading: loading stock/views/res_config_settings_views.xml 
2025-08-26 03:28:22,827 1 INFO odoo odoo.modules.loading: loading stock/views/report_stock_traceability.xml 
2025-08-26 03:28:22,833 1 INFO odoo odoo.modules.loading: loading stock/views/stock_template.xml 
2025-08-26 03:28:22,838 1 INFO odoo odoo.modules.loading: loading stock/views/stock_rule_views.xml 
2025-08-26 03:28:22,858 1 INFO odoo odoo.modules.loading: loading stock/views/stock_package_level_views.xml 
2025-08-26 03:28:22,870 1 INFO odoo odoo.modules.loading: loading stock/views/stock_package_type_view.xml 
2025-08-26 03:28:22,883 1 INFO odoo odoo.modules.loading: loading stock/views/stock_forecasted.xml 
2025-08-26 03:28:22,886 1 INFO odoo odoo.modules.loading: Module stock: loading demo 
2025-08-26 03:28:22,887 1 INFO odoo odoo.modules.loading: loading stock/data/stock_demo_pre.xml 
2025-08-26 03:28:23,011 1 INFO odoo odoo.modules.loading: loading stock/data/stock_demo.xml 
2025-08-26 03:28:23,572 1 INFO odoo odoo.modules.loading: loading stock/data/stock_demo2.xml 
2025-08-26 03:28:24,075 1 INFO odoo odoo.modules.loading: loading stock/data/stock_orderpoint_demo.xml 
2025-08-26 03:28:24,089 1 INFO odoo odoo.modules.loading: loading stock/data/stock_storage_category_demo.xml 
2025-08-26 03:28:24,219 1 INFO odoo odoo.modules.loading: Module stock loaded in 6.13s, 7368 queries (+7368 other) 
2025-08-26 03:28:24,219 1 INFO odoo odoo.modules.loading: Loading module stock_sms (34/34) 
2025-08-26 03:28:24,261 1 INFO odoo odoo.modules.registry: module stock_sms: creating or updating database tables 
2025-08-26 03:28:24,395 1 INFO odoo odoo.modules.loading: loading stock_sms/data/sms_data.xml 
2025-08-26 03:28:24,400 1 INFO odoo odoo.modules.loading: loading stock_sms/views/res_config_settings_views.xml 
2025-08-26 03:28:24,419 1 INFO odoo odoo.modules.loading: loading stock_sms/wizard/confirm_stock_sms_views.xml 
2025-08-26 03:28:24,422 1 INFO odoo odoo.modules.loading: loading stock_sms/security/ir.model.access.csv 
2025-08-26 03:28:24,428 1 INFO odoo odoo.modules.loading: loading stock_sms/security/sms_security.xml 
2025-08-26 03:28:24,446 1 INFO odoo odoo.modules.loading: Module stock_sms loaded in 0.23s, 178 queries (+178 other) 
2025-08-26 03:28:24,447 1 INFO odoo odoo.modules.loading: 34 modules loaded in 19.08s, 21857 queries (+21858 extra) 
2025-08-26 03:28:24,846 1 INFO odoo odoo.modules.loading: Modules loaded. 
2025-08-26 03:28:24,860 1 INFO odoo odoo.modules.registry: Registry loaded in 19.830s 
2025-08-26 03:28:24,860 1 INFO odoo odoo.addons.base.models.ir_module: getting next ir.actions.todo() 
2025-08-26 03:28:24,866 1 INFO odoo odoo.modules.registry: Registry changed, signaling through the database 
2025-08-26 03:28:24,867 1 INFO odoo werkzeug: 172.18.0.1 - - [26/Aug/2025 03:28:24] "POST /web/dataset/call_button HTTP/1.1" 200 - 24287 13.160 6.782
2025-08-26 03:28:24,885 1 INFO odoo odoo.addons.base.models.ir_http: Generating routing map for key None 
2025-08-26 03:28:25,092 1 INFO odoo werkzeug: 172.18.0.1 - - [26/Aug/2025 03:28:25] "GET /web HTTP/1.1" 200 - 79 0.025 0.184
2025-08-26 03:28:25,171 1 INFO odoo werkzeug: 172.18.0.1 - - [26/Aug/2025 03:28:25] "GET /web/webclient/load_menus/9edbdc079f0eebcc0ab42e51a80fc874fe9096e3ce5277e2c4a334542f8b9720 HTTP/1.1" 200 - 2 0.002 0.041
2025-08-26 03:28:25,178 1 INFO odoo werkzeug: 172.18.0.1 - - [26/Aug/2025 03:28:25] "GET /web/webclient/translations/71fac671d3599257537f9991d20761669800a32d?lang=en_US HTTP/1.1" 200 - 3 0.006 0.042
2025-08-26 03:28:25,980 1 INFO odoo odoo.addons.base.models.assetsbundle: Generating a new asset bundle attachment /web/assets/7cff636/web.assets_web.min.css (id:345) 
2025-08-26 03:28:25,981 1 INFO odoo odoo.addons.base.models.assetsbundle: Deleting attachments [192] (matching /web/assets/_______/web.assets_web.min.css) because it was replaced with /web/assets/7cff636/web.assets_web.min.css 
2025-08-26 03:28:26,005 1 INFO odoo werkzeug: 172.18.0.1 - - [26/Aug/2025 03:28:26] "GET /web/assets/7cff636/web.assets_web.min.css HTTP/1.1" 200 - 16 0.026 0.874
2025-08-26 03:28:26,784 1 INFO odoo odoo.addons.base.models.assetsbundle: Generating a new asset bundle attachment /web/assets/2165ec0/web.assets_web.min.js (id:346) 
2025-08-26 03:28:26,785 1 INFO odoo odoo.addons.base.models.assetsbundle: Deleting attachments [193] (matching /web/assets/_______/web.assets_web.min.js) because it was replaced with /web/assets/2165ec0/web.assets_web.min.js 
2025-08-26 03:28:26,810 1 INFO odoo werkzeug: 172.18.0.1 - - [26/Aug/2025 03:28:26] "GET /web/assets/2165ec0/web.assets_web.min.js HTTP/1.1" 200 - 13 0.013 1.689
2025-08-26 03:28:26,994 1 INFO odoo werkzeug: 172.18.0.1 - - [26/Aug/2025 03:28:26] "GET /bus/websocket_worker_bundle?v=17.0-1 HTTP/1.1" 304 - 4 0.001 0.004
2025-08-26 03:28:27,009 1 INFO odoo odoo.addons.partner_autocomplete.models.res_company: Starting enrich of company My Company (San Francisco) (1) 
2025-08-26 03:28:27,038 1 INFO odoo werkzeug: 172.18.0.1 - - [26/Aug/2025 03:28:27] "POST /mail/init_messaging HTTP/1.1" 200 - 55 0.019 0.019
2025-08-26 03:28:27,040 1 INFO odoo odoo.addons.iap.tools.iap_tools: iap jsonrpc https://partner-autocomplete.odoo.com/api/dnb/1/enrich_by_domain 
2025-08-26 03:28:27,054 1 INFO odoo werkzeug: 172.18.0.1 - - [26/Aug/2025 03:28:27] "POST /web/dataset/call_kw/res.users/systray_get_activities HTTP/1.1" 200 - 4 0.001 0.002
2025-08-26 03:28:27,095 1 INFO odoo werkzeug: 172.18.0.1 - - [26/Aug/2025 03:28:27] "POST /mail/load_message_failures HTTP/1.1" 200 - 10 0.004 0.008
2025-08-26 03:28:27,099 1 INFO odoo werkzeug: 172.18.0.1 - - [26/Aug/2025 03:28:27] "GET /websocket?version=17.0-1 HTTP/1.1" 101 - 1 0.000 0.002
2025-08-26 03:28:29,442 1 INFO odoo odoo.addons.iap.tools.iap_tools: iap jsonrpc https://partner-autocomplete.odoo.com/api/dnb/1/enrich_by_domain answered in 2.397378 seconds 
2025-08-26 03:28:29,463 1 INFO odoo werkzeug: 172.18.0.1 - - [26/Aug/2025 03:28:29] "POST /web/dataset/call_kw/res.company/iap_enrich_auto HTTP/1.1" 200 - 28 0.019 2.444
2025-08-26 03:28:41,633 1 INFO odoo werkzeug: 172.18.0.1 - - [26/Aug/2025 03:28:41] "POST /web/action/load HTTP/1.1" 200 - 6 0.006 0.008
2025-08-26 03:28:41,636 1 INFO odoo werkzeug: 172.18.0.1 - - [26/Aug/2025 03:28:41] "GET /web/image?model=res.users&field=avatar_128&id=2 HTTP/1.1" 304 - 9 0.006 0.011
2025-08-26 03:28:41,673 1 INFO odoo werkzeug: 172.18.0.1 - - [26/Aug/2025 03:28:41] "POST /mail/inbox/messages HTTP/1.1" 200 - 7 0.004 0.004
2025-08-26 03:28:41,679 1 INFO odoo werkzeug: 172.18.0.1 - - [26/Aug/2025 03:28:41] "GET /discuss/channel/1/avatar_128?unique=369bf8caba2b766d0c5c868f1c259da9e43aa4eba27b0e42937ebe1c7a5573fc3175b445a9f8a43ba5ab81fb6aa3f1e749c1f9f0f04342eb3e53a736e87ad1f0 HTTP/1.1" 200 - 4 0.002 0.006
2025-08-26 03:28:46,774 1 INFO odoo werkzeug: 172.18.0.1 - - [26/Aug/2025 03:28:46] "GET /bus/websocket_worker_bundle?v=17.0-1 HTTP/1.1" 304 - 3 0.001 0.005
2025-08-26 03:28:46,783 1 INFO odoo werkzeug: 172.18.0.1 - - [26/Aug/2025 03:28:46] "POST /web/action/load HTTP/1.1" 200 - 9 0.007 0.009
2025-08-26 03:28:46,794 1 INFO odoo werkzeug: 172.18.0.1 - - [26/Aug/2025 03:28:46] "POST /web/dataset/call_kw/res.company/iap_enrich_auto HTTP/1.1" 200 - 4 0.003 0.012
2025-08-26 03:28:46,803 1 INFO odoo werkzeug: 172.18.0.1 - - [26/Aug/2025 03:28:46] "POST /web/dataset/call_kw/res.users/systray_get_activities HTTP/1.1" 200 - 2 0.001 0.006
2025-08-26 03:28:46,825 1 INFO odoo werkzeug: 172.18.0.1 - - [26/Aug/2025 03:28:46] "POST /mail/init_messaging HTTP/1.1" 200 - 34 0.021 0.027
2025-08-26 03:28:46,832 1 INFO odoo werkzeug: 172.18.0.1 - - [26/Aug/2025 03:28:46] "GET /web/image?model=res.users&field=avatar_128&id=2 HTTP/1.1" 304 - 9 0.005 0.012
2025-08-26 03:28:46,839 1 INFO odoo werkzeug: 172.18.0.1 - - [26/Aug/2025 03:28:46] "GET /websocket?version=17.0-1 HTTP/1.1" 101 - 1 0.000 0.004
2025-08-26 03:28:46,854 1 INFO odoo werkzeug: 172.18.0.1 - - [26/Aug/2025 03:28:46] "POST /mail/load_message_failures HTTP/1.1" 200 - 9 0.011 0.011
2025-08-26 03:28:46,881 1 INFO odoo werkzeug: 172.18.0.1 - - [26/Aug/2025 03:28:46] "POST /web/dataset/call_kw/ir.module.module/get_views HTTP/1.1" 200 - 46 0.018 0.035
2025-08-26 03:28:46,894 1 INFO odoo werkzeug: 172.18.0.1 - - [26/Aug/2025 03:28:46] "POST /web/dataset/call_kw/ir.module.module/search_panel_select_range HTTP/1.1" 200 - 1 0.000 0.003
2025-08-26 03:28:46,914 1 INFO odoo werkzeug: 172.18.0.1 - - [26/Aug/2025 03:28:46] "POST /web/dataset/call_kw/ir.module.module/search_panel_select_range HTTP/1.1" 200 - 39 0.012 0.012
2025-08-26 03:28:46,920 1 INFO odoo werkzeug: 172.18.0.1 - - [26/Aug/2025 03:28:46] "POST /web/dataset/call_kw/ir.module.module/web_search_read HTTP/1.1" 200 - 4 0.003 0.022
2025-08-26 03:28:57,274 1 INFO odoo werkzeug: 172.18.0.1 - - [26/Aug/2025 03:28:57] "GET /bus/websocket_worker_bundle?v=17.0-1 HTTP/1.1" 304 - 3 0.002 0.005
2025-08-26 03:28:57,280 1 INFO odoo werkzeug: 172.18.0.1 - - [26/Aug/2025 03:28:57] "POST /web/action/load HTTP/1.1" 200 - 9 0.006 0.008
2025-08-26 03:28:57,296 1 INFO odoo werkzeug: 172.18.0.1 - - [26/Aug/2025 03:28:57] "POST /web/dataset/call_kw/res.company/iap_enrich_auto HTTP/1.1" 200 - 4 0.002 0.020
2025-08-26 03:28:57,304 1 INFO odoo werkzeug: 172.18.0.1 - - [26/Aug/2025 03:28:57] "POST /web/dataset/call_kw/res.users/systray_get_activities HTTP/1.1" 200 - 2 0.001 0.005
2025-08-26 03:28:57,312 1 INFO odoo werkzeug: 172.18.0.1 - - [26/Aug/2025 03:28:57] "POST /mail/init_messaging HTTP/1.1" 200 - 34 0.018 0.021
2025-08-26 03:28:57,341 1 INFO odoo werkzeug: 172.18.0.1 - - [26/Aug/2025 03:28:57] "POST /mail/load_message_failures HTTP/1.1" 200 - 9 0.003 0.007
2025-08-26 03:28:57,347 1 INFO odoo werkzeug: 172.18.0.1 - - [26/Aug/2025 03:28:57] "POST /web/dataset/call_kw/ir.module.module/get_views HTTP/1.1" 200 - 2 0.002 0.010
2025-08-26 03:28:57,354 1 INFO odoo werkzeug: 172.18.0.1 - - [26/Aug/2025 03:28:57] "GET /websocket?version=17.0-1 HTTP/1.1" 101 - 1 0.000 0.003
2025-08-26 03:28:57,368 1 INFO odoo werkzeug: 172.18.0.1 - - [26/Aug/2025 03:28:57] "POST /web/dataset/call_kw/ir.module.module/search_panel_select_range HTTP/1.1" 200 - 1 0.000 0.004
2025-08-26 03:28:57,397 1 INFO odoo werkzeug: 172.18.0.1 - - [26/Aug/2025 03:28:57] "POST /web/dataset/call_kw/ir.module.module/web_search_read HTTP/1.1" 200 - 3 0.002 0.024
2025-08-26 03:28:57,398 1 INFO odoo werkzeug: 172.18.0.1 - - [26/Aug/2025 03:28:57] "POST /web/dataset/call_kw/ir.module.module/search_panel_select_range HTTP/1.1" 200 - 36 0.021 0.012
2025-08-26 03:29:08,195 1 INFO odoo odoo.addons.base.models.ir_cron: Starting job `Mail: Email Queue Manager`. 
2025-08-26 03:29:08,206 1 INFO odoo odoo.addons.base.models.ir_cron: Job done: `Mail: Email Queue Manager` (0.011s). 
2025-08-26 03:29:08,230 1 INFO odoo odoo.addons.base.models.ir_cron: Starting job `Notification: Delete Notifications older than 6 Month`. 
2025-08-26 03:29:08,238 1 INFO odoo odoo.addons.base.models.ir_cron: Job done: `Notification: Delete Notifications older than 6 Month` (0.008s). 
2025-08-26 03:29:08,250 1 INFO odoo odoo.addons.base.models.ir_cron: Starting job `Notification: Send scheduled message notifications`. 
2025-08-26 03:29:08,254 1 INFO odoo odoo.addons.base.models.ir_cron: Job done: `Notification: Send scheduled message notifications` (0.003s). 
2025-08-26 03:29:08,265 1 INFO odoo odoo.addons.base.models.ir_cron: Starting job `Mail: send web push notification`. 
2025-08-26 03:29:08,270 1 INFO odoo odoo.addons.base.models.ir_cron: Job done: `Mail: send web push notification` (0.005s). 
2025-08-26 03:29:08,283 1 INFO odoo odoo.addons.base.models.ir_cron: Starting job `Discuss: channel member unmute`. 
2025-08-26 03:29:08,287 1 INFO odoo odoo.addons.base.models.ir_cron: Job done: `Discuss: channel member unmute` (0.004s). 
2025-08-26 03:29:08,296 1 INFO odoo odoo.addons.base.models.ir_cron: Starting job `Users: Notify About Unregistered Users`. 
2025-08-26 03:29:08,300 1 INFO odoo odoo.addons.base.models.ir_cron: Job done: `Users: Notify About Unregistered Users` (0.004s). 
2025-08-26 03:29:08,312 1 INFO odoo odoo.addons.base.models.ir_cron: Starting job `Partner Autocomplete: Sync with remote DB`. 
2025-08-26 03:29:08,315 1 INFO odoo odoo.addons.base.models.ir_cron: Job done: `Partner Autocomplete: Sync with remote DB` (0.002s). 
2025-08-26 03:29:08,324 1 INFO odoo odoo.addons.base.models.ir_cron: Starting job `SMS: SMS Queue Manager`. 
2025-08-26 03:29:08,329 1 INFO odoo odoo.addons.base.models.ir_cron: Job done: `SMS: SMS Queue Manager` (0.005s). 
2025-08-26 03:29:08,340 1 INFO odoo odoo.addons.base.models.ir_cron: Starting job `Snailmail: process letters queue`. 
2025-08-26 03:29:08,344 1 INFO odoo odoo.addons.base.models.ir_cron: Job done: `Snailmail: process letters queue` (0.003s). 
2025-08-26 03:29:08,353 1 INFO odoo odoo.addons.base.models.ir_cron: Starting job `Procurement: run scheduler`. 
2025-08-26 03:29:08,562 1 INFO odoo odoo.addons.stock.models.stock_orderpoint: A batch of 4 orderpoints is processed and committed 
2025-08-26 03:29:08,666 1 INFO odoo odoo.addons.stock.models.stock_rule: A batch of 6 moves are assigned and committed 
2025-08-26 03:29:08,670 1 INFO odoo odoo.addons.stock.models.stock_rule: _run_scheduler_tasks is finished and committed 
2025-08-26 03:29:08,670 1 INFO odoo odoo.addons.base.models.ir_cron: Job done: `Procurement: run scheduler` (0.317s). 
2025-08-26 03:30:08,743 1 INFO odoo odoo.addons.base.models.ir_cron: Starting job `Base: Auto-vacuum internal data`. 
2025-08-26 03:30:08,763 1 INFO odoo odoo.addons.base.models.ir_attachment: filestore gc 92 checked, 2 removed 
2025-08-26 03:30:08,797 1 INFO odoo odoo.addons.base.models.res_users: GC'd 0 user log entries 
2025-08-26 03:30:08,810 1 INFO odoo odoo.addons.auth_totp.models.auth_totp: GC'd 0 totp devices entries 
2025-08-26 03:30:08,817 1 INFO odoo odoo.models.unlink: User #1 deleted bus.bus records with IDs: [1, 2, 3, 4, 5, 6, 7, 8] 
2025-08-26 03:30:08,884 1 INFO odoo odoo.addons.sms.models.sms_sms: GC'd 0 sms marked for deletion 
2025-08-26 03:30:08,918 1 INFO odoo odoo.addons.base.models.ir_cron: Job done: `Base: Auto-vacuum internal data` (0.175s). 
2025-08-26 03:39:32,526 1 INFO odoo werkzeug: 172.18.0.1 - - [26/Aug/2025 03:39:32] "GET /web HTTP/1.1" 200 - 12 0.003 0.010
2025-08-26 03:39:32,768 1 INFO odoo werkzeug: 172.18.0.1 - - [26/Aug/2025 03:39:32] "GET /bus/websocket_worker_bundle?v=17.0-1 HTTP/1.1" 304 - 3 0.002 0.007
2025-08-26 03:39:32,768 1 INFO odoo werkzeug: 172.18.0.1 - - [26/Aug/2025 03:39:32] "POST /web/action/load HTTP/1.1" 200 - 9 0.004 0.007
2025-08-26 03:39:32,791 1 INFO odoo werkzeug: 172.18.0.1 - - [26/Aug/2025 03:39:32] "POST /mail/init_messaging HTTP/1.1" 200 - 34 0.008 0.016
2025-08-26 03:39:32,793 1 INFO odoo werkzeug: 172.18.0.1 - - [26/Aug/2025 03:39:32] "POST /web/dataset/call_kw/res.users/systray_get_activities HTTP/1.1" 200 - 2 0.001 0.003
2025-08-26 03:39:32,818 1 INFO odoo werkzeug: 172.18.0.1 - - [26/Aug/2025 03:39:32] "GET /web/image?model=res.users&field=avatar_128&id=2 HTTP/1.1" 200 - 9 0.003 0.012
2025-08-26 03:39:32,829 1 INFO odoo werkzeug: 172.18.0.1 - - [26/Aug/2025 03:39:32] "POST /mail/load_message_failures HTTP/1.1" 200 - 9 0.007 0.009
2025-08-26 03:39:32,835 1 INFO odoo werkzeug: 172.18.0.1 - - [26/Aug/2025 03:39:32] "GET /websocket?version=17.0-1 HTTP/1.1" 101 - 1 0.000 0.006
2025-08-26 03:39:32,836 1 INFO odoo werkzeug: 172.18.0.1 - - [26/Aug/2025 03:39:32] "POST /web/dataset/call_kw/ir.module.module/get_views HTTP/1.1" 200 - 2 0.002 0.014
2025-08-26 03:39:32,850 1 INFO odoo werkzeug: 172.18.0.1 - - [26/Aug/2025 03:39:32] "POST /web/dataset/call_kw/ir.module.module/search_panel_select_range HTTP/1.1" 200 - 1 0.000 0.006
2025-08-26 03:39:32,867 1 INFO odoo werkzeug: 172.18.0.1 - - [26/Aug/2025 03:39:32] "POST /web/dataset/call_kw/ir.module.module/search_panel_select_range HTTP/1.1" 200 - 36 0.012 0.010
2025-08-26 03:39:32,871 1 INFO odoo werkzeug: 172.18.0.1 - - [26/Aug/2025 03:39:32] "POST /web/dataset/call_kw/ir.module.module/web_search_read HTTP/1.1" 200 - 3 0.004 0.021
2025-08-26 03:39:42,124 1 INFO odoo werkzeug: 172.18.0.1 - - [26/Aug/2025 03:39:42] "POST /web/dataset/call_kw/ir.module.module/search_panel_select_range HTTP/1.1" 200 - 36 0.012 0.016
2025-08-26 03:39:42,134 1 INFO odoo werkzeug: 172.18.0.1 - - [26/Aug/2025 03:39:42] "POST /web/dataset/call_kw/ir.module.module/web_search_read HTTP/1.1" 200 - 3 0.002 0.004
2025-08-26 03:40:14,952 1 INFO odoo odoo.service.server: Initiating shutdown 
2025-08-26 03:40:14,952 1 INFO odoo odoo.service.server: Hit CTRL-C again or send a second signal to force the shutdown. 
2025-08-26 03:40:15,271 1 INFO odoo odoo.sql_db: ConnectionPool(used=0/count=0/max=64): Closed 5 connections  
2025-08-26 03:40:23,172 1 INFO ? odoo: Odoo version 17.0-20250819 
2025-08-26 03:40:23,173 1 INFO ? odoo: Using configuration file at /etc/odoo/odoo.conf 
2025-08-26 03:40:23,173 1 INFO ? odoo: addons paths: ['/usr/lib/python3/dist-packages/odoo/addons', '/var/lib/odoo/addons/17.0', '/mnt/extra-addons'] 
2025-08-26 03:40:23,173 1 INFO ? odoo: database: odoo@db:5432 
2025-08-26 03:40:23,472 1 INFO ? odoo.addons.base.models.ir_actions_report: Will use the Wkhtmltopdf binary at /usr/local/bin/wkhtmltopdf 
2025-08-26 03:40:23,784 1 INFO ? odoo.service.server: HTTP service (werkzeug) running on a0a35dc79db6:8069 
2025-08-26 03:40:23,806 1 INFO odoo odoo.modules.loading: loading 1 modules... 
2025-08-26 03:40:23,807 1 INFO odoo odoo.modules.loading: Loading module base (1/1) 
2025-08-26 03:40:23,825 1 INFO odoo odoo.modules.registry: module base: creating or updating database tables 
2025-08-26 03:40:24,172 1 INFO odoo odoo.modules.loading: loading base/data/res_bank.xml 
2025-08-26 03:40:24,185 1 INFO odoo odoo.modules.loading: loading base/data/res.lang.csv 
2025-08-26 03:40:24,324 1 INFO odoo odoo.modules.loading: loading base/data/res_lang_data.xml 
2025-08-26 03:40:24,343 1 INFO odoo odoo.modules.loading: loading base/data/res_partner_data.xml 
2025-08-26 03:40:24,387 1 INFO odoo odoo.modules.loading: loading base/data/res_currency_data.xml 
2025-08-26 03:40:24,646 1 INFO odoo odoo.modules.loading: loading base/data/res_company_data.xml 
2025-08-26 03:40:24,652 1 INFO odoo odoo.modules.loading: loading base/data/res_users_data.xml 
2025-08-26 03:40:30,896 1 INFO ? odoo: Odoo version 17.0-20250819 
2025-08-26 03:40:30,896 1 INFO ? odoo: Using configuration file at /etc/odoo/odoo.conf 
2025-08-26 03:40:30,896 1 INFO ? odoo: addons paths: ['/usr/lib/python3/dist-packages/odoo/addons', '/var/lib/odoo/addons/17.0', '/mnt/extra-addons'] 
2025-08-26 03:40:30,896 1 INFO ? odoo: database: odoo@db:5432 
2025-08-26 03:40:30,964 1 INFO ? odoo.addons.base.models.ir_actions_report: Will use the Wkhtmltopdf binary at /usr/local/bin/wkhtmltopdf 
2025-08-26 03:40:31,073 1 INFO ? odoo.service.server: HTTP service (werkzeug) running on a0a35dc79db6:8069 
2025-08-26 03:40:31,088 1 INFO odoo odoo.modules.loading: loading 1 modules... 
2025-08-26 03:40:31,088 1 INFO odoo odoo.modules.loading: Loading module base (1/1) 
2025-08-26 03:40:31,103 1 INFO odoo odoo.modules.registry: module base: creating or updating database tables 
2025-08-26 03:40:31,413 1 INFO odoo odoo.modules.loading: loading base/data/res_bank.xml 
2025-08-26 03:40:31,416 1 INFO odoo odoo.modules.loading: loading base/data/res.lang.csv 
2025-08-26 03:40:31,533 1 INFO odoo odoo.modules.loading: loading base/data/res_lang_data.xml 
2025-08-26 03:40:31,551 1 INFO odoo odoo.modules.loading: loading base/data/res_partner_data.xml 
2025-08-26 03:40:31,586 1 INFO odoo odoo.modules.loading: loading base/data/res_currency_data.xml 
2025-08-26 03:40:31,804 1 INFO odoo odoo.modules.loading: loading base/data/res_company_data.xml 
2025-08-26 03:40:31,809 1 INFO odoo odoo.modules.loading: loading base/data/res_users_data.xml 
2025-08-26 03:40:32,668 1 INFO odoo odoo.modules.loading: loading base/data/report_paperformat_data.xml 
2025-08-26 03:40:32,672 1 INFO odoo odoo.modules.loading: loading base/data/res_country_data.xml 
2025-08-26 03:40:32,859 1 INFO odoo odoo.modules.loading: loading base/data/ir_demo_data.xml 
2025-08-26 03:40:32,870 1 INFO odoo odoo.modules.loading: loading base/security/base_groups.xml 
2025-08-26 03:40:33,032 1 INFO odoo odoo.modules.loading: loading base/security/base_security.xml 
2025-08-26 03:40:33,113 1 INFO odoo odoo.modules.loading: loading base/views/base_menus.xml 
2025-08-26 03:40:33,159 1 INFO odoo odoo.modules.loading: loading base/views/decimal_precision_views.xml 
2025-08-26 03:40:33,171 1 INFO odoo odoo.modules.loading: loading base/views/res_config_views.xml 
2025-08-26 03:40:33,180 1 INFO odoo odoo.modules.loading: loading base/data/res.country.state.csv 
2025-08-26 03:40:33,794 1 INFO odoo odoo.modules.loading: loading base/views/ir_actions_views.xml 
2025-08-26 03:40:33,888 1 INFO odoo odoo.modules.loading: loading base/views/ir_asset_views.xml 
2025-08-26 03:40:33,902 1 INFO odoo odoo.modules.loading: loading base/views/ir_config_parameter_views.xml 
2025-08-26 03:40:33,913 1 INFO odoo odoo.modules.loading: loading base/views/ir_cron_views.xml 
2025-08-26 03:40:33,934 1 INFO odoo odoo.modules.loading: loading base/views/ir_cron_trigger_views.xml 
2025-08-26 03:40:33,946 1 INFO odoo odoo.modules.loading: loading base/views/ir_filters_views.xml 
2025-08-26 03:40:33,960 1 INFO odoo odoo.modules.loading: loading base/views/ir_mail_server_views.xml 
2025-08-26 03:40:33,974 1 INFO odoo odoo.modules.loading: loading base/views/ir_model_views.xml 
2025-08-26 03:40:34,086 1 INFO odoo odoo.modules.loading: loading base/views/ir_attachment_views.xml 
2025-08-26 03:40:34,106 1 INFO odoo odoo.modules.loading: loading base/views/ir_rule_views.xml 
2025-08-26 03:40:34,134 1 INFO odoo odoo.modules.loading: loading base/views/ir_sequence_views.xml 
2025-08-26 03:40:34,152 1 INFO odoo odoo.modules.loading: loading base/views/ir_ui_menu_views.xml 
2025-08-26 03:40:34,166 1 INFO odoo odoo.modules.loading: loading base/views/ir_ui_view_views.xml 
2025-08-26 03:40:34,202 1 INFO odoo odoo.modules.loading: loading base/views/ir_default_views.xml 
2025-08-26 03:40:34,216 1 INFO odoo odoo.modules.loading: loading base/data/ir_cron_data.xml 
2025-08-26 03:40:34,223 1 INFO odoo odoo.modules.loading: loading base/report/ir_model_report.xml 
2025-08-26 03:40:34,225 1 INFO odoo odoo.modules.loading: loading base/report/ir_model_templates.xml 
2025-08-26 03:40:34,233 1 INFO odoo odoo.modules.loading: loading base/views/ir_logging_views.xml 
2025-08-26 03:40:34,245 1 INFO odoo odoo.modules.loading: loading base/views/ir_qweb_widget_templates.xml 
2025-08-26 03:40:34,256 1 INFO odoo odoo.modules.loading: loading base/views/ir_module_views.xml 
2025-08-26 03:40:34,287 1 INFO odoo odoo.modules.loading: loading base/data/ir_module_category_data.xml 
2025-08-26 03:40:34,410 1 INFO odoo odoo.modules.loading: loading base/data/ir_module_module.xml 
2025-08-26 03:40:34,433 1 INFO odoo odoo.modules.loading: loading base/report/ir_module_reports.xml 
2025-08-26 03:40:34,434 1 INFO odoo odoo.modules.loading: loading base/report/ir_module_report_templates.xml 
2025-08-26 03:40:34,441 1 INFO odoo odoo.modules.loading: loading base/wizard/base_module_update_views.xml 
2025-08-26 03:40:34,449 1 INFO odoo odoo.modules.loading: loading base/wizard/base_language_install_views.xml 
2025-08-26 03:40:34,457 1 INFO odoo odoo.modules.loading: loading base/wizard/base_import_language_views.xml 
2025-08-26 03:40:34,465 1 INFO odoo odoo.modules.loading: loading base/wizard/base_module_upgrade_views.xml 
2025-08-26 03:40:34,478 1 INFO odoo odoo.modules.loading: loading base/wizard/base_module_uninstall_views.xml 
2025-08-26 03:40:34,483 1 INFO odoo odoo.modules.loading: loading base/wizard/base_export_language_views.xml 
2025-08-26 03:40:34,492 1 INFO odoo odoo.modules.loading: loading base/wizard/base_partner_merge_views.xml 
2025-08-26 03:40:34,501 1 INFO odoo odoo.modules.loading: loading base/data/ir_demo_failure_data.xml 
2025-08-26 03:40:34,511 1 INFO odoo odoo.modules.loading: loading base/views/ir_profile_views.xml 
2025-08-26 03:40:34,527 1 INFO odoo odoo.modules.loading: loading base/views/res_company_views.xml 
2025-08-26 03:40:34,544 1 INFO odoo odoo.modules.loading: loading base/views/res_lang_views.xml 
2025-08-26 03:40:34,563 1 INFO odoo odoo.modules.loading: loading base/views/res_partner_views.xml 
2025-08-26 03:40:34,641 1 INFO odoo odoo.modules.loading: loading base/views/res_bank_views.xml 
2025-08-26 03:40:34,664 1 INFO odoo odoo.modules.loading: loading base/views/res_country_views.xml 
2025-08-26 03:40:34,698 1 INFO odoo odoo.modules.loading: loading base/views/res_currency_views.xml 
2025-08-26 03:40:34,733 1 INFO odoo odoo.modules.loading: loading base/views/res_users_views.xml 
2025-08-26 03:40:34,846 1 INFO odoo odoo.modules.loading: loading base/views/res_users_identitycheck_views.xml 
2025-08-26 03:40:34,854 1 INFO odoo odoo.modules.loading: loading base/views/ir_property_views.xml 
2025-08-26 03:40:34,869 1 INFO odoo odoo.modules.loading: loading base/views/res_config_settings_views.xml 
2025-08-26 03:40:34,877 1 INFO odoo odoo.modules.loading: loading base/views/report_paperformat_views.xml 
2025-08-26 03:40:34,895 1 INFO odoo odoo.modules.loading: loading base/security/ir.model.access.csv 
2025-08-26 03:40:35,006 1 INFO odoo odoo.modules.loading: Module base: loading demo 
2025-08-26 03:40:35,006 1 INFO odoo odoo.modules.loading: loading base/data/res_users_demo.xml 
2025-08-26 03:40:36,224 1 INFO odoo odoo.modules.loading: loading base/data/res_partner_bank_demo.xml 
2025-08-26 03:40:36,226 1 INFO odoo odoo.modules.loading: loading base/data/res_currency_demo.xml 
2025-08-26 03:40:36,229 1 INFO odoo odoo.modules.loading: loading base/data/res_currency_rate_demo.xml 
2025-08-26 03:40:36,319 1 INFO odoo odoo.modules.loading: loading base/data/res_bank_demo.xml 
2025-08-26 03:40:36,321 1 INFO odoo odoo.modules.loading: loading base/data/res_partner_demo.xml 
2025-08-26 03:40:36,491 1 INFO odoo odoo.modules.loading: loading base/data/res_partner_image_demo.xml 
2025-08-26 03:40:36,904 1 INFO odoo odoo.modules.loading: Module base loaded in 5.82s, 10723 queries (+10723 other) 
2025-08-26 03:40:36,904 1 INFO odoo odoo.modules.loading: 1 modules loaded in 5.82s, 10723 queries (+10723 extra) 
2025-08-26 03:40:36,915 1 INFO odoo odoo.modules.loading: updating modules list 
2025-08-26 03:40:36,916 1 INFO odoo odoo.addons.base.models.ir_module: ALLOW access to module.update_list on [] to user __system__ #1 via n/a 
2025-08-26 03:40:37,421 1 INFO odoo odoo.modules.loading: loading 34 modules... 
2025-08-26 03:40:37,652 1 INFO odoo odoo.modules.loading: 34 modules loaded in 0.23s, 0 queries (+0 extra) 
2025-08-26 03:40:37,824 1 INFO odoo odoo.addons.base.models.ir_model: Deleting 47@ir.model.inherit (base.model_inherit__mail_guest__image_mixin) 
2025-08-26 03:40:37,845 1 INFO odoo odoo.models.unlink: User #1 deleted ir.model.data records with IDs: [13641] 
2025-08-26 03:40:37,845 1 INFO odoo odoo.models.unlink: User #1 deleted ir.model.inherit records with IDs: [47] 
2025-08-26 03:40:38,102 1 INFO odoo odoo.modules.loading: Modules loaded. 
2025-08-26 03:40:38,116 1 INFO odoo odoo.modules.registry: Registry loaded in 7.043s 
2025-08-26 03:40:38,143 1 INFO odoo odoo.addons.base.models.ir_http: Generating routing map for key None 
2025-08-26 03:40:38,186 1 INFO odoo werkzeug: 172.18.0.1 - - [26/Aug/2025 03:40:38] "GET /websocket?version=17.0-1 HTTP/1.1" 101 - 14 0.004 3.127
2025-08-26 03:40:38,349 1 INFO odoo werkzeug: 172.18.0.1 - - [26/Aug/2025 03:40:38] "GET /web HTTP/1.1" 303 - 5 0.002 0.006
2025-08-26 03:40:38,464 1 INFO odoo werkzeug: 172.18.0.1 - - [26/Aug/2025 03:40:38] "GET /web/login HTTP/1.1" 200 - 55 0.012 0.099
2025-08-26 03:40:38,577 1 INFO odoo werkzeug: 172.18.0.1 - - [26/Aug/2025 03:40:38] "GET /web/binary/company_logo HTTP/1.1" 200 - 5 0.005 0.090
2025-08-26 03:40:39,134 1 INFO odoo odoo.addons.base.models.assetsbundle: Generating a new asset bundle attachment /web/assets/eeedda1/web.assets_frontend.min.css (id:347) 
2025-08-26 03:40:39,135 1 INFO odoo odoo.addons.base.models.assetsbundle: Deleting attachments [189] (matching /web/assets/_______/web.assets_frontend.min.css) because it was replaced with /web/assets/eeedda1/web.assets_frontend.min.css 
2025-08-26 03:40:39,154 1 INFO odoo werkzeug: 172.18.0.1 - - [26/Aug/2025 03:40:39] "GET /web/assets/eeedda1/web.assets_frontend.min.css HTTP/1.1" 200 - 18 0.025 0.649
2025-08-26 03:40:39,514 1 INFO odoo odoo.addons.base.models.assetsbundle: Generating a new asset bundle attachment /web/assets/31943df/web.assets_frontend_lazy.min.js (id:348) 
2025-08-26 03:40:39,515 1 INFO odoo odoo.addons.base.models.assetsbundle: Deleting attachments [191] (matching /web/assets/_______/web.assets_frontend_lazy.min.js) because it was replaced with /web/assets/31943df/web.assets_frontend_lazy.min.js 
2025-08-26 03:40:39,522 1 INFO odoo werkzeug: 172.18.0.1 - - [26/Aug/2025 03:40:39] "GET /web/assets/31943df/web.assets_frontend_lazy.min.js HTTP/1.1" 200 - 14 0.004 0.339
2025-08-26 03:40:39,601 1 INFO odoo werkzeug: 172.18.0.1 - - [26/Aug/2025 03:40:39] "GET /website/translations/d68e34c23a15a5ddbedf7e97651dd6a6b0714bfa HTTP/1.1" 200 - 14 0.003 0.009
2025-08-26 03:40:48,473 1 INFO odoo odoo.addons.base.models.res_users: Login successful for db:odoo login:admin from 172.18.0.1 
2025-08-26 03:40:48,479 1 INFO odoo werkzeug: 172.18.0.1 - - [26/Aug/2025 03:40:48] "POST /web/login HTTP/1.1" 303 - 42 0.013 0.427
2025-08-26 03:40:48,596 1 INFO odoo werkzeug: 172.18.0.1 - - [26/Aug/2025 03:40:48] "GET /web HTTP/1.1" 200 - 62 0.027 0.087
2025-08-26 03:40:48,630 1 INFO odoo werkzeug: 172.18.0.1 - - [26/Aug/2025 03:40:48] "GET /web/webclient/load_menus/b076dd1ee9fc8d9e554919e7cf94ac50c10d1cf0ba11486db663fd55289caa48 HTTP/1.1" 200 - 1 0.000 0.003
2025-08-26 03:40:48,753 1 INFO odoo werkzeug: 172.18.0.1 - - [26/Aug/2025 03:40:48] "GET /bus/websocket_worker_bundle?v=17.0-1 HTTP/1.1" 304 - 4 0.004 0.006
2025-08-26 03:40:48,755 1 INFO odoo werkzeug: 172.18.0.1 - - [26/Aug/2025 03:40:48] "POST /web/action/load HTTP/1.1" 200 - 9 0.005 0.007
2025-08-26 03:40:48,779 1 INFO odoo werkzeug: 172.18.0.1 - - [26/Aug/2025 03:40:48] "POST /web/dataset/call_kw/res.users/systray_get_activities HTTP/1.1" 200 - 4 0.004 0.006
2025-08-26 03:40:48,814 1 INFO odoo werkzeug: 172.18.0.1 - - [26/Aug/2025 03:40:48] "GET /web/image?model=res.users&field=avatar_128&id=2 HTTP/1.1" 200 - 9 0.005 0.011
2025-08-26 03:40:48,831 1 INFO odoo werkzeug: 172.18.0.1 - - [26/Aug/2025 03:40:48] "POST /mail/init_messaging HTTP/1.1" 200 - 56 0.048 0.029
2025-08-26 03:40:48,845 1 INFO odoo werkzeug: 172.18.0.1 - - [26/Aug/2025 03:40:48] "GET /websocket?version=17.0-1 HTTP/1.1" 101 - 1 0.000 0.004
2025-08-26 03:40:48,854 1 INFO odoo werkzeug: 172.18.0.1 - - [26/Aug/2025 03:40:48] "POST /mail/load_message_failures HTTP/1.1" 200 - 10 0.003 0.008
2025-08-26 03:40:48,872 1 INFO odoo werkzeug: 172.18.0.1 - - [26/Aug/2025 03:40:48] "POST /web/dataset/call_kw/ir.module.module/get_views HTTP/1.1" 200 - 48 0.016 0.038
2025-08-26 03:40:48,881 1 INFO odoo werkzeug: 172.18.0.1 - - [26/Aug/2025 03:40:48] "POST /web/dataset/call_kw/ir.module.module/search_panel_select_range HTTP/1.1" 200 - 1 0.000 0.003
2025-08-26 03:40:48,898 1 INFO odoo werkzeug: 172.18.0.1 - - [26/Aug/2025 03:40:48] "POST /web/dataset/call_kw/ir.module.module/search_panel_select_range HTTP/1.1" 200 - 39 0.009 0.010
2025-08-26 03:40:48,904 1 INFO odoo werkzeug: 172.18.0.1 - - [26/Aug/2025 03:40:48] "POST /web/dataset/call_kw/ir.module.module/web_search_read HTTP/1.1" 200 - 4 0.002 0.022
2025-08-26 03:40:49,185 1 INFO ? odoo.addons.bus.models.bus: Bus.loop listen imbus on db postgres 
2025-08-26 03:40:54,729 1 INFO odoo werkzeug: 172.18.0.1 - - [26/Aug/2025 03:40:54] "POST /web/dataset/call_kw/ir.module.module/search_panel_select_range HTTP/1.1" 200 - 36 0.007 0.010
2025-08-26 03:40:54,737 1 INFO odoo werkzeug: 172.18.0.1 - - [26/Aug/2025 03:40:54] "POST /web/dataset/call_kw/ir.module.module/web_search_read HTTP/1.1" 200 - 3 0.001 0.003
2025-08-26 03:41:01,374 1 INFO odoo odoo.addons.base.models.ir_module: ALLOW access to module.button_immediate_install on ['Library Member'] to user admin #2 via 172.18.0.1 
2025-08-26 03:41:01,375 1 INFO odoo odoo.addons.base.models.ir_module: User #2 triggered module installation 
2025-08-26 03:41:01,376 1 INFO odoo odoo.addons.base.models.ir_module: ALLOW access to module.button_install on ['Library Member'] to user admin #2 via 172.18.0.1 
2025-08-26 03:41:01,432 1 INFO odoo odoo.modules.loading: loading 1 modules... 
2025-08-26 03:41:01,439 1 INFO odoo odoo.modules.loading: 1 modules loaded in 0.01s, 0 queries (+0 extra) 
2025-08-26 03:41:01,452 1 INFO odoo odoo.modules.loading: updating modules list 
2025-08-26 03:41:01,453 1 INFO odoo odoo.addons.base.models.ir_module: ALLOW access to module.update_list on [] to user __system__ #1 via 172.18.0.1 
2025-08-26 03:41:01,789 1 INFO odoo odoo.modules.loading: loading 34 modules... 
2025-08-26 03:41:01,810 1 INFO odoo odoo.modules.loading: 34 modules loaded in 0.02s, 0 queries (+0 extra) 
2025-08-26 03:41:01,811 1 INFO odoo odoo.modules.loading: loading 35 modules... 
2025-08-26 03:41:01,811 1 INFO odoo odoo.modules.loading: Loading module library_member (11/35) 
2025-08-26 03:41:01,868 1 INFO odoo odoo.modules.registry: module library_member: creating or updating database tables 
2025-08-26 03:41:01,970 1 INFO odoo odoo.modules.loading: loading library_member/security/ir.model.access.csv 
2025-08-26 03:41:01,972 1 WARNING odoo odoo.modules.loading: Transient module states were reset 
2025-08-26 03:41:01,986 1 ERROR odoo odoo.modules.registry: Failed to load registry 
Traceback (most recent call last):
  File "/usr/lib/python3/dist-packages/odoo/modules/registry.py", line 110, in new
    odoo.modules.load_modules(registry, force_demo, status, update_module)
  File "/usr/lib/python3/dist-packages/odoo/modules/loading.py", line 485, in load_modules
    processed_modules += load_marked_modules(env, graph,
  File "/usr/lib/python3/dist-packages/odoo/modules/loading.py", line 366, in load_marked_modules
    loaded, processed = load_module_graph(
  File "/usr/lib/python3/dist-packages/odoo/modules/loading.py", line 229, in load_module_graph
    load_data(env, idref, mode, kind='data', package=package)
  File "/usr/lib/python3/dist-packages/odoo/modules/loading.py", line 73, in load_data
    tools.convert_file(env, package.name, filename, idref, mode, noupdate, kind)
  File "/usr/lib/python3/dist-packages/odoo/tools/convert.py", line 631, in convert_file
    convert_csv_import(env, module, pathname, fp.read(), idref, mode, noupdate)
  File "/usr/lib/python3/dist-packages/odoo/tools/convert.py", line 673, in convert_csv_import
    result = env[model].with_context(**context).load(fields, datas)
  File "/usr/lib/python3/dist-packages/odoo/models.py", line 1190, in load
    if isinstance(model_fields[field_path[0]], odoo.fields.Many2one):
KeyError: '# library_member'
2025-08-26 03:41:01,993 1 INFO odoo odoo.modules.loading: loading 1 modules... 
2025-08-26 03:41:01,997 1 INFO odoo odoo.modules.loading: 1 modules loaded in 0.00s, 0 queries (+0 extra) 
2025-08-26 03:41:02,000 1 INFO odoo odoo.modules.loading: loading 34 modules... 
2025-08-26 03:41:02,020 1 INFO odoo odoo.modules.loading: 34 modules loaded in 0.02s, 0 queries (+0 extra) 
2025-08-26 03:41:02,070 1 INFO odoo odoo.modules.loading: Modules loaded. 
2025-08-26 03:41:02,073 1 INFO odoo odoo.modules.registry: Registry loaded in 0.083s 
2025-08-26 03:41:02,083 1 ERROR odoo odoo.http: Exception during request handling. 
Traceback (most recent call last):
  File "/usr/lib/python3/dist-packages/odoo/http.py", line 2396, in __call__
    response = request._serve_db()
  File "/usr/lib/python3/dist-packages/odoo/http.py", line 1971, in _serve_db
    return service_model.retrying(self._serve_ir_http, self.env)
  File "/usr/lib/python3/dist-packages/odoo/service/model.py", line 152, in retrying
    result = func()
  File "/usr/lib/python3/dist-packages/odoo/http.py", line 1999, in _serve_ir_http
    response = self.dispatcher.dispatch(rule.endpoint, args)
  File "/usr/lib/python3/dist-packages/odoo/http.py", line 2203, in dispatch
    result = self.request.registry['ir.http']._dispatch(endpoint)
  File "/usr/lib/python3/dist-packages/odoo/addons/base/models/ir_http.py", line 221, in _dispatch
    result = endpoint(**request.params)
  File "/usr/lib/python3/dist-packages/odoo/http.py", line 786, in route_wrapper
    result = endpoint(self, *args, **params_ok)
  File "/usr/lib/python3/dist-packages/odoo/addons/web/controllers/dataset.py", line 29, in call_button
    action = self._call_kw(model, method, args, kwargs)
  File "/usr/lib/python3/dist-packages/odoo/addons/web/controllers/dataset.py", line 21, in _call_kw
    return call_kw(Model, method, args, kwargs)
  File "/usr/lib/python3/dist-packages/odoo/api.py", line 484, in call_kw
    result = _call_kw_multi(method, model, args, kwargs)
  File "/usr/lib/python3/dist-packages/odoo/api.py", line 469, in _call_kw_multi
    result = method(recs, *args, **kwargs)
  File "<decorator-gen-77>", line 2, in button_immediate_install
  File "/usr/lib/python3/dist-packages/odoo/addons/base/models/ir_module.py", line 75, in check_and_log
    return method(self, *args, **kwargs)
  File "/usr/lib/python3/dist-packages/odoo/addons/base/models/ir_module.py", line 476, in button_immediate_install
    return self._button_immediate_function(self.env.registry[self._name].button_install)
  File "/usr/lib/python3/dist-packages/odoo/addons/base/models/ir_module.py", line 600, in _button_immediate_function
    registry = modules.registry.Registry.new(self._cr.dbname, update_module=True)
  File "<decorator-gen-16>", line 2, in new
  File "/usr/lib/python3/dist-packages/odoo/tools/func.py", line 87, in locked
    return func(inst, *args, **kwargs)
  File "/usr/lib/python3/dist-packages/odoo/modules/registry.py", line 110, in new
    odoo.modules.load_modules(registry, force_demo, status, update_module)
  File "/usr/lib/python3/dist-packages/odoo/modules/loading.py", line 485, in load_modules
    processed_modules += load_marked_modules(env, graph,
  File "/usr/lib/python3/dist-packages/odoo/modules/loading.py", line 366, in load_marked_modules
    loaded, processed = load_module_graph(
  File "/usr/lib/python3/dist-packages/odoo/modules/loading.py", line 229, in load_module_graph
    load_data(env, idref, mode, kind='data', package=package)
  File "/usr/lib/python3/dist-packages/odoo/modules/loading.py", line 73, in load_data
    tools.convert_file(env, package.name, filename, idref, mode, noupdate, kind)
  File "/usr/lib/python3/dist-packages/odoo/tools/convert.py", line 631, in convert_file
    convert_csv_import(env, module, pathname, fp.read(), idref, mode, noupdate)
  File "/usr/lib/python3/dist-packages/odoo/tools/convert.py", line 673, in convert_csv_import
    result = env[model].with_context(**context).load(fields, datas)
  File "/usr/lib/python3/dist-packages/odoo/models.py", line 1190, in load
    if isinstance(model_fields[field_path[0]], odoo.fields.Many2one):
KeyError: '# library_member'
2025-08-26 03:41:02,083 1 INFO odoo werkzeug: 172.18.0.1 - - [26/Aug/2025 03:41:02] "POST /web/dataset/call_button HTTP/1.1" 200 - 1549 0.256 0.460
2025-08-26 03:41:38,208 1 INFO odoo odoo.addons.base.models.ir_cron: Starting job `Base: Auto-vacuum internal data`. 
2025-08-26 03:41:38,232 1 INFO odoo odoo.addons.base.models.ir_attachment: filestore gc 59 checked, 2 removed 
2025-08-26 03:41:38,260 1 INFO odoo odoo.addons.base.models.res_users: GC'd 1 user log entries 
2025-08-26 03:41:38,283 1 INFO odoo odoo.addons.auth_totp.models.auth_totp: GC'd 0 totp devices entries 
2025-08-26 03:41:38,298 1 INFO odoo odoo.models.unlink: User #1 deleted bus.bus records with IDs: [9, 10, 11, 12, 13, 14] 
2025-08-26 03:41:38,366 1 INFO odoo odoo.addons.sms.models.sms_sms: GC'd 0 sms marked for deletion 
2025-08-26 03:41:38,399 1 INFO odoo odoo.addons.base.models.ir_cron: Job done: `Base: Auto-vacuum internal data` (0.190s). 
2025-08-26 03:43:37,487 1 INFO odoo odoo.addons.base.models.ir_http: Generating routing map for key None 
2025-08-26 03:43:37,598 1 INFO odoo werkzeug: 172.18.0.1 - - [26/Aug/2025 03:43:37] "GET /web HTTP/1.1" 200 - 81 0.019 0.094
2025-08-26 03:43:37,739 1 INFO odoo werkzeug: 172.18.0.1 - - [26/Aug/2025 03:43:37] "POST /web/action/load HTTP/1.1" 200 - 10 0.004 0.007
2025-08-26 03:43:37,741 1 INFO odoo werkzeug: 172.18.0.1 - - [26/Aug/2025 03:43:37] "GET /bus/websocket_worker_bundle?v=17.0-1 HTTP/1.1" 304 - 4 0.003 0.007
2025-08-26 03:43:37,773 1 INFO odoo werkzeug: 172.18.0.1 - - [26/Aug/2025 03:43:37] "POST /web/dataset/call_kw/res.users/systray_get_activities HTTP/1.1" 200 - 4 0.002 0.004
2025-08-26 03:43:37,782 1 INFO odoo werkzeug: 172.18.0.1 - - [26/Aug/2025 03:43:37] "POST /mail/init_messaging HTTP/1.1" 200 - 56 0.017 0.025
2025-08-26 03:43:37,798 1 INFO odoo werkzeug: 172.18.0.1 - - [26/Aug/2025 03:43:37] "GET /web/image?model=res.users&field=avatar_128&id=2 HTTP/1.1" 304 - 9 0.004 0.013
2025-08-26 03:43:37,813 1 INFO odoo werkzeug: 172.18.0.1 - - [26/Aug/2025 03:43:37] "GET /websocket?version=17.0-1 HTTP/1.1" 101 - 1 0.001 0.005
2025-08-26 03:43:37,816 1 INFO odoo werkzeug: 172.18.0.1 - - [26/Aug/2025 03:43:37] "POST /mail/load_message_failures HTTP/1.1" 200 - 10 0.006 0.009
2025-08-26 03:43:37,842 1 INFO odoo werkzeug: 172.18.0.1 - - [26/Aug/2025 03:43:37] "POST /web/dataset/call_kw/ir.module.module/get_views HTTP/1.1" 200 - 47 0.015 0.033
2025-08-26 03:43:37,853 1 INFO odoo werkzeug: 172.18.0.1 - - [26/Aug/2025 03:43:37] "POST /web/dataset/call_kw/ir.module.module/search_panel_select_range HTTP/1.1" 200 - 1 0.001 0.004
2025-08-26 03:43:37,871 1 INFO odoo werkzeug: 172.18.0.1 - - [26/Aug/2025 03:43:37] "POST /web/dataset/call_kw/ir.module.module/search_panel_select_range HTTP/1.1" 200 - 39 0.012 0.010
2025-08-26 03:43:37,876 1 INFO odoo werkzeug: 172.18.0.1 - - [26/Aug/2025 03:43:37] "POST /web/dataset/call_kw/ir.module.module/web_search_read HTTP/1.1" 200 - 4 0.003 0.022
2025-08-26 03:43:50,318 1 INFO odoo odoo.service.server: Initiating shutdown 
2025-08-26 03:43:50,318 1 INFO odoo odoo.service.server: Hit CTRL-C again or send a second signal to force the shutdown. 
2025-08-26 03:43:50,462 1 INFO odoo odoo.sql_db: ConnectionPool(used=0/count=0/max=64): Closed 5 connections  
2025-08-26 03:43:54,847 1 INFO ? odoo: Odoo version 17.0-20250819 
2025-08-26 03:43:54,847 1 INFO ? odoo: Using configuration file at /etc/odoo/odoo.conf 
2025-08-26 03:43:54,847 1 INFO ? odoo: addons paths: ['/usr/lib/python3/dist-packages/odoo/addons', '/var/lib/odoo/addons/17.0', '/mnt/extra-addons'] 
2025-08-26 03:43:54,847 1 INFO ? odoo: database: odoo@db:5432 
2025-08-26 03:43:54,914 1 INFO ? odoo.addons.base.models.ir_actions_report: Will use the Wkhtmltopdf binary at /usr/local/bin/wkhtmltopdf 
2025-08-26 03:43:55,012 1 INFO ? odoo.service.server: HTTP service (werkzeug) running on 87a050b8e84e:8069 
2025-08-26 03:43:55,026 1 INFO odoo odoo.modules.loading: loading 1 modules... 
2025-08-26 03:43:55,026 1 INFO odoo odoo.modules.loading: Loading module base (1/1) 
2025-08-26 03:43:55,041 1 INFO odoo odoo.modules.registry: module base: creating or updating database tables 
2025-08-26 03:43:55,330 1 INFO odoo odoo.modules.loading: loading base/data/res_bank.xml 
2025-08-26 03:43:55,335 1 INFO odoo odoo.modules.loading: loading base/data/res.lang.csv 
2025-08-26 03:43:55,442 1 INFO odoo odoo.modules.loading: loading base/data/res_lang_data.xml 
2025-08-26 03:43:55,457 1 INFO odoo odoo.modules.loading: loading base/data/res_partner_data.xml 
2025-08-26 03:43:55,497 1 INFO odoo odoo.modules.loading: loading base/data/res_currency_data.xml 
2025-08-26 03:43:55,749 1 INFO odoo odoo.modules.loading: loading base/data/res_company_data.xml 
2025-08-26 03:43:55,756 1 INFO odoo odoo.modules.loading: loading base/data/res_users_data.xml 
2025-08-26 03:43:56,659 1 INFO odoo odoo.modules.loading: loading base/data/report_paperformat_data.xml 
2025-08-26 03:43:56,663 1 INFO odoo odoo.modules.loading: loading base/data/res_country_data.xml 
2025-08-26 03:43:56,897 1 INFO odoo odoo.modules.loading: loading base/data/ir_demo_data.xml 
2025-08-26 03:43:56,910 1 INFO odoo odoo.modules.loading: loading base/security/base_groups.xml 
2025-08-26 03:43:57,065 1 INFO odoo odoo.modules.loading: loading base/security/base_security.xml 
2025-08-26 03:43:57,123 1 INFO odoo odoo.modules.loading: loading base/views/base_menus.xml 
2025-08-26 03:43:57,156 1 INFO odoo odoo.modules.loading: loading base/views/decimal_precision_views.xml 
2025-08-26 03:43:57,168 1 INFO odoo odoo.modules.loading: loading base/views/res_config_views.xml 
2025-08-26 03:43:57,177 1 INFO odoo odoo.modules.loading: loading base/data/res.country.state.csv 
2025-08-26 03:43:57,741 1 INFO odoo odoo.modules.loading: loading base/views/ir_actions_views.xml 
2025-08-26 03:43:57,837 1 INFO odoo odoo.modules.loading: loading base/views/ir_asset_views.xml 
2025-08-26 03:43:57,851 1 INFO odoo odoo.modules.loading: loading base/views/ir_config_parameter_views.xml 
2025-08-26 03:43:57,863 1 INFO odoo odoo.modules.loading: loading base/views/ir_cron_views.xml 
2025-08-26 03:43:57,888 1 INFO odoo odoo.modules.loading: loading base/views/ir_cron_trigger_views.xml 
2025-08-26 03:43:57,903 1 INFO odoo odoo.modules.loading: loading base/views/ir_filters_views.xml 
2025-08-26 03:43:57,918 1 INFO odoo odoo.modules.loading: loading base/views/ir_mail_server_views.xml 
2025-08-26 03:43:57,939 1 INFO odoo odoo.modules.loading: loading base/views/ir_model_views.xml 
2025-08-26 03:43:58,063 1 INFO odoo odoo.modules.loading: loading base/views/ir_attachment_views.xml 
2025-08-26 03:43:58,081 1 INFO odoo odoo.modules.loading: loading base/views/ir_rule_views.xml 
2025-08-26 03:43:58,108 1 INFO odoo odoo.modules.loading: loading base/views/ir_sequence_views.xml 
2025-08-26 03:43:58,124 1 INFO odoo odoo.modules.loading: loading base/views/ir_ui_menu_views.xml 
2025-08-26 03:43:58,138 1 INFO odoo odoo.modules.loading: loading base/views/ir_ui_view_views.xml 
2025-08-26 03:43:58,174 1 INFO odoo odoo.modules.loading: loading base/views/ir_default_views.xml 
2025-08-26 03:43:58,190 1 INFO odoo odoo.modules.loading: loading base/data/ir_cron_data.xml 
2025-08-26 03:43:58,197 1 INFO odoo odoo.modules.loading: loading base/report/ir_model_report.xml 
2025-08-26 03:43:58,200 1 INFO odoo odoo.modules.loading: loading base/report/ir_model_templates.xml 
2025-08-26 03:43:58,209 1 INFO odoo odoo.modules.loading: loading base/views/ir_logging_views.xml 
2025-08-26 03:43:58,223 1 INFO odoo odoo.modules.loading: loading base/views/ir_qweb_widget_templates.xml 
2025-08-26 03:43:58,236 1 INFO odoo odoo.modules.loading: loading base/views/ir_module_views.xml 
2025-08-26 03:43:58,271 1 INFO odoo odoo.modules.loading: loading base/data/ir_module_category_data.xml 
2025-08-26 03:43:58,418 1 INFO odoo odoo.modules.loading: loading base/data/ir_module_module.xml 
2025-08-26 03:43:58,440 1 INFO odoo odoo.modules.loading: loading base/report/ir_module_reports.xml 
2025-08-26 03:43:58,443 1 INFO odoo odoo.modules.loading: loading base/report/ir_module_report_templates.xml 
2025-08-26 03:43:58,451 1 INFO odoo odoo.modules.loading: loading base/wizard/base_module_update_views.xml 
2025-08-26 03:43:58,460 1 INFO odoo odoo.modules.loading: loading base/wizard/base_language_install_views.xml 
2025-08-26 03:43:58,471 1 INFO odoo odoo.modules.loading: loading base/wizard/base_import_language_views.xml 
2025-08-26 03:43:58,478 1 INFO odoo odoo.modules.loading: loading base/wizard/base_module_upgrade_views.xml 
2025-08-26 03:43:58,492 1 INFO odoo odoo.modules.loading: loading base/wizard/base_module_uninstall_views.xml 
2025-08-26 03:43:58,498 1 INFO odoo odoo.modules.loading: loading base/wizard/base_export_language_views.xml 
2025-08-26 03:43:58,508 1 INFO odoo odoo.modules.loading: loading base/wizard/base_partner_merge_views.xml 
2025-08-26 03:43:58,518 1 INFO odoo odoo.modules.loading: loading base/data/ir_demo_failure_data.xml 
2025-08-26 03:43:58,527 1 INFO odoo odoo.modules.loading: loading base/views/ir_profile_views.xml 
2025-08-26 03:43:58,545 1 INFO odoo odoo.modules.loading: loading base/views/res_company_views.xml 
2025-08-26 03:43:58,563 1 INFO odoo odoo.modules.loading: loading base/views/res_lang_views.xml 
2025-08-26 03:43:58,588 1 INFO odoo odoo.modules.loading: loading base/views/res_partner_views.xml 
2025-08-26 03:43:58,679 1 INFO odoo odoo.modules.loading: loading base/views/res_bank_views.xml 
2025-08-26 03:43:58,707 1 INFO odoo odoo.modules.loading: loading base/views/res_country_views.xml 
2025-08-26 03:43:58,740 1 INFO odoo odoo.modules.loading: loading base/views/res_currency_views.xml 
2025-08-26 03:43:58,774 1 INFO odoo odoo.modules.loading: loading base/views/res_users_views.xml 
2025-08-26 03:43:58,876 1 INFO odoo odoo.modules.loading: loading base/views/res_users_identitycheck_views.xml 
2025-08-26 03:43:58,885 1 INFO odoo odoo.modules.loading: loading base/views/ir_property_views.xml 
2025-08-26 03:43:58,899 1 INFO odoo odoo.modules.loading: loading base/views/res_config_settings_views.xml 
2025-08-26 03:43:58,906 1 INFO odoo odoo.modules.loading: loading base/views/report_paperformat_views.xml 
2025-08-26 03:43:58,923 1 INFO odoo odoo.modules.loading: loading base/security/ir.model.access.csv 
2025-08-26 03:43:59,025 1 INFO odoo odoo.modules.loading: Module base: loading demo 
2025-08-26 03:43:59,026 1 INFO odoo odoo.modules.loading: loading base/data/res_users_demo.xml 
2025-08-26 03:44:00,209 1 INFO odoo odoo.modules.loading: loading base/data/res_partner_bank_demo.xml 
2025-08-26 03:44:00,211 1 INFO odoo odoo.modules.loading: loading base/data/res_currency_demo.xml 
2025-08-26 03:44:00,214 1 INFO odoo odoo.modules.loading: loading base/data/res_currency_rate_demo.xml 
2025-08-26 03:44:00,285 1 INFO odoo odoo.modules.loading: loading base/data/res_bank_demo.xml 
2025-08-26 03:44:00,288 1 INFO odoo odoo.modules.loading: loading base/data/res_partner_demo.xml 
2025-08-26 03:44:00,463 1 INFO odoo odoo.modules.loading: loading base/data/res_partner_image_demo.xml 
2025-08-26 03:44:00,841 1 INFO odoo odoo.modules.loading: Module base loaded in 5.81s, 10716 queries (+10716 other) 
2025-08-26 03:44:00,841 1 INFO odoo odoo.modules.loading: 1 modules loaded in 5.82s, 10716 queries (+10716 extra) 
2025-08-26 03:44:00,852 1 INFO odoo odoo.modules.loading: updating modules list 
2025-08-26 03:44:00,852 1 INFO odoo odoo.addons.base.models.ir_module: ALLOW access to module.update_list on [] to user __system__ #1 via n/a 
2025-08-26 03:44:01,386 1 INFO odoo odoo.modules.loading: loading 34 modules... 
2025-08-26 03:44:01,592 1 INFO odoo odoo.modules.loading: 34 modules loaded in 0.21s, 0 queries (+0 extra) 
2025-08-26 03:44:01,994 1 INFO odoo odoo.modules.loading: Modules loaded. 
2025-08-26 03:44:02,009 1 INFO odoo odoo.modules.registry: Registry loaded in 6.997s 
2025-08-26 03:44:02,038 1 INFO odoo odoo.addons.base.models.ir_http: Generating routing map for key None 
2025-08-26 03:44:02,049 1 INFO odoo odoo.addons.base.models.ir_http: Generating routing map for key None 
2025-08-26 03:44:02,089 1 INFO odoo werkzeug: 172.18.0.1 - - [26/Aug/2025 03:44:02] "GET /web HTTP/1.1" 303 - 9 0.007 3.637
2025-08-26 03:44:02,089 1 INFO odoo werkzeug: 172.18.0.1 - - [26/Aug/2025 03:44:02] "GET /websocket?version=17.0-1 HTTP/1.1" 101 - 14 0.006 6.253
2025-08-26 03:44:02,220 1 INFO odoo werkzeug: 172.18.0.1 - - [26/Aug/2025 03:44:02] "GET /web/login HTTP/1.1" 200 - 55 0.014 0.114
2025-08-26 03:44:02,285 1 INFO odoo werkzeug: 172.18.0.1 - - [26/Aug/2025 03:44:02] "GET /web/binary/company_logo HTTP/1.1" 200 - 5 0.002 0.036
2025-08-26 03:44:12,240 1 INFO odoo odoo.addons.base.models.res_users: Login successful for db:odoo login:admin from 172.18.0.1 
2025-08-26 03:44:12,247 1 INFO odoo werkzeug: 172.18.0.1 - - [26/Aug/2025 03:44:12] "POST /web/login HTTP/1.1" 303 - 42 0.012 0.442
2025-08-26 03:44:12,358 1 INFO odoo werkzeug: 172.18.0.1 - - [26/Aug/2025 03:44:12] "GET /web HTTP/1.1" 200 - 63 0.015 0.093
2025-08-26 03:44:12,541 1 INFO odoo werkzeug: 172.18.0.1 - - [26/Aug/2025 03:44:12] "GET /bus/websocket_worker_bundle?v=17.0-1 HTTP/1.1" 304 - 4 0.005 0.013
2025-08-26 03:44:12,541 1 INFO odoo werkzeug: 172.18.0.1 - - [26/Aug/2025 03:44:12] "POST /web/action/load HTTP/1.1" 200 - 9 0.005 0.014
2025-08-26 03:44:12,555 1 INFO odoo werkzeug: 172.18.0.1 - - [26/Aug/2025 03:44:12] "POST /web/dataset/call_kw/res.users/systray_get_activities HTTP/1.1" 200 - 4 0.003 0.005
2025-08-26 03:44:12,592 1 INFO odoo werkzeug: 172.18.0.1 - - [26/Aug/2025 03:44:12] "GET /web/image?model=res.users&field=avatar_128&id=2 HTTP/1.1" 200 - 9 0.008 0.015
2025-08-26 03:44:12,596 1 INFO odoo werkzeug: 172.18.0.1 - - [26/Aug/2025 03:44:12] "GET /websocket?version=17.0-1 HTTP/1.1" 101 - 1 0.001 0.014
2025-08-26 03:44:12,599 1 INFO odoo werkzeug: 172.18.0.1 - - [26/Aug/2025 03:44:12] "POST /mail/init_messaging HTTP/1.1" 200 - 56 0.032 0.037
2025-08-26 03:44:12,631 1 INFO odoo werkzeug: 172.18.0.1 - - [26/Aug/2025 03:44:12] "POST /mail/load_message_failures HTTP/1.1" 200 - 10 0.004 0.009
2025-08-26 03:44:12,642 1 INFO odoo werkzeug: 172.18.0.1 - - [26/Aug/2025 03:44:12] "POST /web/dataset/call_kw/ir.module.module/get_views HTTP/1.1" 200 - 48 0.028 0.038
2025-08-26 03:44:12,654 1 INFO odoo werkzeug: 172.18.0.1 - - [26/Aug/2025 03:44:12] "POST /web/dataset/call_kw/ir.module.module/search_panel_select_range HTTP/1.1" 200 - 1 0.001 0.004
2025-08-26 03:44:12,671 1 INFO odoo werkzeug: 172.18.0.1 - - [26/Aug/2025 03:44:12] "POST /web/dataset/call_kw/ir.module.module/search_panel_select_range HTTP/1.1" 200 - 39 0.013 0.010
2025-08-26 03:44:12,678 1 INFO odoo werkzeug: 172.18.0.1 - - [26/Aug/2025 03:44:12] "POST /web/dataset/call_kw/ir.module.module/web_search_read HTTP/1.1" 200 - 4 0.003 0.024
2025-08-26 03:44:12,965 1 INFO ? odoo.addons.bus.models.bus: Bus.loop listen imbus on db postgres 
2025-08-26 03:44:24,893 1 INFO odoo werkzeug: 172.18.0.1 - - [26/Aug/2025 03:44:24] "POST /web/dataset/call_kw/ir.module.module/search_panel_select_range HTTP/1.1" 200 - 36 0.013 0.017
2025-08-26 03:44:24,904 1 INFO odoo werkzeug: 172.18.0.1 - - [26/Aug/2025 03:44:24] "POST /web/dataset/call_kw/ir.module.module/web_search_read HTTP/1.1" 200 - 3 0.002 0.004
2025-08-26 03:44:27,925 1 INFO odoo odoo.addons.base.models.ir_module: ALLOW access to module.button_immediate_install on ['Library Member'] to user admin #2 via 172.18.0.1 
2025-08-26 03:44:27,926 1 INFO odoo odoo.addons.base.models.ir_module: User #2 triggered module installation 
2025-08-26 03:44:27,926 1 INFO odoo odoo.addons.base.models.ir_module: ALLOW access to module.button_install on ['Library Member'] to user admin #2 via 172.18.0.1 
2025-08-26 03:44:27,979 1 INFO odoo odoo.modules.loading: loading 1 modules... 
2025-08-26 03:44:27,983 1 INFO odoo odoo.modules.loading: 1 modules loaded in 0.00s, 0 queries (+0 extra) 
2025-08-26 03:44:27,997 1 INFO odoo odoo.modules.loading: updating modules list 
2025-08-26 03:44:27,998 1 INFO odoo odoo.addons.base.models.ir_module: ALLOW access to module.update_list on [] to user __system__ #1 via 172.18.0.1 
2025-08-26 03:44:28,347 1 INFO odoo odoo.modules.loading: loading 34 modules... 
2025-08-26 03:44:28,367 1 INFO odoo odoo.modules.loading: 34 modules loaded in 0.02s, 0 queries (+0 extra) 
2025-08-26 03:44:28,368 1 INFO odoo odoo.modules.loading: loading 35 modules... 
2025-08-26 03:44:28,369 1 INFO odoo odoo.modules.loading: Loading module library_member (11/35) 
2025-08-26 03:44:28,427 1 INFO odoo odoo.modules.registry: module library_member: creating or updating database tables 
2025-08-26 03:44:28,494 1 INFO odoo odoo.modules.loading: loading library_member/security/ir.model.access.csv 
2025-08-26 03:44:28,497 1 WARNING odoo odoo.addons.base.models.ir_model: Rule library.member has no group, this is a deprecated feature. Every access-granting rule should specify a group. 
2025-08-26 03:44:28,500 1 INFO odoo odoo.modules.loading: loading library_member/views/member_views.xml 
2025-08-26 03:44:28,502 1 WARNING odoo odoo.modules.loading: Transient module states were reset 
2025-08-26 03:44:28,507 1 ERROR odoo odoo.modules.registry: Failed to load registry 
Traceback (most recent call last):
  File "/usr/lib/python3/dist-packages/odoo/modules/registry.py", line 110, in new
    odoo.modules.load_modules(registry, force_demo, status, update_module)
  File "/usr/lib/python3/dist-packages/odoo/modules/loading.py", line 485, in load_modules
    processed_modules += load_marked_modules(env, graph,
  File "/usr/lib/python3/dist-packages/odoo/modules/loading.py", line 366, in load_marked_modules
    loaded, processed = load_module_graph(
  File "/usr/lib/python3/dist-packages/odoo/modules/loading.py", line 229, in load_module_graph
    load_data(env, idref, mode, kind='data', package=package)
  File "/usr/lib/python3/dist-packages/odoo/modules/loading.py", line 73, in load_data
    tools.convert_file(env, package.name, filename, idref, mode, noupdate, kind)
  File "/usr/lib/python3/dist-packages/odoo/tools/convert.py", line 629, in convert_file
    with file_open(pathname, 'rb') as fp:
  File "/usr/lib/python3/dist-packages/odoo/tools/misc.py", line 214, in file_open
    path = file_path(name, filter_ext=filter_ext, env=env)
  File "/usr/lib/python3/dist-packages/odoo/tools/misc.py", line 193, in file_path
    raise FileNotFoundError("File not found: " + file_path)
FileNotFoundError: File not found: library_member/views/member_views.xml
2025-08-26 03:44:28,510 1 INFO odoo odoo.modules.loading: loading 1 modules... 
2025-08-26 03:44:28,514 1 INFO odoo odoo.modules.loading: 1 modules loaded in 0.00s, 0 queries (+0 extra) 
2025-08-26 03:44:28,517 1 INFO odoo odoo.modules.loading: loading 34 modules... 
2025-08-26 03:44:28,537 1 INFO odoo odoo.modules.loading: 34 modules loaded in 0.02s, 0 queries (+0 extra) 
2025-08-26 03:44:28,588 1 INFO odoo odoo.modules.loading: Modules loaded. 
2025-08-26 03:44:28,590 1 INFO odoo odoo.modules.registry: Registry loaded in 0.082s 
2025-08-26 03:44:28,592 1 ERROR odoo odoo.http: Exception during request handling. 
Traceback (most recent call last):
  File "/usr/lib/python3/dist-packages/odoo/http.py", line 2396, in __call__
    response = request._serve_db()
  File "/usr/lib/python3/dist-packages/odoo/http.py", line 1971, in _serve_db
    return service_model.retrying(self._serve_ir_http, self.env)
  File "/usr/lib/python3/dist-packages/odoo/service/model.py", line 152, in retrying
    result = func()
  File "/usr/lib/python3/dist-packages/odoo/http.py", line 1999, in _serve_ir_http
    response = self.dispatcher.dispatch(rule.endpoint, args)
  File "/usr/lib/python3/dist-packages/odoo/http.py", line 2203, in dispatch
    result = self.request.registry['ir.http']._dispatch(endpoint)
  File "/usr/lib/python3/dist-packages/odoo/addons/base/models/ir_http.py", line 221, in _dispatch
    result = endpoint(**request.params)
  File "/usr/lib/python3/dist-packages/odoo/http.py", line 786, in route_wrapper
    result = endpoint(self, *args, **params_ok)
  File "/usr/lib/python3/dist-packages/odoo/addons/web/controllers/dataset.py", line 29, in call_button
    action = self._call_kw(model, method, args, kwargs)
  File "/usr/lib/python3/dist-packages/odoo/addons/web/controllers/dataset.py", line 21, in _call_kw
    return call_kw(Model, method, args, kwargs)
  File "/usr/lib/python3/dist-packages/odoo/api.py", line 484, in call_kw
    result = _call_kw_multi(method, model, args, kwargs)
  File "/usr/lib/python3/dist-packages/odoo/api.py", line 469, in _call_kw_multi
    result = method(recs, *args, **kwargs)
  File "<decorator-gen-77>", line 2, in button_immediate_install
  File "/usr/lib/python3/dist-packages/odoo/addons/base/models/ir_module.py", line 75, in check_and_log
    return method(self, *args, **kwargs)
  File "/usr/lib/python3/dist-packages/odoo/addons/base/models/ir_module.py", line 476, in button_immediate_install
    return self._button_immediate_function(self.env.registry[self._name].button_install)
  File "/usr/lib/python3/dist-packages/odoo/addons/base/models/ir_module.py", line 600, in _button_immediate_function
    registry = modules.registry.Registry.new(self._cr.dbname, update_module=True)
  File "<decorator-gen-16>", line 2, in new
  File "/usr/lib/python3/dist-packages/odoo/tools/func.py", line 87, in locked
    return func(inst, *args, **kwargs)
  File "/usr/lib/python3/dist-packages/odoo/modules/registry.py", line 110, in new
    odoo.modules.load_modules(registry, force_demo, status, update_module)
  File "/usr/lib/python3/dist-packages/odoo/modules/loading.py", line 485, in load_modules
    processed_modules += load_marked_modules(env, graph,
  File "/usr/lib/python3/dist-packages/odoo/modules/loading.py", line 366, in load_marked_modules
    loaded, processed = load_module_graph(
  File "/usr/lib/python3/dist-packages/odoo/modules/loading.py", line 229, in load_module_graph
    load_data(env, idref, mode, kind='data', package=package)
  File "/usr/lib/python3/dist-packages/odoo/modules/loading.py", line 73, in load_data
    tools.convert_file(env, package.name, filename, idref, mode, noupdate, kind)
  File "/usr/lib/python3/dist-packages/odoo/tools/convert.py", line 629, in convert_file
    with file_open(pathname, 'rb') as fp:
  File "/usr/lib/python3/dist-packages/odoo/tools/misc.py", line 214, in file_open
    path = file_path(name, filter_ext=filter_ext, env=env)
  File "/usr/lib/python3/dist-packages/odoo/tools/misc.py", line 193, in file_path
    raise FileNotFoundError("File not found: " + file_path)
FileNotFoundError: File not found: library_member/views/member_views.xml
2025-08-26 03:44:28,592 1 INFO odoo werkzeug: 172.18.0.1 - - [26/Aug/2025 03:44:28] "POST /web/dataset/call_button HTTP/1.1" 200 - 1560 0.232 0.440
2025-08-26 03:45:02,098 1 INFO odoo odoo.addons.base.models.ir_cron: Starting job `Base: Auto-vacuum internal data`. 
2025-08-26 03:45:02,124 1 INFO odoo odoo.addons.base.models.ir_attachment: filestore gc 55 checked, 0 removed 
2025-08-26 03:45:02,158 1 INFO odoo odoo.addons.base.models.res_users: GC'd 1 user log entries 
2025-08-26 03:45:02,195 1 INFO odoo odoo.addons.auth_totp.models.auth_totp: GC'd 0 totp devices entries 
2025-08-26 03:45:02,214 1 INFO odoo odoo.models.unlink: User #1 deleted bus.bus records with IDs: [15, 16] 
2025-08-26 03:45:02,277 1 INFO odoo odoo.addons.sms.models.sms_sms: GC'd 0 sms marked for deletion 
2025-08-26 03:45:02,307 1 INFO odoo odoo.addons.base.models.ir_cron: Job done: `Base: Auto-vacuum internal data` (0.209s). 
2025-08-26 03:51:00,718 1 INFO odoo odoo.service.server: Initiating shutdown 
2025-08-26 03:51:00,718 1 INFO odoo odoo.service.server: Hit CTRL-C again or send a second signal to force the shutdown. 
2025-08-26 03:51:00,998 1 INFO odoo odoo.sql_db: ConnectionPool(used=0/count=0/max=64): Closed 6 connections  
2025-08-26 03:51:04,785 1 INFO ? odoo: Odoo version 17.0-20250819 
2025-08-26 03:51:04,785 1 INFO ? odoo: Using configuration file at /etc/odoo/odoo.conf 
2025-08-26 03:51:04,785 1 INFO ? odoo: addons paths: ['/usr/lib/python3/dist-packages/odoo/addons', '/var/lib/odoo/addons/17.0', '/mnt/extra-addons'] 
2025-08-26 03:51:04,785 1 INFO ? odoo: database: odoo@db:5432 
2025-08-26 03:51:04,851 1 INFO ? odoo.addons.base.models.ir_actions_report: Will use the Wkhtmltopdf binary at /usr/local/bin/wkhtmltopdf 
2025-08-26 03:51:04,949 1 INFO ? odoo.service.server: HTTP service (werkzeug) running on b3ae108ff1bb:8069 
2025-08-26 03:51:04,963 1 INFO odoo odoo.modules.loading: loading 1 modules... 
2025-08-26 03:51:04,963 1 INFO odoo odoo.modules.loading: Loading module base (1/1) 
2025-08-26 03:51:04,979 1 INFO odoo odoo.modules.registry: module base: creating or updating database tables 
2025-08-26 03:51:05,263 1 INFO odoo odoo.modules.loading: loading base/data/res_bank.xml 
2025-08-26 03:51:05,267 1 INFO odoo odoo.modules.loading: loading base/data/res.lang.csv 
2025-08-26 03:51:05,384 1 INFO odoo odoo.modules.loading: loading base/data/res_lang_data.xml 
2025-08-26 03:51:05,400 1 INFO odoo odoo.modules.loading: loading base/data/res_partner_data.xml 
2025-08-26 03:51:05,436 1 INFO odoo odoo.modules.loading: loading base/data/res_currency_data.xml 
2025-08-26 03:51:05,655 1 INFO odoo odoo.modules.loading: loading base/data/res_company_data.xml 
2025-08-26 03:51:05,660 1 INFO odoo odoo.modules.loading: loading base/data/res_users_data.xml 
2025-08-26 03:51:06,548 1 INFO odoo odoo.modules.loading: loading base/data/report_paperformat_data.xml 
2025-08-26 03:51:06,553 1 INFO odoo odoo.modules.loading: loading base/data/res_country_data.xml 
2025-08-26 03:51:06,753 1 INFO odoo odoo.modules.loading: loading base/data/ir_demo_data.xml 
2025-08-26 03:51:06,763 1 INFO odoo odoo.modules.loading: loading base/security/base_groups.xml 
2025-08-26 03:51:06,923 1 INFO odoo odoo.modules.loading: loading base/security/base_security.xml 
2025-08-26 03:51:06,999 1 INFO odoo odoo.modules.loading: loading base/views/base_menus.xml 
2025-08-26 03:51:07,036 1 INFO odoo odoo.modules.loading: loading base/views/decimal_precision_views.xml 
2025-08-26 03:51:07,048 1 INFO odoo odoo.modules.loading: loading base/views/res_config_views.xml 
2025-08-26 03:51:07,059 1 INFO odoo odoo.modules.loading: loading base/data/res.country.state.csv 
2025-08-26 03:51:07,616 1 INFO odoo odoo.modules.loading: loading base/views/ir_actions_views.xml 
2025-08-26 03:51:07,710 1 INFO odoo odoo.modules.loading: loading base/views/ir_asset_views.xml 
2025-08-26 03:51:07,727 1 INFO odoo odoo.modules.loading: loading base/views/ir_config_parameter_views.xml 
2025-08-26 03:51:07,742 1 INFO odoo odoo.modules.loading: loading base/views/ir_cron_views.xml 
2025-08-26 03:51:07,767 1 INFO odoo odoo.modules.loading: loading base/views/ir_cron_trigger_views.xml 
2025-08-26 03:51:07,782 1 INFO odoo odoo.modules.loading: loading base/views/ir_filters_views.xml 
2025-08-26 03:51:07,799 1 INFO odoo odoo.modules.loading: loading base/views/ir_mail_server_views.xml 
2025-08-26 03:51:07,817 1 INFO odoo odoo.modules.loading: loading base/views/ir_model_views.xml 
2025-08-26 03:51:07,926 1 INFO odoo odoo.modules.loading: loading base/views/ir_attachment_views.xml 
2025-08-26 03:51:07,941 1 INFO odoo odoo.modules.loading: loading base/views/ir_rule_views.xml 
2025-08-26 03:51:07,964 1 INFO odoo odoo.modules.loading: loading base/views/ir_sequence_views.xml 
2025-08-26 03:51:07,979 1 INFO odoo odoo.modules.loading: loading base/views/ir_ui_menu_views.xml 
2025-08-26 03:51:07,993 1 INFO odoo odoo.modules.loading: loading base/views/ir_ui_view_views.xml 
2025-08-26 03:51:08,028 1 INFO odoo odoo.modules.loading: loading base/views/ir_default_views.xml 
2025-08-26 03:51:08,048 1 INFO odoo odoo.modules.loading: loading base/data/ir_cron_data.xml 
2025-08-26 03:51:08,059 1 INFO odoo odoo.modules.loading: loading base/report/ir_model_report.xml 
2025-08-26 03:51:08,061 1 INFO odoo odoo.modules.loading: loading base/report/ir_model_templates.xml 
2025-08-26 03:51:08,072 1 INFO odoo odoo.modules.loading: loading base/views/ir_logging_views.xml 
2025-08-26 03:51:08,089 1 INFO odoo odoo.modules.loading: loading base/views/ir_qweb_widget_templates.xml 
2025-08-26 03:51:08,105 1 INFO odoo odoo.modules.loading: loading base/views/ir_module_views.xml 
2025-08-26 03:51:08,146 1 INFO odoo odoo.modules.loading: loading base/data/ir_module_category_data.xml 
2025-08-26 03:51:08,302 1 INFO odoo odoo.modules.loading: loading base/data/ir_module_module.xml 
2025-08-26 03:51:08,323 1 INFO odoo odoo.modules.loading: loading base/report/ir_module_reports.xml 
2025-08-26 03:51:08,325 1 INFO odoo odoo.modules.loading: loading base/report/ir_module_report_templates.xml 
2025-08-26 03:51:08,331 1 INFO odoo odoo.modules.loading: loading base/wizard/base_module_update_views.xml 
2025-08-26 03:51:08,339 1 INFO odoo odoo.modules.loading: loading base/wizard/base_language_install_views.xml 
2025-08-26 03:51:08,348 1 INFO odoo odoo.modules.loading: loading base/wizard/base_import_language_views.xml 
2025-08-26 03:51:08,356 1 INFO odoo odoo.modules.loading: loading base/wizard/base_module_upgrade_views.xml 
2025-08-26 03:51:08,372 1 INFO odoo odoo.modules.loading: loading base/wizard/base_module_uninstall_views.xml 
2025-08-26 03:51:08,380 1 INFO odoo odoo.modules.loading: loading base/wizard/base_export_language_views.xml 
2025-08-26 03:51:08,390 1 INFO odoo odoo.modules.loading: loading base/wizard/base_partner_merge_views.xml 
2025-08-26 03:51:08,398 1 INFO odoo odoo.modules.loading: loading base/data/ir_demo_failure_data.xml 
2025-08-26 03:51:08,410 1 INFO odoo odoo.modules.loading: loading base/views/ir_profile_views.xml 
2025-08-26 03:51:08,432 1 INFO odoo odoo.modules.loading: loading base/views/res_company_views.xml 
2025-08-26 03:51:08,451 1 INFO odoo odoo.modules.loading: loading base/views/res_lang_views.xml 
2025-08-26 03:51:08,474 1 INFO odoo odoo.modules.loading: loading base/views/res_partner_views.xml 
2025-08-26 03:51:08,577 1 INFO odoo odoo.modules.loading: loading base/views/res_bank_views.xml 
2025-08-26 03:51:08,609 1 INFO odoo odoo.modules.loading: loading base/views/res_country_views.xml 
2025-08-26 03:51:08,644 1 INFO odoo odoo.modules.loading: loading base/views/res_currency_views.xml 
2025-08-26 03:51:08,680 1 INFO odoo odoo.modules.loading: loading base/views/res_users_views.xml 
2025-08-26 03:51:08,785 1 INFO odoo odoo.modules.loading: loading base/views/res_users_identitycheck_views.xml 
2025-08-26 03:51:08,797 1 INFO odoo odoo.modules.loading: loading base/views/ir_property_views.xml 
2025-08-26 03:51:08,814 1 INFO odoo odoo.modules.loading: loading base/views/res_config_settings_views.xml 
2025-08-26 03:51:08,820 1 INFO odoo odoo.modules.loading: loading base/views/report_paperformat_views.xml 
2025-08-26 03:51:08,841 1 INFO odoo odoo.modules.loading: loading base/security/ir.model.access.csv 
2025-08-26 03:51:08,937 1 INFO odoo odoo.modules.loading: Module base: loading demo 
2025-08-26 03:51:08,937 1 INFO odoo odoo.modules.loading: loading base/data/res_users_demo.xml 
2025-08-26 03:51:10,210 1 INFO odoo odoo.modules.loading: loading base/data/res_partner_bank_demo.xml 
2025-08-26 03:51:10,212 1 INFO odoo odoo.modules.loading: loading base/data/res_currency_demo.xml 
2025-08-26 03:51:10,215 1 INFO odoo odoo.modules.loading: loading base/data/res_currency_rate_demo.xml 
2025-08-26 03:51:10,307 1 INFO odoo odoo.modules.loading: loading base/data/res_bank_demo.xml 
2025-08-26 03:51:10,309 1 INFO odoo odoo.modules.loading: loading base/data/res_partner_demo.xml 
2025-08-26 03:51:10,525 1 INFO odoo odoo.modules.loading: loading base/data/res_partner_image_demo.xml 
2025-08-26 03:51:10,940 1 INFO odoo odoo.modules.loading: Module base loaded in 5.98s, 10716 queries (+10716 other) 
2025-08-26 03:51:10,940 1 INFO odoo odoo.modules.loading: 1 modules loaded in 5.98s, 10716 queries (+10716 extra) 
2025-08-26 03:51:10,951 1 INFO odoo odoo.modules.loading: updating modules list 
2025-08-26 03:51:10,952 1 INFO odoo odoo.addons.base.models.ir_module: ALLOW access to module.update_list on [] to user __system__ #1 via n/a 
2025-08-26 03:51:11,459 1 INFO odoo odoo.modules.loading: loading 34 modules... 
2025-08-26 03:51:11,666 1 INFO odoo odoo.modules.loading: 34 modules loaded in 0.21s, 0 queries (+0 extra) 
2025-08-26 03:51:12,126 1 INFO odoo odoo.modules.loading: Modules loaded. 
2025-08-26 03:51:12,140 1 INFO odoo odoo.modules.registry: Registry loaded in 7.191s 
2025-08-26 03:51:12,173 1 INFO odoo odoo.addons.base.models.ir_http: Generating routing map for key None 
2025-08-26 03:51:12,184 1 INFO odoo odoo.addons.base.models.ir_http: Generating routing map for key None 
2025-08-26 03:51:12,229 1 INFO odoo werkzeug: 172.18.0.1 - - [26/Aug/2025 03:51:12] "GET /websocket?version=17.0-1 HTTP/1.1" 101 - 13 0.008 6.815
2025-08-26 03:51:12,230 1 INFO odoo werkzeug: 172.18.0.1 - - [26/Aug/2025 03:51:12] "GET /web HTTP/1.1" 303 - 9 0.007 1.894
2025-08-26 03:51:12,348 1 INFO odoo werkzeug: 172.18.0.1 - - [26/Aug/2025 03:51:12] "GET /web/login HTTP/1.1" 200 - 55 0.014 0.102
2025-08-26 03:51:12,418 1 INFO odoo werkzeug: 172.18.0.1 - - [26/Aug/2025 03:51:12] "GET /web/binary/company_logo HTTP/1.1" 200 - 5 0.001 0.037
2025-08-26 03:51:21,480 1 INFO odoo odoo.addons.base.models.res_users: Login successful for db:odoo login:admin from 172.18.0.1 
2025-08-26 03:51:21,489 1 INFO odoo werkzeug: 172.18.0.1 - - [26/Aug/2025 03:51:21] "POST /web/login HTTP/1.1" 303 - 42 0.012 0.416
2025-08-26 03:51:21,595 1 INFO odoo werkzeug: 172.18.0.1 - - [26/Aug/2025 03:51:21] "GET /web HTTP/1.1" 200 - 63 0.014 0.091
2025-08-26 03:51:21,787 1 INFO odoo werkzeug: 172.18.0.1 - - [26/Aug/2025 03:51:21] "GET /bus/websocket_worker_bundle?v=17.0-1 HTTP/1.1" 304 - 4 0.003 0.013
2025-08-26 03:51:21,788 1 INFO odoo werkzeug: 172.18.0.1 - - [26/Aug/2025 03:51:21] "POST /web/action/load HTTP/1.1" 200 - 9 0.004 0.014
2025-08-26 03:51:21,809 1 INFO odoo werkzeug: 172.18.0.1 - - [26/Aug/2025 03:51:21] "POST /web/dataset/call_kw/res.users/systray_get_activities HTTP/1.1" 200 - 4 0.002 0.003
2025-08-26 03:51:21,842 1 INFO odoo werkzeug: 172.18.0.1 - - [26/Aug/2025 03:51:21] "POST /mail/init_messaging HTTP/1.1" 200 - 56 0.030 0.034
2025-08-26 03:51:21,847 1 INFO odoo werkzeug: 172.18.0.1 - - [26/Aug/2025 03:51:21] "GET /web/image?model=res.users&field=avatar_128&id=2 HTTP/1.1" 200 - 9 0.005 0.016
2025-08-26 03:51:21,864 1 INFO odoo werkzeug: 172.18.0.1 - - [26/Aug/2025 03:51:21] "POST /mail/load_message_failures HTTP/1.1" 200 - 10 0.007 0.008
2025-08-26 03:51:21,865 1 INFO odoo werkzeug: 172.18.0.1 - - [26/Aug/2025 03:51:21] "GET /websocket?version=17.0-1 HTTP/1.1" 101 - 1 0.001 0.006
2025-08-26 03:51:21,893 1 INFO odoo werkzeug: 172.18.0.1 - - [26/Aug/2025 03:51:21] "POST /web/dataset/call_kw/ir.module.module/get_views HTTP/1.1" 200 - 48 0.015 0.032
2025-08-26 03:51:21,903 1 INFO odoo werkzeug: 172.18.0.1 - - [26/Aug/2025 03:51:21] "POST /web/dataset/call_kw/ir.module.module/search_panel_select_range HTTP/1.1" 200 - 1 0.000 0.004
2025-08-26 03:51:21,922 1 INFO odoo werkzeug: 172.18.0.1 - - [26/Aug/2025 03:51:21] "POST /web/dataset/call_kw/ir.module.module/search_panel_select_range HTTP/1.1" 200 - 39 0.010 0.012
2025-08-26 03:51:21,928 1 INFO odoo werkzeug: 172.18.0.1 - - [26/Aug/2025 03:51:21] "POST /web/dataset/call_kw/ir.module.module/web_search_read HTTP/1.1" 200 - 4 0.003 0.023
2025-08-26 03:51:22,196 1 INFO ? odoo.addons.bus.models.bus: Bus.loop listen imbus on db postgres 
2025-08-26 03:51:29,908 1 INFO odoo werkzeug: 172.18.0.1 - - [26/Aug/2025 03:51:29] "POST /web/dataset/call_kw/ir.module.module/search_panel_select_range HTTP/1.1" 200 - 36 0.018 0.022
2025-08-26 03:51:29,917 1 INFO odoo werkzeug: 172.18.0.1 - - [26/Aug/2025 03:51:29] "POST /web/dataset/call_kw/ir.module.module/web_search_read HTTP/1.1" 200 - 2 0.001 0.003
2025-08-26 03:51:29,947 1 INFO ? werkzeug: 172.18.0.1 - - [26/Aug/2025 03:51:29] "GET /web/static/img/empty_folder.svg HTTP/1.1" 200 - 0 0.000 0.001
2025-08-26 03:51:32,916 1 INFO odoo werkzeug: 172.18.0.1 - - [26/Aug/2025 03:51:32] "POST /web/dataset/call_kw/ir.module.module/search_panel_select_range HTTP/1.1" 200 - 36 0.018 0.023
2025-08-26 03:51:32,937 1 INFO odoo werkzeug: 172.18.0.1 - - [26/Aug/2025 03:51:32] "POST /web/dataset/call_kw/ir.module.module/web_search_read HTTP/1.1" 200 - 3 0.002 0.013
2025-08-26 03:51:41,699 1 INFO odoo werkzeug: 172.18.0.1 - - [26/Aug/2025 03:51:41] "POST /web/dataset/call_kw/ir.module.module/search_panel_select_range HTTP/1.1" 200 - 36 0.025 0.030
2025-08-26 03:51:41,712 1 INFO odoo werkzeug: 172.18.0.1 - - [26/Aug/2025 03:51:41] "POST /web/dataset/call_kw/ir.module.module/web_search_read HTTP/1.1" 200 - 3 0.002 0.005
2025-08-26 03:51:43,905 1 INFO odoo odoo.addons.base.models.ir_module: ALLOW access to module.button_immediate_install on ['Library Member'] to user admin #2 via 172.18.0.1 
2025-08-26 03:51:43,905 1 INFO odoo odoo.addons.base.models.ir_module: User #2 triggered module installation 
2025-08-26 03:51:43,906 1 INFO odoo odoo.addons.base.models.ir_module: ALLOW access to module.button_install on ['Library Member'] to user admin #2 via 172.18.0.1 
2025-08-26 03:51:43,962 1 INFO odoo odoo.modules.loading: loading 1 modules... 
2025-08-26 03:51:43,968 1 INFO odoo odoo.modules.loading: 1 modules loaded in 0.01s, 0 queries (+0 extra) 
2025-08-26 03:51:43,981 1 INFO odoo odoo.modules.loading: updating modules list 
2025-08-26 03:51:43,982 1 INFO odoo odoo.addons.base.models.ir_module: ALLOW access to module.update_list on [] to user __system__ #1 via 172.18.0.1 
2025-08-26 03:51:44,311 1 INFO odoo odoo.modules.loading: loading 34 modules... 
2025-08-26 03:51:44,329 1 INFO odoo odoo.modules.loading: 34 modules loaded in 0.02s, 0 queries (+0 extra) 
2025-08-26 03:51:44,330 1 INFO odoo odoo.modules.loading: loading 35 modules... 
2025-08-26 03:51:44,331 1 INFO odoo odoo.modules.loading: Loading module library_member (11/35) 
2025-08-26 03:51:44,386 1 INFO odoo odoo.modules.registry: module library_member: creating or updating database tables 
2025-08-26 03:51:44,451 1 INFO odoo odoo.modules.loading: loading library_member/security/ir.model.access.csv 
2025-08-26 03:51:44,454 1 WARNING odoo odoo.addons.base.models.ir_model: Rule library.member has no group, this is a deprecated feature. Every access-granting rule should specify a group. 
2025-08-26 03:51:44,457 1 INFO odoo odoo.modules.loading: loading library_member/views/member_views.xml 
2025-08-26 03:51:44,459 1 WARNING odoo odoo.modules.loading: Transient module states were reset 
2025-08-26 03:51:44,476 1 ERROR odoo odoo.modules.registry: Failed to load registry 
Traceback (most recent call last):
  File "/usr/lib/python3/dist-packages/odoo/modules/registry.py", line 110, in new
    odoo.modules.load_modules(registry, force_demo, status, update_module)
  File "/usr/lib/python3/dist-packages/odoo/modules/loading.py", line 485, in load_modules
    processed_modules += load_marked_modules(env, graph,
  File "/usr/lib/python3/dist-packages/odoo/modules/loading.py", line 366, in load_marked_modules
    loaded, processed = load_module_graph(
  File "/usr/lib/python3/dist-packages/odoo/modules/loading.py", line 229, in load_module_graph
    load_data(env, idref, mode, kind='data', package=package)
  File "/usr/lib/python3/dist-packages/odoo/modules/loading.py", line 73, in load_data
    tools.convert_file(env, package.name, filename, idref, mode, noupdate, kind)
  File "/usr/lib/python3/dist-packages/odoo/tools/convert.py", line 629, in convert_file
    with file_open(pathname, 'rb') as fp:
  File "/usr/lib/python3/dist-packages/odoo/tools/misc.py", line 214, in file_open
    path = file_path(name, filter_ext=filter_ext, env=env)
  File "/usr/lib/python3/dist-packages/odoo/tools/misc.py", line 193, in file_path
    raise FileNotFoundError("File not found: " + file_path)
FileNotFoundError: File not found: library_member/views/member_views.xml
2025-08-26 03:51:44,479 1 INFO odoo odoo.modules.loading: loading 1 modules... 
2025-08-26 03:51:44,483 1 INFO odoo odoo.modules.loading: 1 modules loaded in 0.00s, 0 queries (+0 extra) 
2025-08-26 03:51:44,486 1 INFO odoo odoo.modules.loading: loading 34 modules... 
2025-08-26 03:51:44,505 1 INFO odoo odoo.modules.loading: 34 modules loaded in 0.02s, 0 queries (+0 extra) 
2025-08-26 03:51:44,554 1 INFO odoo odoo.modules.loading: Modules loaded. 
2025-08-26 03:51:44,556 1 INFO odoo odoo.modules.registry: Registry loaded in 0.079s 
2025-08-26 03:51:44,557 1 ERROR odoo odoo.http: Exception during request handling. 
Traceback (most recent call last):
  File "/usr/lib/python3/dist-packages/odoo/http.py", line 2396, in __call__
    response = request._serve_db()
  File "/usr/lib/python3/dist-packages/odoo/http.py", line 1971, in _serve_db
    return service_model.retrying(self._serve_ir_http, self.env)
  File "/usr/lib/python3/dist-packages/odoo/service/model.py", line 152, in retrying
    result = func()
  File "/usr/lib/python3/dist-packages/odoo/http.py", line 1999, in _serve_ir_http
    response = self.dispatcher.dispatch(rule.endpoint, args)
  File "/usr/lib/python3/dist-packages/odoo/http.py", line 2203, in dispatch
    result = self.request.registry['ir.http']._dispatch(endpoint)
  File "/usr/lib/python3/dist-packages/odoo/addons/base/models/ir_http.py", line 221, in _dispatch
    result = endpoint(**request.params)
  File "/usr/lib/python3/dist-packages/odoo/http.py", line 786, in route_wrapper
    result = endpoint(self, *args, **params_ok)
  File "/usr/lib/python3/dist-packages/odoo/addons/web/controllers/dataset.py", line 29, in call_button
    action = self._call_kw(model, method, args, kwargs)
  File "/usr/lib/python3/dist-packages/odoo/addons/web/controllers/dataset.py", line 21, in _call_kw
    return call_kw(Model, method, args, kwargs)
  File "/usr/lib/python3/dist-packages/odoo/api.py", line 484, in call_kw
    result = _call_kw_multi(method, model, args, kwargs)
  File "/usr/lib/python3/dist-packages/odoo/api.py", line 469, in _call_kw_multi
    result = method(recs, *args, **kwargs)
  File "<decorator-gen-77>", line 2, in button_immediate_install
  File "/usr/lib/python3/dist-packages/odoo/addons/base/models/ir_module.py", line 75, in check_and_log
    return method(self, *args, **kwargs)
  File "/usr/lib/python3/dist-packages/odoo/addons/base/models/ir_module.py", line 476, in button_immediate_install
    return self._button_immediate_function(self.env.registry[self._name].button_install)
  File "/usr/lib/python3/dist-packages/odoo/addons/base/models/ir_module.py", line 600, in _button_immediate_function
    registry = modules.registry.Registry.new(self._cr.dbname, update_module=True)
  File "<decorator-gen-16>", line 2, in new
  File "/usr/lib/python3/dist-packages/odoo/tools/func.py", line 87, in locked
    return func(inst, *args, **kwargs)
  File "/usr/lib/python3/dist-packages/odoo/modules/registry.py", line 110, in new
    odoo.modules.load_modules(registry, force_demo, status, update_module)
  File "/usr/lib/python3/dist-packages/odoo/modules/loading.py", line 485, in load_modules
    processed_modules += load_marked_modules(env, graph,
  File "/usr/lib/python3/dist-packages/odoo/modules/loading.py", line 366, in load_marked_modules
    loaded, processed = load_module_graph(
  File "/usr/lib/python3/dist-packages/odoo/modules/loading.py", line 229, in load_module_graph
    load_data(env, idref, mode, kind='data', package=package)
  File "/usr/lib/python3/dist-packages/odoo/modules/loading.py", line 73, in load_data
    tools.convert_file(env, package.name, filename, idref, mode, noupdate, kind)
  File "/usr/lib/python3/dist-packages/odoo/tools/convert.py", line 629, in convert_file
    with file_open(pathname, 'rb') as fp:
  File "/usr/lib/python3/dist-packages/odoo/tools/misc.py", line 214, in file_open
    path = file_path(name, filter_ext=filter_ext, env=env)
  File "/usr/lib/python3/dist-packages/odoo/tools/misc.py", line 193, in file_path
    raise FileNotFoundError("File not found: " + file_path)
FileNotFoundError: File not found: library_member/views/member_views.xml
2025-08-26 03:51:44,558 1 INFO odoo werkzeug: 172.18.0.1 - - [26/Aug/2025 03:51:44] "POST /web/dataset/call_button HTTP/1.1" 200 - 1560 0.215 0.444
2025-08-26 03:52:12,248 1 INFO odoo odoo.addons.base.models.ir_cron: Starting job `Base: Auto-vacuum internal data`. 
2025-08-26 03:52:12,270 1 INFO odoo odoo.addons.base.models.ir_attachment: filestore gc 55 checked, 0 removed 
2025-08-26 03:52:12,299 1 INFO odoo odoo.addons.base.models.res_users: GC'd 1 user log entries 
2025-08-26 03:52:12,369 1 INFO odoo odoo.addons.auth_totp.models.auth_totp: GC'd 0 totp devices entries 
2025-08-26 03:52:12,393 1 INFO odoo odoo.models.unlink: User #1 deleted bus.bus records with IDs: [17, 18, 19, 20] 
2025-08-26 03:52:12,455 1 INFO odoo odoo.addons.sms.models.sms_sms: GC'd 0 sms marked for deletion 
2025-08-26 03:52:12,487 1 INFO odoo odoo.addons.base.models.ir_cron: Job done: `Base: Auto-vacuum internal data` (0.238s). 
2025-08-26 04:18:11,884 1 INFO odoo odoo.service.server: Initiating shutdown 
2025-08-26 04:18:11,884 1 INFO odoo odoo.service.server: Hit CTRL-C again or send a second signal to force the shutdown. 
2025-08-26 04:18:11,914 1 ERROR ? odoo.addons.bus.models.bus: Bus.loop error, sleep and retry 
Traceback (most recent call last):
  File "/usr/lib/python3/dist-packages/odoo/addons/bus/models/bus.py", line 254, in run
    self.loop()
  File "/usr/lib/python3/dist-packages/odoo/addons/bus/models/bus.py", line 239, in loop
    conn.poll()
psycopg2.OperationalError: server closed the connection unexpectedly
	This probably means the server terminated abnormally
	before or while processing the request.

2025-08-26 04:18:11,932 1 INFO odoo odoo.sql_db: Connection to the database failed 
2025-08-26 04:18:11,932 1 WARNING odoo odoo.addons.base.models.ir_cron: Exception in cron: 
Traceback (most recent call last):
  File "/usr/lib/python3/dist-packages/odoo/addons/base/models/ir_cron.py", line 119, in _process_jobs
    with db.cursor() as cron_cr:
  File "/usr/lib/python3/dist-packages/odoo/sql_db.py", line 767, in cursor
    return Cursor(self.__pool, self.__dbname, self.__dsn)
  File "/usr/lib/python3/dist-packages/odoo/sql_db.py", line 267, in __init__
    self._cnx = pool.borrow(dsn)
  File "<decorator-gen-13>", line 2, in borrow
  File "/usr/lib/python3/dist-packages/odoo/tools/func.py", line 87, in locked
    return func(inst, *args, **kwargs)
  File "/usr/lib/python3/dist-packages/odoo/sql_db.py", line 695, in borrow
    result = psycopg2.connect(
  File "/usr/lib/python3/dist-packages/psycopg2/__init__.py", line 122, in connect
    conn = _connect(dsn, connection_factory=connection_factory, **kwasync)
psycopg2.OperationalError: connection to server at "db" (172.18.0.2), port 5432 failed: FATAL:  the database system is shutting down

2025-08-26 04:18:11,935 1 INFO odoo odoo.sql_db: Connection to the database failed 
2025-08-26 04:18:11,949 1 INFO odoo odoo.sql_db: Connection to the database failed 
2025-08-26 04:18:11,949 1 WARNING odoo odoo.addons.base.models.ir_cron: Exception in cron: 
Traceback (most recent call last):
  File "/usr/lib/python3/dist-packages/odoo/addons/base/models/ir_cron.py", line 119, in _process_jobs
    with db.cursor() as cron_cr:
  File "/usr/lib/python3/dist-packages/odoo/sql_db.py", line 767, in cursor
    return Cursor(self.__pool, self.__dbname, self.__dsn)
  File "/usr/lib/python3/dist-packages/odoo/sql_db.py", line 267, in __init__
    self._cnx = pool.borrow(dsn)
  File "<decorator-gen-13>", line 2, in borrow
  File "/usr/lib/python3/dist-packages/odoo/tools/func.py", line 87, in locked
    return func(inst, *args, **kwargs)
  File "/usr/lib/python3/dist-packages/odoo/sql_db.py", line 695, in borrow
    result = psycopg2.connect(
  File "/usr/lib/python3/dist-packages/psycopg2/__init__.py", line 122, in connect
    conn = _connect(dsn, connection_factory=connection_factory, **kwasync)
psycopg2.OperationalError: connection to server at "db" (172.18.0.2), port 5432 failed: FATAL:  the database system is shutting down

2025-08-26 04:18:11,953 1 INFO odoo odoo.sql_db: Connection to the database failed 
2025-08-26 04:18:12,054 1 ERROR odoo werkzeug: Error on request:
Traceback (most recent call last):
  File "/usr/lib/python3/dist-packages/odoo/addons/bus/websocket.py", line 317, in get_messages
    message = self._process_next_message()
  File "/usr/lib/python3/dist-packages/odoo/addons/bus/websocket.py", line 463, in _process_next_message
    self._handle_control_frame(frame)
  File "/usr/lib/python3/dist-packages/odoo/addons/bus/websocket.py", line 599, in _handle_control_frame
    self._send_close_frame(code, reason)
  File "/usr/lib/python3/dist-packages/odoo/addons/bus/websocket.py", line 555, in _send_close_frame
    self._send_frame(CloseFrame(code, reason))
  File "/usr/lib/python3/dist-packages/odoo/addons/bus/websocket.py", line 548, in _send_frame
    return self._terminate()
  File "/usr/lib/python3/dist-packages/odoo/addons/bus/websocket.py", line 582, in _terminate
    with acquire_cursor(self._db) as cr:
  File "/usr/lib/python3/dist-packages/odoo/addons/bus/websocket.py", line 46, in acquire_cursor
    return odoo.registry(db).cursor()
  File "/usr/lib/python3/dist-packages/odoo/modules/registry.py", line 946, in cursor
    return self._db.cursor()
  File "/usr/lib/python3/dist-packages/odoo/sql_db.py", line 767, in cursor
    return Cursor(self.__pool, self.__dbname, self.__dsn)
  File "/usr/lib/python3/dist-packages/odoo/sql_db.py", line 267, in __init__
    self._cnx = pool.borrow(dsn)
  File "<decorator-gen-13>", line 2, in borrow
    
  File "/usr/lib/python3/dist-packages/odoo/tools/func.py", line 87, in locked
    return func(inst, *args, **kwargs)
  File "/usr/lib/python3/dist-packages/odoo/sql_db.py", line 695, in borrow
    result = psycopg2.connect(
  File "/usr/lib/python3/dist-packages/psycopg2/__init__.py", line 122, in connect
    conn = _connect(dsn, connection_factory=connection_factory, **kwasync)
psycopg2.OperationalError: connection to server at "db" (172.18.0.2), port 5432 failed: FATAL:  the database system is shutting down

During handling of the above exception, another exception occurred:

Traceback (most recent call last):
  File "/usr/lib/python3/dist-packages/werkzeug/serving.py", line 319, in run_wsgi
    execute(self.server.app)
  File "/usr/lib/python3/dist-packages/werkzeug/serving.py", line 316, in execute
    application_iter.close()  # type: ignore
  File "/usr/lib/python3/dist-packages/werkzeug/wsgi.py", line 466, in close
    callback()
  File "/usr/lib/python3/dist-packages/werkzeug/wrappers/response.py", line 439, in close
    func()
  File "/usr/lib/python3/dist-packages/odoo/addons/bus/websocket.py", line 906, in <lambda>
    response.call_on_close(lambda: cls._serve_forever(
  File "/usr/lib/python3/dist-packages/odoo/addons/bus/websocket.py", line 1012, in _serve_forever
    for message in websocket.get_messages():
  File "/usr/lib/python3/dist-packages/odoo/addons/bus/websocket.py", line 321, in get_messages
    self._handle_transport_error(exc)
  File "/usr/lib/python3/dist-packages/odoo/addons/bus/websocket.py", line 626, in _handle_transport_error
    registry = registry.check_signaling()
  File "/usr/lib/python3/dist-packages/odoo/modules/registry.py", line 837, in check_signaling
    with closing(self.cursor()) as cr:
  File "/usr/lib/python3/dist-packages/odoo/modules/registry.py", line 946, in cursor
    return self._db.cursor()
  File "/usr/lib/python3/dist-packages/odoo/sql_db.py", line 767, in cursor
    return Cursor(self.__pool, self.__dbname, self.__dsn)
  File "/usr/lib/python3/dist-packages/odoo/sql_db.py", line 267, in __init__
    self._cnx = pool.borrow(dsn)
  File "<decorator-gen-13>", line 2, in borrow
    
  File "/usr/lib/python3/dist-packages/odoo/tools/func.py", line 87, in locked
    return func(inst, *args, **kwargs)
  File "/usr/lib/python3/dist-packages/odoo/sql_db.py", line 695, in borrow
    result = psycopg2.connect(
  File "/usr/lib/python3/dist-packages/psycopg2/__init__.py", line 122, in connect
    conn = _connect(dsn, connection_factory=connection_factory, **kwasync)
psycopg2.OperationalError: connection to server at "db" (172.18.0.2), port 5432 failed: FATAL:  the database system is shutting down - - -
2025-08-26 04:18:12,339 1 INFO odoo odoo.sql_db: ConnectionPool(used=0/count=0/max=64): Closed 1 connections  
2025-08-26 10:57:36,639 1 INFO ? odoo: Odoo version 17.0-20250819 
2025-08-26 10:57:36,640 1 INFO ? odoo: Using configuration file at /etc/odoo/odoo.conf 
2025-08-26 10:57:36,640 1 INFO ? odoo: addons paths: ['/usr/lib/python3/dist-packages/odoo/addons', '/var/lib/odoo/addons/17.0', '/mnt/extra-addons'] 
2025-08-26 10:57:36,640 1 INFO ? odoo: database: odoo@db:5432 
2025-08-26 10:57:36,788 1 INFO ? odoo.addons.base.models.ir_actions_report: Will use the Wkhtmltopdf binary at /usr/local/bin/wkhtmltopdf 
2025-08-26 10:57:37,058 1 INFO ? odoo.service.server: HTTP service (werkzeug) running on b3ae108ff1bb:8069 
2025-08-26 10:57:37,130 1 INFO odoo odoo.modules.loading: loading 1 modules... 
2025-08-26 10:57:37,130 1 INFO odoo odoo.modules.loading: Loading module base (1/1) 
2025-08-26 10:57:37,156 1 INFO odoo odoo.modules.registry: module base: creating or updating database tables 
2025-08-26 10:57:37,573 1 INFO odoo odoo.modules.loading: loading base/data/res_bank.xml 
2025-08-26 10:57:37,580 1 INFO odoo odoo.modules.loading: loading base/data/res.lang.csv 
2025-08-26 10:57:37,723 1 INFO odoo odoo.modules.loading: loading base/data/res_lang_data.xml 
2025-08-26 10:57:37,758 1 INFO odoo odoo.modules.loading: loading base/data/res_partner_data.xml 
2025-08-26 10:57:37,804 1 INFO odoo odoo.modules.loading: loading base/data/res_currency_data.xml 
2025-08-26 10:57:38,023 1 INFO odoo odoo.modules.loading: loading base/data/res_company_data.xml 
2025-08-26 10:57:38,029 1 INFO odoo odoo.modules.loading: loading base/data/res_users_data.xml 
2025-08-26 10:57:38,891 1 INFO odoo odoo.modules.loading: loading base/data/report_paperformat_data.xml 
2025-08-26 10:57:38,896 1 INFO odoo odoo.modules.loading: loading base/data/res_country_data.xml 
2025-08-26 10:57:39,058 1 INFO odoo odoo.modules.loading: loading base/data/ir_demo_data.xml 
2025-08-26 10:57:39,072 1 INFO odoo odoo.modules.loading: loading base/security/base_groups.xml 
2025-08-26 10:57:39,710 1 INFO odoo odoo.modules.loading: loading base/security/base_security.xml 
2025-08-26 10:57:39,770 1 INFO odoo odoo.modules.loading: loading base/views/base_menus.xml 
2025-08-26 10:57:39,813 1 INFO odoo odoo.modules.loading: loading base/views/decimal_precision_views.xml 
2025-08-26 10:57:39,826 1 INFO odoo odoo.modules.loading: loading base/views/res_config_views.xml 
2025-08-26 10:57:39,835 1 INFO odoo odoo.modules.loading: loading base/data/res.country.state.csv 
2025-08-26 10:57:40,396 1 INFO odoo odoo.modules.loading: loading base/views/ir_actions_views.xml 
2025-08-26 10:57:40,490 1 INFO odoo odoo.modules.loading: loading base/views/ir_asset_views.xml 
2025-08-26 10:57:40,504 1 INFO odoo odoo.modules.loading: loading base/views/ir_config_parameter_views.xml 
2025-08-26 10:57:40,517 1 INFO odoo odoo.modules.loading: loading base/views/ir_cron_views.xml 
2025-08-26 10:57:40,538 1 INFO odoo odoo.modules.loading: loading base/views/ir_cron_trigger_views.xml 
2025-08-26 10:57:40,550 1 INFO odoo odoo.modules.loading: loading base/views/ir_filters_views.xml 
2025-08-26 10:57:40,564 1 INFO odoo odoo.modules.loading: loading base/views/ir_mail_server_views.xml 
2025-08-26 10:57:40,579 1 INFO odoo odoo.modules.loading: loading base/views/ir_model_views.xml 
2025-08-26 10:57:40,680 1 INFO odoo odoo.modules.loading: loading base/views/ir_attachment_views.xml 
2025-08-26 10:57:40,695 1 INFO odoo odoo.modules.loading: loading base/views/ir_rule_views.xml 
2025-08-26 10:57:40,718 1 INFO odoo odoo.modules.loading: loading base/views/ir_sequence_views.xml 
2025-08-26 10:57:40,732 1 INFO odoo odoo.modules.loading: loading base/views/ir_ui_menu_views.xml 
2025-08-26 10:57:40,746 1 INFO odoo odoo.modules.loading: loading base/views/ir_ui_view_views.xml 
2025-08-26 10:57:40,778 1 INFO odoo odoo.modules.loading: loading base/views/ir_default_views.xml 
2025-08-26 10:57:40,792 1 INFO odoo odoo.modules.loading: loading base/data/ir_cron_data.xml 
2025-08-26 10:57:40,800 1 INFO odoo odoo.modules.loading: loading base/report/ir_model_report.xml 
2025-08-26 10:57:40,802 1 INFO odoo odoo.modules.loading: loading base/report/ir_model_templates.xml 
2025-08-26 10:57:40,814 1 INFO odoo odoo.modules.loading: loading base/views/ir_logging_views.xml 
2025-08-26 10:57:40,827 1 INFO odoo odoo.modules.loading: loading base/views/ir_qweb_widget_templates.xml 
2025-08-26 10:57:40,840 1 INFO odoo odoo.modules.loading: loading base/views/ir_module_views.xml 
2025-08-26 10:57:40,873 1 INFO odoo odoo.modules.loading: loading base/data/ir_module_category_data.xml 
2025-08-26 10:57:40,991 1 INFO odoo odoo.modules.loading: loading base/data/ir_module_module.xml 
2025-08-26 10:57:41,013 1 INFO odoo odoo.modules.loading: loading base/report/ir_module_reports.xml 
2025-08-26 10:57:41,015 1 INFO odoo odoo.modules.loading: loading base/report/ir_module_report_templates.xml 
2025-08-26 10:57:41,021 1 INFO odoo odoo.modules.loading: loading base/wizard/base_module_update_views.xml 
2025-08-26 10:57:41,029 1 INFO odoo odoo.modules.loading: loading base/wizard/base_language_install_views.xml 
2025-08-26 10:57:41,037 1 INFO odoo odoo.modules.loading: loading base/wizard/base_import_language_views.xml 
2025-08-26 10:57:41,045 1 INFO odoo odoo.modules.loading: loading base/wizard/base_module_upgrade_views.xml 
2025-08-26 10:57:41,057 1 INFO odoo odoo.modules.loading: loading base/wizard/base_module_uninstall_views.xml 
2025-08-26 10:57:41,063 1 INFO odoo odoo.modules.loading: loading base/wizard/base_export_language_views.xml 
2025-08-26 10:57:41,071 1 INFO odoo odoo.modules.loading: loading base/wizard/base_partner_merge_views.xml 
2025-08-26 10:57:41,080 1 INFO odoo odoo.modules.loading: loading base/data/ir_demo_failure_data.xml 
2025-08-26 10:57:41,089 1 INFO odoo odoo.modules.loading: loading base/views/ir_profile_views.xml 
2025-08-26 10:57:41,104 1 INFO odoo odoo.modules.loading: loading base/views/res_company_views.xml 
2025-08-26 10:57:41,122 1 INFO odoo odoo.modules.loading: loading base/views/res_lang_views.xml 
2025-08-26 10:57:41,141 1 INFO odoo odoo.modules.loading: loading base/views/res_partner_views.xml 
2025-08-26 10:57:41,228 1 INFO odoo odoo.modules.loading: loading base/views/res_bank_views.xml 
2025-08-26 10:57:41,250 1 INFO odoo odoo.modules.loading: loading base/views/res_country_views.xml 
2025-08-26 10:57:41,280 1 INFO odoo odoo.modules.loading: loading base/views/res_currency_views.xml 
2025-08-26 10:57:41,308 1 INFO odoo odoo.modules.loading: loading base/views/res_users_views.xml 
2025-08-26 10:57:41,393 1 INFO odoo odoo.modules.loading: loading base/views/res_users_identitycheck_views.xml 
2025-08-26 10:57:41,401 1 INFO odoo odoo.modules.loading: loading base/views/ir_property_views.xml 
2025-08-26 10:57:41,414 1 INFO odoo odoo.modules.loading: loading base/views/res_config_settings_views.xml 
2025-08-26 10:57:41,426 1 INFO odoo odoo.modules.loading: loading base/views/report_paperformat_views.xml 
2025-08-26 10:57:41,441 1 INFO odoo odoo.modules.loading: loading base/security/ir.model.access.csv 
2025-08-26 10:57:41,539 1 INFO odoo odoo.modules.loading: Module base: loading demo 
2025-08-26 10:57:41,539 1 INFO odoo odoo.modules.loading: loading base/data/res_users_demo.xml 
2025-08-26 10:57:42,669 1 INFO odoo odoo.modules.loading: loading base/data/res_partner_bank_demo.xml 
2025-08-26 10:57:42,671 1 INFO odoo odoo.modules.loading: loading base/data/res_currency_demo.xml 
2025-08-26 10:57:42,674 1 INFO odoo odoo.modules.loading: loading base/data/res_currency_rate_demo.xml 
2025-08-26 10:57:42,738 1 INFO odoo odoo.modules.loading: loading base/data/res_bank_demo.xml 
2025-08-26 10:57:42,748 1 INFO odoo odoo.modules.loading: loading base/data/res_partner_demo.xml 
2025-08-26 10:57:42,924 1 INFO odoo odoo.modules.loading: loading base/data/res_partner_image_demo.xml 
2025-08-26 10:57:43,330 1 INFO odoo odoo.modules.loading: Module base loaded in 6.20s, 10716 queries (+10716 other) 
2025-08-26 10:57:43,330 1 INFO odoo odoo.modules.loading: 1 modules loaded in 6.20s, 10716 queries (+10716 extra) 
2025-08-26 10:57:43,341 1 INFO odoo odoo.modules.loading: updating modules list 
2025-08-26 10:57:43,342 1 INFO odoo odoo.addons.base.models.ir_module: ALLOW access to module.update_list on [] to user __system__ #1 via n/a 
2025-08-26 10:57:45,233 1 INFO odoo odoo.modules.loading: loading 34 modules... 
2025-08-26 10:57:45,679 1 INFO odoo odoo.modules.loading: 34 modules loaded in 0.45s, 0 queries (+0 extra) 
2025-08-26 10:57:46,108 1 INFO odoo odoo.modules.loading: Modules loaded. 
2025-08-26 10:57:46,123 1 INFO odoo odoo.modules.registry: Registry loaded in 9.065s 
2025-08-26 10:58:45,809 1 INFO odoo odoo.addons.base.models.ir_cron: Starting job `Digest Emails`. 
2025-08-26 10:58:45,943 1 INFO odoo odoo.addons.base.models.ir_cron: Job done: `Digest Emails` (0.134s). 
2025-08-26 10:58:45,956 1 INFO odoo odoo.addons.base.models.ir_cron: Starting job `Mail: Email Queue Manager`. 
2025-08-26 10:58:45,966 1 INFO odoo odoo.addons.base.models.ir_cron: Job done: `Mail: Email Queue Manager` (0.010s). 
2025-08-26 10:58:45,982 1 INFO odoo odoo.addons.base.models.ir_cron: Starting job `Notification: Send scheduled message notifications`. 
2025-08-26 10:58:45,985 1 INFO odoo odoo.addons.base.models.ir_cron: Job done: `Notification: Send scheduled message notifications` (0.003s). 
2025-08-26 10:58:45,993 1 INFO odoo odoo.addons.base.models.ir_cron: Starting job `Partner Autocomplete: Sync with remote DB`. 
2025-08-26 10:58:45,996 1 INFO odoo odoo.addons.base.models.ir_cron: Job done: `Partner Autocomplete: Sync with remote DB` (0.002s). 
2025-08-26 10:58:46,004 1 INFO odoo odoo.addons.base.models.ir_cron: Starting job `SMS: SMS Queue Manager`. 
2025-08-26 10:58:46,008 1 INFO odoo odoo.addons.base.models.ir_cron: Job done: `SMS: SMS Queue Manager` (0.004s). 
2025-08-26 10:58:46,016 1 INFO odoo odoo.addons.base.models.ir_cron: Starting job `Snailmail: process letters queue`. 
2025-08-26 10:58:46,020 1 INFO odoo odoo.addons.base.models.ir_cron: Job done: `Snailmail: process letters queue` (0.004s). 
2025-08-26 10:58:46,788 1 INFO odoo odoo.addons.base.models.ir_cron: Starting job `Base: Auto-vacuum internal data`. 
2025-08-26 10:58:46,843 1 INFO odoo odoo.addons.base.models.ir_attachment: filestore gc 55 checked, 0 removed 
2025-08-26 10:58:46,881 1 INFO odoo odoo.addons.base.models.res_users: GC'd 0 user log entries 
2025-08-26 10:58:46,900 1 INFO odoo odoo.addons.auth_totp.models.auth_totp: GC'd 0 totp devices entries 
2025-08-26 10:58:46,910 1 INFO odoo odoo.models.unlink: User #1 deleted bus.bus records with IDs: [21, 22] 
2025-08-26 10:58:46,970 1 INFO odoo odoo.addons.sms.models.sms_sms: GC'd 0 sms marked for deletion 
2025-08-26 10:58:47,012 1 INFO odoo odoo.addons.base.models.ir_cron: Job done: `Base: Auto-vacuum internal data` (0.224s). 
2025-08-26 10:59:12,953 1 INFO odoo odoo.addons.base.models.ir_http: Generating routing map for key None 
2025-08-26 10:59:13,053 1 INFO odoo werkzeug: 172.18.0.1 - - [26/Aug/2025 10:59:13] "POST /mail/init_messaging HTTP/1.1" 200 - 13 0.027 0.062
2025-08-26 10:59:13,100 1 INFO odoo werkzeug: 172.18.0.1 - - [26/Aug/2025 10:59:13] "GET /bus/websocket_worker_bundle?v=17.0-1 HTTP/1.1" 304 - 17 0.023 0.125
2025-08-26 10:59:13,116 1 INFO odoo odoo.http: Session expired 
2025-08-26 10:59:13,117 1 INFO odoo werkzeug: 172.18.0.1 - - [26/Aug/2025 10:59:13] "POST /web/action/load HTTP/1.1" 200 - 1 0.000 0.167
2025-08-26 10:59:13,126 1 INFO odoo odoo.http: Session expired 
2025-08-26 10:59:13,126 1 INFO odoo werkzeug: 172.18.0.1 - - [26/Aug/2025 10:59:13] "POST /web/dataset/call_kw/res.users/systray_get_activities HTTP/1.1" 200 - 1 0.000 0.123
2025-08-26 10:59:13,147 1 INFO odoo werkzeug: 172.18.0.1 - - [26/Aug/2025 10:59:13] "GET /websocket?version=17.0-1 HTTP/1.1" 101 - 5 0.002 0.006
2025-08-26 10:59:13,454 1 INFO ? odoo.addons.bus.models.bus: Bus.loop listen imbus on db postgres 
2025-08-26 11:06:07,829 1 INFO odoo odoo.service.server: Initiating shutdown 
2025-08-26 11:06:07,830 1 INFO odoo odoo.service.server: Hit CTRL-C again or send a second signal to force the shutdown. 
2025-08-26 11:06:08,207 1 INFO odoo odoo.sql_db: ConnectionPool(used=0/count=0/max=64): Closed 6 connections  
2025-08-27 00:31:36,056 1 INFO ? odoo: Odoo version 17.0-20250819 
2025-08-27 00:31:36,057 1 INFO ? odoo: Using configuration file at /etc/odoo/odoo.conf 
2025-08-27 00:31:36,057 1 INFO ? odoo: addons paths: ['/usr/lib/python3/dist-packages/odoo/addons', '/var/lib/odoo/addons/17.0', '/mnt/extra-addons'] 
2025-08-27 00:31:36,057 1 INFO ? odoo: database: odoo@db:5432 
2025-08-27 00:31:36,185 1 INFO ? odoo.addons.base.models.ir_actions_report: Will use the Wkhtmltopdf binary at /usr/local/bin/wkhtmltopdf 
2025-08-27 00:31:36,480 1 INFO ? odoo.service.server: HTTP service (werkzeug) running on edd96daeca66:8069 
2025-08-27 00:31:36,502 1 INFO odoo odoo.modules.loading: init db 
2025-08-27 00:31:37,852 1 INFO odoo odoo.modules.loading: loading 1 modules... 
2025-08-27 00:31:37,852 1 INFO odoo odoo.modules.loading: Loading module base (1/1) 
2025-08-27 00:31:37,870 1 INFO odoo odoo.modules.registry: module base: creating or updating database tables 
2025-08-27 00:31:39,323 1 INFO odoo odoo.models: Prepare computation of ir.module.module.menus_by_module 
2025-08-27 00:31:39,323 1 INFO odoo odoo.models: Prepare computation of ir.module.module.reports_by_module 
2025-08-27 00:31:39,323 1 INFO odoo odoo.models: Prepare computation of ir.module.module.views_by_module 
2025-08-27 00:31:39,859 1 INFO odoo odoo.models: Prepare computation of res.partner.user_id 
2025-08-27 00:31:39,859 1 INFO odoo odoo.models: Prepare computation of res.partner.commercial_partner_id 
2025-08-27 00:31:39,859 1 INFO odoo odoo.models: Prepare computation of res.partner.complete_name 
2025-08-27 00:31:39,860 1 INFO odoo odoo.models: Prepare computation of res.partner.company_registry 
2025-08-27 00:31:39,860 1 INFO odoo odoo.models: Prepare computation of res.partner.commercial_company_name 
2025-08-27 00:31:39,860 1 INFO odoo odoo.models: Prepare computation of res.partner.partner_share 
2025-08-27 00:31:40,002 1 INFO odoo odoo.models: Prepare computation of res.currency.decimal_places 
2025-08-27 00:31:40,085 1 INFO odoo odoo.models: Prepare computation of res.company.uses_default_logo 
2025-08-27 00:31:40,085 1 INFO odoo odoo.models: Prepare computation of res.company.logo_web 
2025-08-27 00:31:40,097 1 INFO odoo odoo.models: Computing parent_path for table res_company... 
2025-08-27 00:31:40,201 1 INFO odoo odoo.models: Prepare computation of res.users.signature 
2025-08-27 00:31:40,201 1 INFO odoo odoo.models: Prepare computation of res.users.share 
2025-08-27 00:31:42,464 1 INFO odoo odoo.modules.loading: loading base/data/res_bank.xml 
2025-08-27 00:31:42,470 1 INFO odoo odoo.modules.loading: loading base/data/res.lang.csv 
2025-08-27 00:31:42,501 1 INFO odoo odoo.modules.loading: loading base/data/res_lang_data.xml 
2025-08-27 00:31:42,529 1 INFO odoo odoo.modules.loading: loading base/data/res_partner_data.xml 
2025-08-27 00:31:42,572 1 INFO odoo odoo.modules.loading: loading base/data/res_currency_data.xml 
2025-08-27 00:31:42,974 1 INFO odoo odoo.modules.loading: loading base/data/res_company_data.xml 
2025-08-27 00:31:42,983 1 INFO odoo odoo.modules.loading: loading base/data/res_users_data.xml 
2025-08-27 00:31:43,940 1 INFO odoo odoo.modules.loading: loading base/data/report_paperformat_data.xml 
2025-08-27 00:31:43,955 1 INFO odoo odoo.modules.loading: loading base/data/res_country_data.xml 
2025-08-27 00:31:44,257 1 INFO odoo odoo.modules.loading: loading base/data/ir_demo_data.xml 
2025-08-27 00:31:44,271 1 INFO odoo odoo.modules.loading: loading base/security/base_groups.xml 
2025-08-27 00:31:44,879 1 INFO odoo odoo.modules.loading: loading base/security/base_security.xml 
2025-08-27 00:31:44,992 1 INFO odoo odoo.modules.loading: loading base/views/base_menus.xml 
2025-08-27 00:31:45,050 1 INFO odoo odoo.modules.loading: loading base/views/decimal_precision_views.xml 
2025-08-27 00:31:45,063 1 INFO odoo odoo.modules.loading: loading base/views/res_config_views.xml 
2025-08-27 00:31:45,072 1 INFO odoo odoo.modules.loading: loading base/data/res.country.state.csv 
2025-08-27 00:31:45,473 1 INFO odoo odoo.modules.loading: loading base/views/ir_actions_views.xml 
2025-08-27 00:31:45,565 1 INFO odoo odoo.modules.loading: loading base/views/ir_asset_views.xml 
2025-08-27 00:31:45,590 1 INFO odoo odoo.modules.loading: loading base/views/ir_config_parameter_views.xml 
2025-08-27 00:31:45,604 1 INFO odoo odoo.modules.loading: loading base/views/ir_cron_views.xml 
2025-08-27 00:31:45,626 1 INFO odoo odoo.modules.loading: loading base/views/ir_cron_trigger_views.xml 
2025-08-27 00:31:45,638 1 INFO odoo odoo.modules.loading: loading base/views/ir_filters_views.xml 
2025-08-27 00:31:45,652 1 INFO odoo odoo.modules.loading: loading base/views/ir_mail_server_views.xml 
2025-08-27 00:31:45,667 1 INFO odoo odoo.modules.loading: loading base/views/ir_model_views.xml 
2025-08-27 00:31:45,764 1 INFO odoo odoo.modules.loading: loading base/views/ir_attachment_views.xml 
2025-08-27 00:31:45,796 1 INFO odoo odoo.modules.loading: loading base/views/ir_rule_views.xml 
2025-08-27 00:31:45,818 1 INFO odoo odoo.modules.loading: loading base/views/ir_sequence_views.xml 
2025-08-27 00:31:45,833 1 INFO odoo odoo.modules.loading: loading base/views/ir_ui_menu_views.xml 
2025-08-27 00:31:45,848 1 INFO odoo odoo.modules.loading: loading base/views/ir_ui_view_views.xml 
2025-08-27 00:31:45,884 1 INFO odoo odoo.modules.loading: loading base/views/ir_default_views.xml 
2025-08-27 00:31:45,897 1 INFO odoo odoo.modules.loading: loading base/data/ir_cron_data.xml 
2025-08-27 00:31:45,905 1 INFO odoo odoo.modules.loading: loading base/report/ir_model_report.xml 
2025-08-27 00:31:45,908 1 INFO odoo odoo.modules.loading: loading base/report/ir_model_templates.xml 
2025-08-27 00:31:45,916 1 INFO odoo odoo.modules.loading: loading base/views/ir_logging_views.xml 
2025-08-27 00:31:45,930 1 INFO odoo odoo.modules.loading: loading base/views/ir_qweb_widget_templates.xml 
2025-08-27 00:31:45,939 1 INFO odoo odoo.modules.loading: loading base/views/ir_module_views.xml 
2025-08-27 00:31:45,973 1 INFO odoo odoo.modules.loading: loading base/data/ir_module_category_data.xml 
2025-08-27 00:31:46,018 1 INFO odoo odoo.modules.loading: loading base/data/ir_module_module.xml 
2025-08-27 00:31:46,072 1 INFO odoo odoo.modules.loading: loading base/report/ir_module_reports.xml 
2025-08-27 00:31:46,084 1 INFO odoo odoo.modules.loading: loading base/report/ir_module_report_templates.xml 
2025-08-27 00:31:46,087 1 INFO odoo odoo.modules.loading: loading base/wizard/base_module_update_views.xml 
2025-08-27 00:31:46,097 1 INFO odoo odoo.modules.loading: loading base/wizard/base_language_install_views.xml 
2025-08-27 00:31:46,105 1 INFO odoo odoo.modules.loading: loading base/wizard/base_import_language_views.xml 
2025-08-27 00:31:46,114 1 INFO odoo odoo.modules.loading: loading base/wizard/base_module_upgrade_views.xml 
2025-08-27 00:31:46,125 1 INFO odoo odoo.modules.loading: loading base/wizard/base_module_uninstall_views.xml 
2025-08-27 00:31:46,132 1 INFO odoo odoo.modules.loading: loading base/wizard/base_export_language_views.xml 
2025-08-27 00:31:46,139 1 INFO odoo odoo.modules.loading: loading base/wizard/base_partner_merge_views.xml 
2025-08-27 00:31:46,149 1 INFO odoo odoo.modules.loading: loading base/data/ir_demo_failure_data.xml 
2025-08-27 00:31:46,158 1 INFO odoo odoo.modules.loading: loading base/views/ir_profile_views.xml 
2025-08-27 00:31:46,172 1 INFO odoo odoo.modules.loading: loading base/views/res_company_views.xml 
2025-08-27 00:31:46,192 1 INFO odoo odoo.modules.loading: loading base/views/res_lang_views.xml 
2025-08-27 00:31:46,208 1 INFO odoo odoo.modules.loading: loading base/views/res_partner_views.xml 
2025-08-27 00:31:46,317 1 INFO odoo odoo.modules.loading: loading base/views/res_bank_views.xml 
2025-08-27 00:31:46,363 1 INFO odoo odoo.modules.loading: loading base/views/res_country_views.xml 
2025-08-27 00:31:46,411 1 INFO odoo odoo.modules.loading: loading base/views/res_currency_views.xml 
2025-08-27 00:31:46,450 1 INFO odoo odoo.modules.loading: loading base/views/res_users_views.xml 
2025-08-27 00:31:46,570 1 INFO odoo odoo.modules.loading: loading base/views/res_users_identitycheck_views.xml 
2025-08-27 00:31:46,586 1 INFO odoo odoo.modules.loading: loading base/views/ir_property_views.xml 
2025-08-27 00:31:46,602 1 INFO odoo odoo.modules.loading: loading base/views/res_config_settings_views.xml 
2025-08-27 00:31:46,607 1 INFO odoo odoo.modules.loading: loading base/views/report_paperformat_views.xml 
2025-08-27 00:31:46,624 1 INFO odoo odoo.modules.loading: loading base/security/ir.model.access.csv 
2025-08-27 00:31:46,699 1 INFO odoo odoo.modules.loading: Module base: loading demo 
2025-08-27 00:31:46,699 1 INFO odoo odoo.modules.loading: loading base/data/res_users_demo.xml 
2025-08-27 00:31:47,990 1 INFO odoo odoo.modules.loading: loading base/data/res_partner_bank_demo.xml 
2025-08-27 00:31:48,005 1 INFO odoo odoo.modules.loading: loading base/data/res_currency_demo.xml 
2025-08-27 00:31:48,011 1 INFO odoo odoo.modules.loading: loading base/data/res_currency_rate_demo.xml 
2025-08-27 00:31:48,155 1 INFO odoo odoo.modules.loading: loading base/data/res_bank_demo.xml 
2025-08-27 00:31:48,160 1 INFO odoo odoo.modules.loading: loading base/data/res_partner_demo.xml 
2025-08-27 00:31:48,327 1 INFO odoo odoo.modules.loading: loading base/data/res_partner_image_demo.xml 
2025-08-27 00:31:48,698 1 INFO odoo odoo.modules.loading: Module base loaded in 10.85s, 9085 queries (+9085 other) 
2025-08-27 00:31:48,698 1 INFO odoo odoo.modules.loading: 1 modules loaded in 10.85s, 9085 queries (+9085 extra) 
2025-08-27 00:31:48,709 1 INFO odoo odoo.modules.loading: updating modules list 
2025-08-27 00:31:48,711 1 INFO odoo odoo.addons.base.models.ir_module: ALLOW access to module.update_list on [] to user __system__ #1 via n/a 
2025-08-27 00:31:49,150 1 INFO odoo odoo.modules.loading: loading 11 modules... 
2025-08-27 00:31:49,150 1 INFO odoo odoo.modules.loading: Loading module web (2/11) 
2025-08-27 00:31:49,166 1 INFO odoo odoo.modules.registry: module web: creating or updating database tables 
2025-08-27 00:31:49,539 1 INFO odoo odoo.modules.loading: loading web/security/ir.model.access.csv 
2025-08-27 00:31:49,560 1 INFO odoo odoo.modules.loading: loading web/views/webclient_templates.xml 
2025-08-27 00:31:49,609 1 INFO odoo odoo.modules.loading: loading web/views/report_templates.xml 
2025-08-27 00:31:49,693 1 INFO odoo odoo.modules.loading: loading web/views/base_document_layout_views.xml 
2025-08-27 00:31:49,702 1 INFO odoo odoo.modules.loading: loading web/views/partner_view.xml 
2025-08-27 00:31:49,706 1 INFO odoo odoo.modules.loading: loading web/views/speedscope_template.xml 
2025-08-27 00:31:49,711 1 INFO odoo odoo.modules.loading: loading web/views/neutralize_views.xml 
2025-08-27 00:31:49,716 1 INFO odoo odoo.modules.loading: loading web/data/ir_attachment.xml 
2025-08-27 00:31:49,720 1 INFO odoo odoo.modules.loading: loading web/data/report_layout.xml 
2025-08-27 00:31:49,763 1 INFO odoo odoo.modules.loading: Module web loaded in 0.61s, 993 queries (+993 other) 
2025-08-27 00:31:49,763 1 INFO odoo odoo.modules.loading: Loading module auth_totp (3/11) 
2025-08-27 00:31:49,788 1 INFO odoo odoo.modules.registry: module auth_totp: creating or updating database tables 
2025-08-27 00:31:49,888 1 INFO odoo odoo.modules.loading: loading auth_totp/security/security.xml 
2025-08-27 00:31:49,922 1 INFO odoo odoo.modules.loading: loading auth_totp/security/ir.model.access.csv 
2025-08-27 00:31:49,932 1 INFO odoo odoo.modules.loading: loading auth_totp/data/ir_action_data.xml 
2025-08-27 00:31:49,938 1 INFO odoo odoo.modules.loading: loading auth_totp/views/res_users_views.xml 
2025-08-27 00:31:49,964 1 INFO odoo odoo.modules.loading: loading auth_totp/views/templates.xml 
2025-08-27 00:31:49,969 1 INFO odoo odoo.modules.loading: loading auth_totp/wizard/auth_totp_wizard_views.xml 
2025-08-27 00:31:49,999 1 INFO odoo odoo.modules.loading: Module auth_totp loaded in 0.24s, 179 queries (+179 other) 
2025-08-27 00:31:49,999 1 INFO odoo odoo.modules.loading: Loading module base_import (4/11) 
2025-08-27 00:31:50,047 1 INFO odoo odoo.modules.registry: module base_import: creating or updating database tables 
2025-08-27 00:31:50,542 1 INFO odoo odoo.modules.loading: loading base_import/security/ir.model.access.csv 
2025-08-27 00:31:50,578 1 INFO odoo odoo.modules.loading: Module base_import loaded in 0.58s, 805 queries (+805 other) 
2025-08-27 00:31:50,579 1 INFO odoo odoo.modules.loading: Loading module base_import_module (5/11) 
2025-08-27 00:31:50,600 1 INFO odoo odoo.modules.registry: module base_import_module: creating or updating database tables 
2025-08-27 00:31:50,671 1 INFO odoo odoo.modules.loading: loading base_import_module/security/ir.model.access.csv 
2025-08-27 00:31:50,686 1 INFO odoo odoo.modules.loading: loading base_import_module/views/base_import_module_view.xml 
2025-08-27 00:31:50,701 1 INFO odoo odoo.modules.loading: loading base_import_module/views/ir_module_views.xml 
2025-08-27 00:31:50,739 1 INFO odoo odoo.modules.loading: Module base_import_module loaded in 0.16s, 154 queries (+154 other) 
2025-08-27 00:31:50,739 1 INFO odoo odoo.modules.loading: Loading module base_setup (6/11) 
2025-08-27 00:31:50,758 1 INFO odoo odoo.modules.registry: module base_setup: creating or updating database tables 
2025-08-27 00:31:50,797 1 INFO odoo odoo.modules.loading: loading base_setup/data/base_setup_data.xml 
2025-08-27 00:31:50,811 1 INFO odoo odoo.modules.loading: loading base_setup/views/res_config_settings_views.xml 
2025-08-27 00:31:50,847 1 INFO odoo odoo.modules.loading: loading base_setup/views/res_partner_views.xml 
2025-08-27 00:31:50,889 1 INFO odoo odoo.modules.loading: Module base_setup loaded in 0.15s, 139 queries (+139 other) 
2025-08-27 00:31:50,889 1 INFO odoo odoo.modules.loading: Loading module bus (7/11) 
2025-08-27 00:31:50,916 1 INFO odoo odoo.modules.registry: module bus: creating or updating database tables 
2025-08-27 00:31:51,034 1 INFO odoo odoo.modules.loading: loading bus/security/ir.model.access.csv 
2025-08-27 00:31:51,065 1 INFO odoo odoo.modules.loading: Module bus loaded in 0.18s, 116 queries (+116 other) 
2025-08-27 00:31:51,065 1 INFO odoo odoo.modules.loading: Loading module web_tour (8/11) 
2025-08-27 00:31:51,080 1 INFO odoo odoo.modules.registry: module web_tour: creating or updating database tables 
2025-08-27 00:31:51,122 1 INFO odoo odoo.modules.loading: loading web_tour/security/ir.model.access.csv 
2025-08-27 00:31:51,132 1 INFO odoo odoo.modules.loading: loading web_tour/security/ir.rule.csv 
2025-08-27 00:31:51,140 1 INFO odoo odoo.modules.loading: loading web_tour/views/tour_views.xml 
2025-08-27 00:31:51,171 1 INFO odoo odoo.modules.loading: Module web_tour loaded in 0.11s, 104 queries (+104 other) 
2025-08-27 00:31:51,171 1 INFO odoo odoo.modules.loading: Loading module iap (9/11) 
2025-08-27 00:31:51,188 1 INFO odoo odoo.modules.registry: module iap: creating or updating database tables 
2025-08-27 00:31:51,298 1 INFO odoo odoo.modules.loading: loading iap/security/ir.model.access.csv 
2025-08-27 00:31:51,317 1 INFO odoo odoo.modules.loading: loading iap/security/ir_rule.xml 
2025-08-27 00:31:51,322 1 INFO odoo odoo.modules.loading: loading iap/views/iap_views.xml 
2025-08-27 00:31:51,339 1 INFO odoo odoo.modules.loading: loading iap/views/res_config_settings.xml 
2025-08-27 00:31:51,366 1 INFO odoo odoo.modules.loading: Module iap loaded in 0.20s, 151 queries (+151 other) 
2025-08-27 00:31:51,366 1 INFO odoo odoo.modules.loading: Loading module web_editor (10/11) 
2025-08-27 00:31:51,428 1 INFO odoo odoo.modules.registry: module web_editor: creating or updating database tables 
2025-08-27 00:31:51,877 1 INFO odoo odoo.modules.loading: loading web_editor/security/ir.model.access.csv 
2025-08-27 00:31:51,895 1 INFO odoo odoo.modules.loading: loading web_editor/data/editor_assets.xml 
2025-08-27 00:31:51,899 1 INFO odoo odoo.modules.loading: loading web_editor/views/editor.xml 
2025-08-27 00:31:51,913 1 INFO odoo odoo.modules.loading: loading web_editor/views/snippets.xml 
2025-08-27 00:31:51,969 1 INFO odoo odoo.modules.loading: Module web_editor loaded in 0.60s, 911 queries (+911 other) 
2025-08-27 00:31:51,970 1 INFO odoo odoo.modules.loading: Loading module web_unsplash (11/11) 
2025-08-27 00:31:51,988 1 INFO odoo odoo.modules.registry: module web_unsplash: creating or updating database tables 
2025-08-27 00:31:52,028 1 INFO odoo odoo.modules.loading: loading web_unsplash/views/res_config_settings_view.xml 
2025-08-27 00:31:52,056 1 INFO odoo odoo.modules.loading: Module web_unsplash loaded in 0.09s, 95 queries (+95 other) 
2025-08-27 00:31:52,056 1 INFO odoo odoo.modules.loading: 11 modules loaded in 2.91s, 3647 queries (+3647 extra) 
2025-08-27 00:31:52,230 1 INFO odoo odoo.modules.loading: Modules loaded. 
2025-08-27 00:31:52,244 1 INFO odoo odoo.modules.registry: Registry loaded in 15.765s 
2025-08-27 00:32:52,359 1 INFO odoo odoo.addons.base.models.ir_cron: Starting job `Base: Auto-vacuum internal data`. 
2025-08-27 00:32:52,374 1 INFO odoo odoo.addons.base.models.ir_attachment: filestore gc 56 checked, 0 removed 
2025-08-27 00:32:52,397 1 INFO odoo odoo.addons.base.models.res_users: GC'd 0 user log entries 
2025-08-27 00:32:52,410 1 INFO odoo odoo.addons.auth_totp.models.auth_totp: GC'd 0 totp devices entries 
2025-08-27 00:32:52,419 1 INFO odoo odoo.addons.base.models.ir_cron: Job done: `Base: Auto-vacuum internal data` (0.060s). 
2025-08-27 00:32:52,435 1 INFO odoo odoo.addons.base.models.ir_cron: Starting job `Base: Portal Users Deletion`. 
2025-08-27 00:32:52,438 1 INFO odoo odoo.addons.base.models.ir_cron: Job done: `Base: Portal Users Deletion` (0.003s). 
2025-08-27 02:32:23,010 1 INFO odoo odoo.service.server: Initiating shutdown 
2025-08-27 02:32:23,010 1 INFO odoo odoo.service.server: Hit CTRL-C again or send a second signal to force the shutdown. 
2025-08-27 02:32:23,141 1 INFO odoo odoo.sql_db: ConnectionPool(used=0/count=0/max=64): Closed 3 connections  
2025-08-27 02:32:27,085 1 INFO ? odoo: Odoo version 17.0-20250819 
2025-08-27 02:32:27,086 1 INFO ? odoo: Using configuration file at /etc/odoo/odoo.conf 
2025-08-27 02:32:27,086 1 INFO ? odoo: addons paths: ['/usr/lib/python3/dist-packages/odoo/addons', '/var/lib/odoo/addons/17.0', '/mnt/extra-addons'] 
2025-08-27 02:32:27,086 1 INFO ? odoo: database: odoo@db:5432 
2025-08-27 02:32:27,154 1 INFO ? odoo.addons.base.models.ir_actions_report: Will use the Wkhtmltopdf binary at /usr/local/bin/wkhtmltopdf 
2025-08-27 02:32:27,265 1 INFO ? odoo.service.server: HTTP service (werkzeug) running on 9849cf859217:8069 
2025-08-27 02:32:27,279 1 INFO odoo odoo.modules.loading: loading 1 modules... 
2025-08-27 02:32:27,279 1 INFO odoo odoo.modules.loading: Loading module base (1/1) 
2025-08-27 02:32:27,296 1 INFO odoo odoo.modules.registry: module base: creating or updating database tables 
2025-08-27 02:32:27,597 1 INFO odoo odoo.modules.loading: loading base/data/res_bank.xml 
2025-08-27 02:32:27,601 1 INFO odoo odoo.modules.loading: loading base/data/res.lang.csv 
2025-08-27 02:32:27,752 1 INFO odoo odoo.modules.loading: loading base/data/res_lang_data.xml 
2025-08-27 02:32:27,767 1 INFO odoo odoo.modules.loading: loading base/data/res_partner_data.xml 
2025-08-27 02:32:27,806 1 INFO odoo odoo.modules.loading: loading base/data/res_currency_data.xml 
2025-08-27 02:32:28,032 1 INFO odoo odoo.modules.loading: loading base/data/res_company_data.xml 
2025-08-27 02:32:28,037 1 INFO odoo odoo.modules.loading: loading base/data/res_users_data.xml 
2025-08-27 02:32:28,910 1 INFO odoo odoo.modules.loading: loading base/data/report_paperformat_data.xml 
2025-08-27 02:32:28,913 1 INFO odoo odoo.modules.loading: loading base/data/res_country_data.xml 
2025-08-27 02:32:29,157 1 INFO odoo odoo.modules.loading: loading base/data/ir_demo_data.xml 
2025-08-27 02:32:29,166 1 INFO odoo odoo.modules.loading: loading base/security/base_groups.xml 
2025-08-27 02:32:29,320 1 INFO odoo odoo.modules.loading: loading base/security/base_security.xml 
2025-08-27 02:32:29,382 1 INFO odoo odoo.modules.loading: loading base/views/base_menus.xml 
2025-08-27 02:32:29,411 1 INFO odoo odoo.modules.loading: loading base/views/decimal_precision_views.xml 
2025-08-27 02:32:29,422 1 INFO odoo odoo.modules.loading: loading base/views/res_config_views.xml 
2025-08-27 02:32:29,429 1 INFO odoo odoo.modules.loading: loading base/data/res.country.state.csv 
2025-08-27 02:32:30,009 1 INFO odoo odoo.modules.loading: loading base/views/ir_actions_views.xml 
2025-08-27 02:32:30,102 1 INFO odoo odoo.modules.loading: loading base/views/ir_asset_views.xml 
2025-08-27 02:32:30,114 1 INFO odoo odoo.modules.loading: loading base/views/ir_config_parameter_views.xml 
2025-08-27 02:32:30,127 1 INFO odoo odoo.modules.loading: loading base/views/ir_cron_views.xml 
2025-08-27 02:32:30,150 1 INFO odoo odoo.modules.loading: loading base/views/ir_cron_trigger_views.xml 
2025-08-27 02:32:30,163 1 INFO odoo odoo.modules.loading: loading base/views/ir_filters_views.xml 
2025-08-27 02:32:30,177 1 INFO odoo odoo.modules.loading: loading base/views/ir_mail_server_views.xml 
2025-08-27 02:32:30,194 1 INFO odoo odoo.modules.loading: loading base/views/ir_model_views.xml 
2025-08-27 02:32:30,309 1 INFO odoo odoo.modules.loading: loading base/views/ir_attachment_views.xml 
2025-08-27 02:32:30,327 1 INFO odoo odoo.modules.loading: loading base/views/ir_rule_views.xml 
2025-08-27 02:32:30,350 1 INFO odoo odoo.modules.loading: loading base/views/ir_sequence_views.xml 
2025-08-27 02:32:30,366 1 INFO odoo odoo.modules.loading: loading base/views/ir_ui_menu_views.xml 
2025-08-27 02:32:30,381 1 INFO odoo odoo.modules.loading: loading base/views/ir_ui_view_views.xml 
2025-08-27 02:32:30,437 1 INFO odoo odoo.modules.loading: loading base/views/ir_default_views.xml 
2025-08-27 02:32:30,465 1 INFO odoo odoo.modules.loading: loading base/data/ir_cron_data.xml 
2025-08-27 02:32:30,476 1 INFO odoo odoo.modules.loading: loading base/report/ir_model_report.xml 
2025-08-27 02:32:30,479 1 INFO odoo odoo.modules.loading: loading base/report/ir_model_templates.xml 
2025-08-27 02:32:30,492 1 INFO odoo odoo.modules.loading: loading base/views/ir_logging_views.xml 
2025-08-27 02:32:30,513 1 INFO odoo odoo.modules.loading: loading base/views/ir_qweb_widget_templates.xml 
2025-08-27 02:32:30,533 1 INFO odoo odoo.modules.loading: loading base/views/ir_module_views.xml 
2025-08-27 02:32:30,588 1 INFO odoo odoo.modules.loading: loading base/data/ir_module_category_data.xml 
2025-08-27 02:32:30,748 1 INFO odoo odoo.modules.loading: loading base/data/ir_module_module.xml 
2025-08-27 02:32:30,779 1 INFO odoo odoo.modules.loading: loading base/report/ir_module_reports.xml 
2025-08-27 02:32:30,782 1 INFO odoo odoo.modules.loading: loading base/report/ir_module_report_templates.xml 
2025-08-27 02:32:30,792 1 INFO odoo odoo.modules.loading: loading base/wizard/base_module_update_views.xml 
2025-08-27 02:32:30,803 1 INFO odoo odoo.modules.loading: loading base/wizard/base_language_install_views.xml 
2025-08-27 02:32:30,820 1 INFO odoo odoo.modules.loading: loading base/wizard/base_import_language_views.xml 
2025-08-27 02:32:30,830 1 INFO odoo odoo.modules.loading: loading base/wizard/base_module_upgrade_views.xml 
2025-08-27 02:32:30,845 1 INFO odoo odoo.modules.loading: loading base/wizard/base_module_uninstall_views.xml 
2025-08-27 02:32:30,855 1 INFO odoo odoo.modules.loading: loading base/wizard/base_export_language_views.xml 
2025-08-27 02:32:30,864 1 INFO odoo odoo.modules.loading: loading base/wizard/base_partner_merge_views.xml 
2025-08-27 02:32:30,875 1 INFO odoo odoo.modules.loading: loading base/data/ir_demo_failure_data.xml 
2025-08-27 02:32:30,886 1 INFO odoo odoo.modules.loading: loading base/views/ir_profile_views.xml 
2025-08-27 02:32:30,903 1 INFO odoo odoo.modules.loading: loading base/views/res_company_views.xml 
2025-08-27 02:32:30,919 1 INFO odoo odoo.modules.loading: loading base/views/res_lang_views.xml 
2025-08-27 02:32:30,942 1 INFO odoo odoo.modules.loading: loading base/views/res_partner_views.xml 
2025-08-27 02:32:31,031 1 INFO odoo odoo.modules.loading: loading base/views/res_bank_views.xml 
2025-08-27 02:32:31,058 1 INFO odoo odoo.modules.loading: loading base/views/res_country_views.xml 
2025-08-27 02:32:31,093 1 INFO odoo odoo.modules.loading: loading base/views/res_currency_views.xml 
2025-08-27 02:32:31,127 1 INFO odoo odoo.modules.loading: loading base/views/res_users_views.xml 
2025-08-27 02:32:31,222 1 INFO odoo odoo.modules.loading: loading base/views/res_users_identitycheck_views.xml 
2025-08-27 02:32:31,229 1 INFO odoo odoo.modules.loading: loading base/views/ir_property_views.xml 
2025-08-27 02:32:31,241 1 INFO odoo odoo.modules.loading: loading base/views/res_config_settings_views.xml 
2025-08-27 02:32:31,245 1 INFO odoo odoo.modules.loading: loading base/views/report_paperformat_views.xml 
2025-08-27 02:32:31,260 1 INFO odoo odoo.modules.loading: loading base/security/ir.model.access.csv 
2025-08-27 02:32:31,350 1 INFO odoo odoo.modules.loading: Module base: loading demo 
2025-08-27 02:32:31,351 1 INFO odoo odoo.modules.loading: loading base/data/res_users_demo.xml 
2025-08-27 02:32:32,497 1 INFO odoo odoo.modules.loading: loading base/data/res_partner_bank_demo.xml 
2025-08-27 02:32:32,499 1 INFO odoo odoo.modules.loading: loading base/data/res_currency_demo.xml 
2025-08-27 02:32:32,502 1 INFO odoo odoo.modules.loading: loading base/data/res_currency_rate_demo.xml 
2025-08-27 02:32:32,567 1 INFO odoo odoo.modules.loading: loading base/data/res_bank_demo.xml 
2025-08-27 02:32:32,569 1 INFO odoo odoo.modules.loading: loading base/data/res_partner_demo.xml 
2025-08-27 02:32:32,730 1 INFO odoo odoo.modules.loading: loading base/data/res_partner_image_demo.xml 
2025-08-27 02:32:33,084 1 INFO odoo odoo.modules.loading: Module base loaded in 5.81s, 10647 queries (+10647 other) 
2025-08-27 02:32:33,084 1 INFO odoo odoo.modules.loading: 1 modules loaded in 5.81s, 10647 queries (+10647 extra) 
2025-08-27 02:32:33,094 1 INFO odoo odoo.modules.loading: updating modules list 
2025-08-27 02:32:33,094 1 INFO odoo odoo.addons.base.models.ir_module: ALLOW access to module.update_list on [] to user __system__ #1 via n/a 
2025-08-27 02:32:33,527 1 INFO odoo odoo.modules.loading: loading 11 modules... 
2025-08-27 02:32:33,564 1 INFO odoo odoo.modules.loading: 11 modules loaded in 0.04s, 0 queries (+0 extra) 
2025-08-27 02:32:33,734 1 INFO odoo odoo.modules.loading: Modules loaded. 
2025-08-27 02:32:33,749 1 INFO odoo odoo.modules.registry: Registry loaded in 6.484s 
2025-08-27 02:32:44,122 1 INFO odoo odoo.addons.base.models.ir_http: Generating routing map for key None 
2025-08-27 02:32:44,146 1 INFO odoo werkzeug: 172.18.0.1 - - [27/Aug/2025 02:32:44] "GET / HTTP/1.1" 303 - 8 0.002 0.024
2025-08-27 02:32:44,153 1 INFO odoo werkzeug: 172.18.0.1 - - [27/Aug/2025 02:32:44] "GET /web HTTP/1.1" 303 - 4 0.001 0.003
2025-08-27 02:32:44,312 1 INFO odoo werkzeug: 172.18.0.1 - - [27/Aug/2025 02:32:44] "GET /web/login HTTP/1.1" 200 - 53 0.015 0.141
2025-08-27 02:32:44,382 1 INFO odoo werkzeug: 172.18.0.1 - - [27/Aug/2025 02:32:44] "GET /web/binary/company_logo HTTP/1.1" 200 - 5 0.002 0.039
2025-08-27 02:32:44,815 1 INFO odoo odoo.addons.base.models.assetsbundle: Generating a new asset bundle attachment /web/assets/6bfffcf/web.assets_frontend_lazy.min.js (id:189) 
2025-08-27 02:32:44,822 1 INFO odoo werkzeug: 172.18.0.1 - - [27/Aug/2025 02:32:44] "GET /web/assets/6bfffcf/web.assets_frontend_lazy.min.js HTTP/1.1" 200 - 15 0.005 0.361
2025-08-27 02:32:44,903 1 INFO odoo werkzeug: 172.18.0.1 - - [27/Aug/2025 02:32:44] "GET /web/webclient/translations/1756261964895 HTTP/1.1" 200 - 7 0.001 0.005
2025-08-27 02:32:53,018 1 INFO odoo odoo.addons.base.models.res_users: Login successful for db:odoo login:admin from 172.18.0.1 
2025-08-27 02:32:53,027 1 INFO odoo odoo.modules.registry: Caches invalidated, signaling through the database: ['default'] 
2025-08-27 02:32:53,028 1 INFO odoo werkzeug: 172.18.0.1 - - [27/Aug/2025 02:32:53] "POST /web/login HTTP/1.1" 303 - 46 0.016 0.420
2025-08-27 02:32:53,152 1 INFO odoo werkzeug: 172.18.0.1 - - [27/Aug/2025 02:32:53] "GET /web HTTP/1.1" 200 - 73 0.018 0.103
2025-08-27 02:32:53,209 1 INFO odoo werkzeug: 172.18.0.1 - - [27/Aug/2025 02:32:53] "GET /web/webclient/translations/c097a4426362f8e75854b784c5418b565eb85939?lang=en_US HTTP/1.1" 200 - 3 0.006 0.018
2025-08-27 02:32:53,209 1 INFO odoo werkzeug: 172.18.0.1 - - [27/Aug/2025 02:32:53] "GET /web/webclient/load_menus/172bef6a7af96680ac3a6d836ca7e789cae2e213afe9556bbb3468597f3484c3 HTTP/1.1" 200 - 2 0.006 0.019
2025-08-27 02:32:54,043 1 INFO odoo odoo.addons.base.models.assetsbundle: Generating a new asset bundle attachment /web/assets/99164c1/web.assets_web.min.css (id:190) 
2025-08-27 02:32:54,061 1 INFO odoo werkzeug: 172.18.0.1 - - [27/Aug/2025 02:32:54] "GET /web/assets/99164c1/web.assets_web.min.css HTTP/1.1" 200 - 15 0.017 0.870
2025-08-27 02:32:54,725 1 INFO odoo odoo.addons.base.models.assetsbundle: Generating a new asset bundle attachment /web/assets/f0c3177/web.assets_web.min.js (id:191) 
2025-08-27 02:32:54,739 1 INFO odoo werkzeug: 172.18.0.1 - - [27/Aug/2025 02:32:54] "GET /web/assets/f0c3177/web.assets_web.min.js HTTP/1.1" 200 - 11 0.005 1.550
2025-08-27 02:32:54,882 1 INFO odoo odoo.addons.base.models.assetsbundle: Generating a new asset bundle attachment /web/assets/ba037c6/bus.websocket_worker_assets.min.js (id:192) 
2025-08-27 02:32:54,890 1 INFO odoo werkzeug: 172.18.0.1 - - [27/Aug/2025 02:32:54] "GET /bus/websocket_worker_bundle?v=17.0-1 HTTP/1.1" 200 - 8 0.002 0.022
2025-08-27 02:32:54,916 1 INFO odoo werkzeug: 172.18.0.1 - - [27/Aug/2025 02:32:54] "POST /web/action/load HTTP/1.1" 200 - 9 0.008 0.009
2025-08-27 02:32:54,917 1 INFO ? werkzeug: 172.18.0.1 - - [27/Aug/2025 02:32:54] "GET /web/static/lib/odoo_ui_icons/fonts/odoo_ui_icons.woff2 HTTP/1.1" 200 - 0 0.000 0.013
2025-08-27 02:32:54,932 1 INFO odoo werkzeug: 172.18.0.1 - - [27/Aug/2025 02:32:54] "GET /websocket?version=17.0-1 HTTP/1.1" 101 - 1 0.001 0.022
2025-08-27 02:32:54,935 1 INFO odoo werkzeug: 172.18.0.1 - - [27/Aug/2025 02:32:54] "GET /web/service-worker.js HTTP/1.1" 200 - 1 0.009 0.012
2025-08-27 02:32:54,938 1 INFO odoo werkzeug: 172.18.0.1 - - [27/Aug/2025 02:32:54] "GET /web/image?model=res.users&field=avatar_128&id=2 HTTP/1.1" 200 - 16 0.020 0.017
2025-08-27 02:32:54,968 1 INFO odoo werkzeug: 172.18.0.1 - - [27/Aug/2025 02:32:54] "GET /web/offline HTTP/1.1" 200 - 6 0.005 0.010
2025-08-27 02:32:54,984 1 INFO odoo werkzeug: 172.18.0.1 - - [27/Aug/2025 02:32:54] "GET /web/manifest.webmanifest HTTP/1.1" 200 - 7 0.004 0.005
2025-08-27 02:32:54,990 1 INFO ? werkzeug: 172.18.0.1 - - [27/Aug/2025 02:32:54] "GET /web/static/img/odoo-icon-192x192.png HTTP/1.1" 200 - 0 0.000 0.001
2025-08-27 02:32:54,996 1 INFO odoo werkzeug: 172.18.0.1 - - [27/Aug/2025 02:32:54] "POST /web/dataset/call_kw/ir.module.module/get_views HTTP/1.1" 200 - 48 0.024 0.031
2025-08-27 02:32:55,009 1 INFO odoo werkzeug: 172.18.0.1 - - [27/Aug/2025 02:32:55] "POST /web/dataset/call_kw/ir.module.module/search_panel_select_range HTTP/1.1" 200 - 1 0.001 0.003
2025-08-27 02:32:55,029 1 INFO odoo werkzeug: 172.18.0.1 - - [27/Aug/2025 02:32:55] "POST /web/dataset/call_kw/ir.module.module/search_panel_select_range HTTP/1.1" 200 - 40 0.010 0.012
2025-08-27 02:32:55,053 1 INFO odoo werkzeug: 172.18.0.1 - - [27/Aug/2025 02:32:55] "POST /web/dataset/call_kw/ir.module.module/web_search_read HTTP/1.1" 200 - 4 0.003 0.037
2025-08-27 02:32:55,176 1 INFO ? werkzeug: 172.18.0.1 - - [27/Aug/2025 02:32:55] "GET /sale_management/static/description/icon.png HTTP/1.1" 200 - 0 0.000 0.001
2025-08-27 02:32:55,182 1 INFO ? werkzeug: 172.18.0.1 - - [27/Aug/2025 02:32:55] "GET /pos_restaurant/static/description/icon.png HTTP/1.1" 200 - 0 0.000 0.006
2025-08-27 02:32:55,183 1 INFO ? werkzeug: 172.18.0.1 - - [27/Aug/2025 02:32:55] "GET /crm/static/description/icon.png HTTP/1.1" 200 - 0 0.000 0.005
2025-08-27 02:32:55,184 1 INFO ? werkzeug: 172.18.0.1 - - [27/Aug/2025 02:32:55] "GET /account/static/description/icon.png HTTP/1.1" 200 - 0 0.000 0.006
2025-08-27 02:32:55,187 1 INFO ? werkzeug: 172.18.0.1 - - [27/Aug/2025 02:32:55] "GET /base/static/img/icons/mrp_workorder.png HTTP/1.1" 200 - 0 0.000 0.008
2025-08-27 02:32:55,187 1 INFO ? werkzeug: 172.18.0.1 - - [27/Aug/2025 02:32:55] "GET /website/static/description/icon.png HTTP/1.1" 200 - 0 0.000 0.007
2025-08-27 02:32:55,192 1 INFO ? werkzeug: 172.18.0.1 - - [27/Aug/2025 02:32:55] "GET /stock/static/description/icon.png HTTP/1.1" 200 - 0 0.000 0.004
2025-08-27 02:32:55,197 1 INFO ? werkzeug: 172.18.0.1 - - [27/Aug/2025 02:32:55] "GET /base/static/img/icons/account_accountant.png HTTP/1.1" 200 - 0 0.000 0.007
2025-08-27 02:32:55,199 1 INFO ? werkzeug: 172.18.0.1 - - [27/Aug/2025 02:32:55] "GET /base/static/img/icons/knowledge.png HTTP/1.1" 200 - 0 0.000 0.007
2025-08-27 02:32:55,201 1 INFO ? werkzeug: 172.18.0.1 - - [27/Aug/2025 02:32:55] "GET /purchase/static/description/icon.png HTTP/1.1" 200 - 0 0.000 0.007
2025-08-27 02:32:55,202 1 INFO ? werkzeug: 172.18.0.1 - - [27/Aug/2025 02:32:55] "GET /point_of_sale/static/description/icon.png HTTP/1.1" 200 - 0 0.000 0.005
2025-08-27 02:32:55,203 1 INFO ? werkzeug: 172.18.0.1 - - [27/Aug/2025 02:32:55] "GET /project/static/description/icon.png HTTP/1.1" 200 - 0 0.000 0.005
2025-08-27 02:32:55,204 1 INFO ? werkzeug: 172.18.0.1 - - [27/Aug/2025 02:32:55] "GET /website_sale/static/description/icon.png HTTP/1.1" 200 - 0 0.000 0.003
2025-08-27 02:32:55,221 1 INFO ? werkzeug: 172.18.0.1 - - [27/Aug/2025 02:32:55] "GET /mass_mailing/static/description/icon.png HTTP/1.1" 200 - 0 0.000 0.003
2025-08-27 02:32:55,222 1 INFO ? werkzeug: 172.18.0.1 - - [27/Aug/2025 02:32:55] "GET /hr_holidays/static/description/icon.png HTTP/1.1" 200 - 0 0.000 0.003
2025-08-27 02:32:55,223 1 INFO ? werkzeug: 172.18.0.1 - - [27/Aug/2025 02:32:55] "GET /base/static/img/icons/timesheet_grid.png HTTP/1.1" 200 - 0 0.000 0.004
2025-08-27 02:32:55,223 1 INFO ? werkzeug: 172.18.0.1 - - [27/Aug/2025 02:32:55] "GET /mrp/static/description/icon.png HTTP/1.1" 200 - 0 0.000 0.005
2025-08-27 02:32:55,224 1 INFO ? werkzeug: 172.18.0.1 - - [27/Aug/2025 02:32:55] "GET /base/static/img/icons/web_studio.png HTTP/1.1" 200 - 0 0.000 0.004
2025-08-27 02:32:55,224 1 INFO ? werkzeug: 172.18.0.1 - - [27/Aug/2025 02:32:55] "GET /hr_expense/static/description/icon.png HTTP/1.1" 200 - 0 0.000 0.005
2025-08-27 02:32:55,231 1 INFO ? werkzeug: 172.18.0.1 - - [27/Aug/2025 02:32:55] "GET /hr_recruitment/static/description/icon.png HTTP/1.1" 200 - 0 0.000 0.003
2025-08-27 02:32:55,232 1 INFO ? werkzeug: 172.18.0.1 - - [27/Aug/2025 02:32:55] "GET /base/static/img/icons/industry_fsm.png HTTP/1.1" 200 - 0 0.000 0.003
2025-08-27 02:32:55,239 1 INFO ? werkzeug: 172.18.0.1 - - [27/Aug/2025 02:32:55] "GET /hr/static/description/icon.png HTTP/1.1" 200 - 0 0.000 0.006
2025-08-27 02:32:55,240 1 INFO ? werkzeug: 172.18.0.1 - - [27/Aug/2025 02:32:55] "GET /data_recycle/static/description/icon.png HTTP/1.1" 200 - 0 0.000 0.006
2025-08-27 02:32:55,240 1 INFO ? werkzeug: 172.18.0.1 - - [27/Aug/2025 02:32:55] "GET /maintenance/static/description/icon.png HTTP/1.1" 200 - 0 0.000 0.006
2025-08-27 02:32:55,242 1 INFO ? werkzeug: 172.18.0.1 - - [27/Aug/2025 02:32:55] "GET /base/static/img/icons/sign.png HTTP/1.1" 200 - 0 0.000 0.008
2025-08-27 02:32:55,248 1 INFO ? werkzeug: 172.18.0.1 - - [27/Aug/2025 02:32:55] "GET /base/static/img/icons/sale_subscription.png HTTP/1.1" 200 - 0 0.000 0.008
2025-08-27 02:32:55,251 1 INFO ? odoo.addons.bus.models.bus: Bus.loop listen imbus on db postgres 
2025-08-27 02:32:55,251 1 INFO ? werkzeug: 172.18.0.1 - - [27/Aug/2025 02:32:55] "GET /base/static/img/icons/helpdesk.png HTTP/1.1" 200 - 0 0.000 0.012
2025-08-27 02:32:55,254 1 INFO ? werkzeug: 172.18.0.1 - - [27/Aug/2025 02:32:55] "GET /website_slides/static/description/icon.png HTTP/1.1" 200 - 0 0.000 0.004
2025-08-27 02:32:55,255 1 INFO ? werkzeug: 172.18.0.1 - - [27/Aug/2025 02:32:55] "GET /base/static/img/icons/quality_control.png HTTP/1.1" 200 - 0 0.000 0.007
2025-08-27 02:32:55,258 1 INFO ? werkzeug: 172.18.0.1 - - [27/Aug/2025 02:32:55] "GET /website_event/static/description/icon.png HTTP/1.1" 200 - 0 0.000 0.004
2025-08-27 02:32:55,259 1 INFO ? werkzeug: 172.18.0.1 - - [27/Aug/2025 02:32:55] "GET /mail/static/description/icon.png HTTP/1.1" 200 - 0 0.000 0.003
2025-08-27 02:32:55,259 1 INFO ? werkzeug: 172.18.0.1 - - [27/Aug/2025 02:32:55] "GET /base/static/img/icons/planning.png HTTP/1.1" 200 - 0 0.000 0.007
2025-08-27 02:32:55,263 1 INFO ? werkzeug: 172.18.0.1 - - [27/Aug/2025 02:32:55] "GET /base/static/img/icons/mrp_plm.png HTTP/1.1" 200 - 0 0.000 0.001
2025-08-27 02:32:55,268 1 INFO ? werkzeug: 172.18.0.1 - - [27/Aug/2025 02:32:55] "GET /contacts/static/description/icon.png HTTP/1.1" 200 - 0 0.000 0.004
2025-08-27 02:32:55,272 1 INFO ? werkzeug: 172.18.0.1 - - [27/Aug/2025 02:32:55] "GET /calendar/static/description/icon.png HTTP/1.1" 200 - 0 0.000 0.002
2025-08-27 02:32:55,281 1 INFO ? werkzeug: 172.18.0.1 - - [27/Aug/2025 02:32:55] "GET /base/static/img/icons/social.png HTTP/1.1" 200 - 0 0.000 0.009
2025-08-27 02:32:55,285 1 INFO ? werkzeug: 172.18.0.1 - - [27/Aug/2025 02:32:55] "GET /base/static/img/icons/marketing_automation.png HTTP/1.1" 200 - 0 0.000 0.005
2025-08-27 02:32:55,287 1 INFO ? werkzeug: 172.18.0.1 - - [27/Aug/2025 02:32:55] "GET /base/static/img/icons/hr_appraisal.png HTTP/1.1" 200 - 0 0.000 0.010
2025-08-27 02:32:55,288 1 INFO ? werkzeug: 172.18.0.1 - - [27/Aug/2025 02:32:55] "GET /fleet/static/description/icon.png HTTP/1.1" 200 - 0 0.000 0.015
2025-08-27 02:32:55,289 1 INFO ? werkzeug: 172.18.0.1 - - [27/Aug/2025 02:32:55] "GET /base/static/img/icons/appointment.png HTTP/1.1" 200 - 0 0.000 0.003
2025-08-27 02:32:55,290 1 INFO ? werkzeug: 172.18.0.1 - - [27/Aug/2025 02:32:55] "GET /im_livechat/static/description/icon.png HTTP/1.1" 200 - 0 0.000 0.005
2025-08-27 02:32:55,291 1 INFO ? werkzeug: 172.18.0.1 - - [27/Aug/2025 02:32:55] "GET /survey/static/description/icon.png HTTP/1.1" 200 - 0 0.000 0.004
2025-08-27 02:32:55,296 1 INFO ? werkzeug: 172.18.0.1 - - [27/Aug/2025 02:32:55] "GET /base/static/img/icons/web_mobile.png HTTP/1.1" 200 - 0 0.000 0.004
2025-08-27 02:32:55,297 1 INFO ? werkzeug: 172.18.0.1 - - [27/Aug/2025 02:32:55] "GET /repair/static/description/icon.png HTTP/1.1" 200 - 0 0.000 0.003
2025-08-27 02:32:55,306 1 INFO ? werkzeug: 172.18.0.1 - - [27/Aug/2025 02:32:55] "GET /project_todo/static/description/icon.png HTTP/1.1" 200 - 0 0.000 0.003
2025-08-27 02:32:55,307 1 INFO ? werkzeug: 172.18.0.1 - - [27/Aug/2025 02:32:55] "GET /mass_mailing_sms/static/description/icon.png HTTP/1.1" 200 - 0 0.000 0.004
2025-08-27 02:32:55,307 1 INFO ? werkzeug: 172.18.0.1 - - [27/Aug/2025 02:32:55] "GET /base/static/img/icons/stock_barcode.png HTTP/1.1" 200 - 0 0.000 0.004
2025-08-27 02:32:55,307 1 INFO ? werkzeug: 172.18.0.1 - - [27/Aug/2025 02:32:55] "GET /hr_attendance/static/description/icon.png HTTP/1.1" 200 - 0 0.000 0.006
2025-08-27 02:32:55,308 1 INFO ? werkzeug: 172.18.0.1 - - [27/Aug/2025 02:32:55] "GET /hr_skills/static/description/icon.png HTTP/1.1" 200 - 0 0.000 0.004
2025-08-27 02:32:55,309 1 INFO ? werkzeug: 172.18.0.1 - - [27/Aug/2025 02:32:55] "GET /base/static/img/icons/voip.png HTTP/1.1" 200 - 0 0.000 0.004
2025-08-27 02:32:55,317 1 INFO ? werkzeug: 172.18.0.1 - - [27/Aug/2025 02:32:55] "GET /lunch/static/description/icon.png HTTP/1.1" 200 - 0 0.000 0.003
2025-08-27 02:32:55,319 1 INFO ? werkzeug: 172.18.0.1 - - [27/Aug/2025 02:32:55] "GET /website_hr_recruitment/static/description/icon.png HTTP/1.1" 200 - 0 0.000 0.004
2025-08-27 02:32:55,321 1 INFO ? werkzeug: 172.18.0.1 - - [27/Aug/2025 02:32:55] "GET /hr_contract/static/description/icon.png HTTP/1.1" 200 - 0 0.000 0.003
2025-08-27 02:32:55,323 1 INFO ? werkzeug: 172.18.0.1 - - [27/Aug/2025 02:32:55] "GET /base/static/img/icons/sale_ebay.png HTTP/1.1" 200 - 0 0.000 0.004
2025-08-27 02:32:55,324 1 INFO ? werkzeug: 172.18.0.1 - - [27/Aug/2025 02:32:55] "GET /base/static/img/icons/sale_amazon.png HTTP/1.1" 200 - 0 0.000 0.003
2025-08-27 02:33:05,840 1 INFO odoo werkzeug: 172.18.0.1 - - [27/Aug/2025 02:33:05] "POST /web/dataset/call_kw/ir.module.module/search_panel_select_range HTTP/1.1" 200 - 36 0.007 0.011
2025-08-27 02:33:05,848 1 INFO odoo werkzeug: 172.18.0.1 - - [27/Aug/2025 02:33:05] "POST /web/dataset/call_kw/ir.module.module/web_search_read HTTP/1.1" 200 - 3 0.001 0.003
2025-08-27 02:33:11,535 1 INFO odoo werkzeug: 172.18.0.1 - - [27/Aug/2025 02:33:11] "POST /web/dataset/call_kw/ir.module.module/search_panel_select_range HTTP/1.1" 200 - 36 0.019 0.023
2025-08-27 02:33:11,555 1 INFO odoo werkzeug: 172.18.0.1 - - [27/Aug/2025 02:33:11] "POST /web/dataset/call_kw/ir.module.module/web_search_read HTTP/1.1" 200 - 3 0.002 0.013
2025-08-27 02:33:19,744 1 INFO odoo werkzeug: 172.18.0.1 - - [27/Aug/2025 02:33:19] "POST /web/dataset/call_kw/ir.module.module/search_panel_select_range HTTP/1.1" 200 - 36 0.026 0.028
2025-08-27 02:33:19,759 1 INFO odoo werkzeug: 172.18.0.1 - - [27/Aug/2025 02:33:19] "POST /web/dataset/call_kw/ir.module.module/web_search_read HTTP/1.1" 200 - 3 0.002 0.006
2025-08-27 02:33:33,829 1 INFO odoo odoo.addons.base.models.ir_cron: Starting job `Base: Auto-vacuum internal data`. 
2025-08-27 02:33:33,853 1 INFO odoo odoo.addons.base.models.ir_attachment: filestore gc 59 checked, 0 removed 
2025-08-27 02:33:33,877 1 INFO odoo odoo.addons.base.models.res_users: GC'd 0 user log entries 
2025-08-27 02:33:33,887 1 INFO odoo odoo.addons.auth_totp.models.auth_totp: GC'd 0 totp devices entries 
2025-08-27 02:33:33,893 1 INFO odoo odoo.addons.base.models.ir_cron: Job done: `Base: Auto-vacuum internal data` (0.064s). 
2025-08-27 02:33:39,033 1 INFO odoo odoo.service.server: Initiating shutdown 
2025-08-27 02:33:39,033 1 INFO odoo odoo.service.server: Hit CTRL-C again or send a second signal to force the shutdown. 
2025-08-27 02:33:39,376 1 INFO odoo odoo.sql_db: ConnectionPool(used=0/count=0/max=64): Closed 6 connections  
2025-08-27 02:33:43,249 1 INFO ? odoo: Odoo version 17.0-20250819 
2025-08-27 02:33:43,249 1 INFO ? odoo: Using configuration file at /etc/odoo/odoo.conf 
2025-08-27 02:33:43,249 1 INFO ? odoo: addons paths: ['/usr/lib/python3/dist-packages/odoo/addons', '/var/lib/odoo/addons/17.0', '/mnt/extra-addons'] 
2025-08-27 02:33:43,249 1 INFO ? odoo: database: odoo@db:5432 
2025-08-27 02:33:43,316 1 INFO ? odoo.addons.base.models.ir_actions_report: Will use the Wkhtmltopdf binary at /usr/local/bin/wkhtmltopdf 
2025-08-27 02:33:43,416 1 INFO ? odoo.service.server: HTTP service (werkzeug) running on 2f36be6e84f9:8069 
2025-08-27 02:33:43,429 1 INFO odoo odoo.modules.loading: loading 1 modules... 
2025-08-27 02:33:43,429 1 INFO odoo odoo.modules.loading: Loading module base (1/1) 
2025-08-27 02:33:43,444 1 INFO odoo odoo.modules.registry: module base: creating or updating database tables 
2025-08-27 02:33:43,733 1 INFO odoo odoo.modules.loading: loading base/data/res_bank.xml 
2025-08-27 02:33:43,737 1 INFO odoo odoo.modules.loading: loading base/data/res.lang.csv 
2025-08-27 02:33:43,844 1 INFO odoo odoo.modules.loading: loading base/data/res_lang_data.xml 
2025-08-27 02:33:43,859 1 INFO odoo odoo.modules.loading: loading base/data/res_partner_data.xml 
2025-08-27 02:33:43,896 1 INFO odoo odoo.modules.loading: loading base/data/res_currency_data.xml 
2025-08-27 02:33:44,152 1 INFO odoo odoo.modules.loading: loading base/data/res_company_data.xml 
2025-08-27 02:33:44,158 1 INFO odoo odoo.modules.loading: loading base/data/res_users_data.xml 
2025-08-27 02:33:45,007 1 INFO odoo odoo.modules.loading: loading base/data/report_paperformat_data.xml 
2025-08-27 02:33:45,011 1 INFO odoo odoo.modules.loading: loading base/data/res_country_data.xml 
2025-08-27 02:33:45,214 1 INFO odoo odoo.modules.loading: loading base/data/ir_demo_data.xml 
2025-08-27 02:33:45,223 1 INFO odoo odoo.modules.loading: loading base/security/base_groups.xml 
2025-08-27 02:33:45,373 1 INFO odoo odoo.modules.loading: loading base/security/base_security.xml 
2025-08-27 02:33:45,437 1 INFO odoo odoo.modules.loading: loading base/views/base_menus.xml 
2025-08-27 02:33:45,466 1 INFO odoo odoo.modules.loading: loading base/views/decimal_precision_views.xml 
2025-08-27 02:33:45,476 1 INFO odoo odoo.modules.loading: loading base/views/res_config_views.xml 
2025-08-27 02:33:45,484 1 INFO odoo odoo.modules.loading: loading base/data/res.country.state.csv 
2025-08-27 02:33:46,050 1 INFO odoo odoo.modules.loading: loading base/views/ir_actions_views.xml 
2025-08-27 02:33:46,139 1 INFO odoo odoo.modules.loading: loading base/views/ir_asset_views.xml 
2025-08-27 02:33:46,152 1 INFO odoo odoo.modules.loading: loading base/views/ir_config_parameter_views.xml 
2025-08-27 02:33:46,163 1 INFO odoo odoo.modules.loading: loading base/views/ir_cron_views.xml 
2025-08-27 02:33:46,184 1 INFO odoo odoo.modules.loading: loading base/views/ir_cron_trigger_views.xml 
2025-08-27 02:33:46,195 1 INFO odoo odoo.modules.loading: loading base/views/ir_filters_views.xml 
2025-08-27 02:33:46,208 1 INFO odoo odoo.modules.loading: loading base/views/ir_mail_server_views.xml 
2025-08-27 02:33:46,223 1 INFO odoo odoo.modules.loading: loading base/views/ir_model_views.xml 
2025-08-27 02:33:46,327 1 INFO odoo odoo.modules.loading: loading base/views/ir_attachment_views.xml 
2025-08-27 02:33:46,345 1 INFO odoo odoo.modules.loading: loading base/views/ir_rule_views.xml 
2025-08-27 02:33:46,369 1 INFO odoo odoo.modules.loading: loading base/views/ir_sequence_views.xml 
2025-08-27 02:33:46,385 1 INFO odoo odoo.modules.loading: loading base/views/ir_ui_menu_views.xml 
2025-08-27 02:33:46,401 1 INFO odoo odoo.modules.loading: loading base/views/ir_ui_view_views.xml 
2025-08-27 02:33:46,438 1 INFO odoo odoo.modules.loading: loading base/views/ir_default_views.xml 
2025-08-27 02:33:46,454 1 INFO odoo odoo.modules.loading: loading base/data/ir_cron_data.xml 
2025-08-27 02:33:46,462 1 INFO odoo odoo.modules.loading: loading base/report/ir_model_report.xml 
2025-08-27 02:33:46,465 1 INFO odoo odoo.modules.loading: loading base/report/ir_model_templates.xml 
2025-08-27 02:33:46,474 1 INFO odoo odoo.modules.loading: loading base/views/ir_logging_views.xml 
2025-08-27 02:33:46,490 1 INFO odoo odoo.modules.loading: loading base/views/ir_qweb_widget_templates.xml 
2025-08-27 02:33:46,504 1 INFO odoo odoo.modules.loading: loading base/views/ir_module_views.xml 
2025-08-27 02:33:46,542 1 INFO odoo odoo.modules.loading: loading base/data/ir_module_category_data.xml 
2025-08-27 02:33:46,695 1 INFO odoo odoo.modules.loading: loading base/data/ir_module_module.xml 
2025-08-27 02:33:46,716 1 INFO odoo odoo.modules.loading: loading base/report/ir_module_reports.xml 
2025-08-27 02:33:46,718 1 INFO odoo odoo.modules.loading: loading base/report/ir_module_report_templates.xml 
2025-08-27 02:33:46,723 1 INFO odoo odoo.modules.loading: loading base/wizard/base_module_update_views.xml 
2025-08-27 02:33:46,732 1 INFO odoo odoo.modules.loading: loading base/wizard/base_language_install_views.xml 
2025-08-27 02:33:46,741 1 INFO odoo odoo.modules.loading: loading base/wizard/base_import_language_views.xml 
2025-08-27 02:33:46,751 1 INFO odoo odoo.modules.loading: loading base/wizard/base_module_upgrade_views.xml 
2025-08-27 02:33:46,763 1 INFO odoo odoo.modules.loading: loading base/wizard/base_module_uninstall_views.xml 
2025-08-27 02:33:46,768 1 INFO odoo odoo.modules.loading: loading base/wizard/base_export_language_views.xml 
2025-08-27 02:33:46,777 1 INFO odoo odoo.modules.loading: loading base/wizard/base_partner_merge_views.xml 
2025-08-27 02:33:46,787 1 INFO odoo odoo.modules.loading: loading base/data/ir_demo_failure_data.xml 
2025-08-27 02:33:46,797 1 INFO odoo odoo.modules.loading: loading base/views/ir_profile_views.xml 
2025-08-27 02:33:46,814 1 INFO odoo odoo.modules.loading: loading base/views/res_company_views.xml 
2025-08-27 02:33:46,832 1 INFO odoo odoo.modules.loading: loading base/views/res_lang_views.xml 
2025-08-27 02:33:46,850 1 INFO odoo odoo.modules.loading: loading base/views/res_partner_views.xml 
2025-08-27 02:33:46,935 1 INFO odoo odoo.modules.loading: loading base/views/res_bank_views.xml 
2025-08-27 02:33:46,960 1 INFO odoo odoo.modules.loading: loading base/views/res_country_views.xml 
2025-08-27 02:33:46,995 1 INFO odoo odoo.modules.loading: loading base/views/res_currency_views.xml 
2025-08-27 02:33:47,024 1 INFO odoo odoo.modules.loading: loading base/views/res_users_views.xml 
2025-08-27 02:33:47,118 1 INFO odoo odoo.modules.loading: loading base/views/res_users_identitycheck_views.xml 
2025-08-27 02:33:47,126 1 INFO odoo odoo.modules.loading: loading base/views/ir_property_views.xml 
2025-08-27 02:33:47,140 1 INFO odoo odoo.modules.loading: loading base/views/res_config_settings_views.xml 
2025-08-27 02:33:47,145 1 INFO odoo odoo.modules.loading: loading base/views/report_paperformat_views.xml 
2025-08-27 02:33:47,159 1 INFO odoo odoo.modules.loading: loading base/security/ir.model.access.csv 
2025-08-27 02:33:47,250 1 INFO odoo odoo.modules.loading: Module base: loading demo 
2025-08-27 02:33:47,251 1 INFO odoo odoo.modules.loading: loading base/data/res_users_demo.xml 
2025-08-27 02:33:48,420 1 INFO odoo odoo.modules.loading: loading base/data/res_partner_bank_demo.xml 
2025-08-27 02:33:48,422 1 INFO odoo odoo.modules.loading: loading base/data/res_currency_demo.xml 
2025-08-27 02:33:48,425 1 INFO odoo odoo.modules.loading: loading base/data/res_currency_rate_demo.xml 
2025-08-27 02:33:48,492 1 INFO odoo odoo.modules.loading: loading base/data/res_bank_demo.xml 
2025-08-27 02:33:48,494 1 INFO odoo odoo.modules.loading: loading base/data/res_partner_demo.xml 
2025-08-27 02:33:48,661 1 INFO odoo odoo.modules.loading: loading base/data/res_partner_image_demo.xml 
2025-08-27 02:33:49,036 1 INFO odoo odoo.modules.loading: Module base loaded in 5.61s, 10645 queries (+10645 other) 
2025-08-27 02:33:49,036 1 INFO odoo odoo.modules.loading: 1 modules loaded in 5.61s, 10645 queries (+10645 extra) 
2025-08-27 02:33:49,046 1 INFO odoo odoo.modules.loading: updating modules list 
2025-08-27 02:33:49,047 1 INFO odoo odoo.addons.base.models.ir_module: ALLOW access to module.update_list on [] to user __system__ #1 via n/a 
2025-08-27 02:33:49,526 1 INFO odoo odoo.modules.loading: loading 11 modules... 
2025-08-27 02:33:49,567 1 INFO odoo odoo.modules.loading: 11 modules loaded in 0.04s, 0 queries (+0 extra) 
2025-08-27 02:33:49,736 1 INFO odoo odoo.modules.loading: Modules loaded. 
2025-08-27 02:33:49,742 1 INFO odoo odoo.modules.registry: Registry loaded in 6.327s 
2025-08-27 02:33:49,764 1 INFO odoo odoo.addons.base.models.ir_http: Generating routing map for key None 
2025-08-27 02:33:49,764 1 INFO odoo odoo.addons.base.models.ir_http: Generating routing map for key None 
2025-08-27 02:33:49,798 1 INFO odoo werkzeug: 172.18.0.1 - - [27/Aug/2025 02:33:49] "GET /web HTTP/1.1" 303 - 8 0.006 4.269
2025-08-27 02:33:49,798 1 INFO odoo werkzeug: 172.18.0.1 - - [27/Aug/2025 02:33:49] "GET /websocket?version=17.0-1 HTTP/1.1" 101 - 13 0.006 5.466
2025-08-27 02:33:49,908 1 INFO odoo werkzeug: 172.18.0.1 - - [27/Aug/2025 02:33:49] "GET /web/login HTTP/1.1" 200 - 51 0.008 0.098
2025-08-27 02:33:49,978 1 INFO odoo werkzeug: 172.18.0.1 - - [27/Aug/2025 02:33:49] "GET /web/binary/company_logo HTTP/1.1" 200 - 5 0.002 0.052
2025-08-27 02:33:50,069 1 INFO odoo werkzeug: 172.18.0.1 - - [27/Aug/2025 02:33:50] "GET /web/webclient/translations/1756262030060 HTTP/1.1" 200 - 6 0.001 0.005
2025-08-27 02:33:51,543 1 INFO odoo werkzeug: 172.18.0.1 - - [27/Aug/2025 02:33:51] "GET /web/service-worker.js HTTP/1.1" 200 - 5 0.002 0.010
2025-08-27 02:33:51,701 1 INFO odoo odoo.addons.base.models.res_users: Login successful for db:odoo login:admin from 172.18.0.1 
2025-08-27 02:33:51,706 1 INFO odoo werkzeug: 172.18.0.1 - - [27/Aug/2025 02:33:51] "POST /web/login HTTP/1.1" 303 - 39 0.010 0.414
2025-08-27 02:33:51,774 1 INFO odoo werkzeug: 172.18.0.1 - - [27/Aug/2025 02:33:51] "GET /web HTTP/1.1" 200 - 59 0.011 0.053
2025-08-27 02:33:51,939 1 INFO odoo werkzeug: 172.18.0.1 - - [27/Aug/2025 02:33:51] "POST /web/action/load HTTP/1.1" 200 - 9 0.003 0.006
2025-08-27 02:33:51,944 1 INFO odoo werkzeug: 172.18.0.1 - - [27/Aug/2025 02:33:51] "GET /bus/websocket_worker_bundle?v=17.0-1 HTTP/1.1" 304 - 4 0.002 0.006
2025-08-27 02:33:51,979 1 INFO odoo werkzeug: 172.18.0.1 - - [27/Aug/2025 02:33:51] "GET /web/image?model=res.users&field=avatar_128&id=2 HTTP/1.1" 200 - 9 0.005 0.017
2025-08-27 02:33:51,985 1 INFO odoo werkzeug: 172.18.0.1 - - [27/Aug/2025 02:33:51] "GET /websocket?version=17.0-1 HTTP/1.1" 101 - 1 0.000 0.008
2025-08-27 02:33:51,987 1 INFO odoo werkzeug: 172.18.0.1 - - [27/Aug/2025 02:33:51] "GET /web/manifest.webmanifest HTTP/1.1" 200 - 7 0.009 0.006
2025-08-27 02:33:52,017 1 INFO odoo werkzeug: 172.18.0.1 - - [27/Aug/2025 02:33:52] "POST /web/dataset/call_kw/ir.module.module/get_views HTTP/1.1" 200 - 48 0.018 0.029
2025-08-27 02:33:52,027 1 INFO odoo werkzeug: 172.18.0.1 - - [27/Aug/2025 02:33:52] "POST /web/dataset/call_kw/ir.module.module/search_panel_select_range HTTP/1.1" 200 - 1 0.000 0.004
2025-08-27 02:33:52,046 1 INFO odoo werkzeug: 172.18.0.1 - - [27/Aug/2025 02:33:52] "POST /web/dataset/call_kw/ir.module.module/search_panel_select_range HTTP/1.1" 200 - 39 0.013 0.009
2025-08-27 02:33:52,053 1 INFO odoo werkzeug: 172.18.0.1 - - [27/Aug/2025 02:33:52] "POST /web/dataset/call_kw/ir.module.module/web_search_read HTTP/1.1" 200 - 4 0.003 0.022
2025-08-27 02:33:52,294 1 INFO ? odoo.addons.bus.models.bus: Bus.loop listen imbus on db postgres 
2025-08-27 02:33:53,823 1 INFO odoo werkzeug: 172.18.0.1 - - [27/Aug/2025 02:33:53] "GET /web/service-worker.js HTTP/1.1" 200 - 1 0.001 0.005
2025-08-27 02:33:57,548 1 INFO odoo werkzeug: 172.18.0.1 - - [27/Aug/2025 02:33:57] "POST /web/dataset/call_kw/ir.module.module/search_panel_select_range HTTP/1.1" 200 - 36 0.021 0.023
2025-08-27 02:33:57,558 1 INFO odoo werkzeug: 172.18.0.1 - - [27/Aug/2025 02:33:57] "POST /web/dataset/call_kw/ir.module.module/web_search_read HTTP/1.1" 200 - 3 0.001 0.004
2025-08-27 02:34:31,707 1 INFO odoo odoo.service.server: Initiating shutdown 
2025-08-27 02:34:31,707 1 INFO odoo odoo.service.server: Hit CTRL-C again or send a second signal to force the shutdown. 
2025-08-27 02:34:32,198 1 INFO odoo odoo.sql_db: ConnectionPool(used=0/count=0/max=64): Closed 5 connections  
2025-08-27 02:34:44,701 1 INFO ? odoo: Odoo version 17.0-20250819 
2025-08-27 02:34:44,701 1 INFO ? odoo: Using configuration file at /etc/odoo/odoo.conf 
2025-08-27 02:34:44,701 1 INFO ? odoo: addons paths: ['/usr/lib/python3/dist-packages/odoo/addons', '/var/lib/odoo/addons/17.0', '/mnt/extra-addons'] 
2025-08-27 02:34:44,701 1 INFO ? odoo: database: odoo@db:5432 
2025-08-27 02:34:44,770 1 INFO ? odoo.addons.base.models.ir_actions_report: Will use the Wkhtmltopdf binary at /usr/local/bin/wkhtmltopdf 
2025-08-27 02:34:44,868 1 INFO ? odoo.service.server: HTTP service (werkzeug) running on c94dd2e8db82:8069 
2025-08-27 02:34:44,881 1 INFO odoo odoo.modules.loading: loading 1 modules... 
2025-08-27 02:34:44,881 1 INFO odoo odoo.modules.loading: Loading module base (1/1) 
2025-08-27 02:34:44,896 1 INFO odoo odoo.modules.registry: module base: creating or updating database tables 
2025-08-27 02:34:45,196 1 INFO odoo odoo.modules.loading: loading base/data/res_bank.xml 
2025-08-27 02:34:45,200 1 INFO odoo odoo.modules.loading: loading base/data/res.lang.csv 
2025-08-27 02:34:45,322 1 INFO odoo odoo.modules.loading: loading base/data/res_lang_data.xml 
2025-08-27 02:34:45,338 1 INFO odoo odoo.modules.loading: loading base/data/res_partner_data.xml 
2025-08-27 02:34:45,378 1 INFO odoo odoo.modules.loading: loading base/data/res_currency_data.xml 
2025-08-27 02:34:45,600 1 INFO odoo odoo.modules.loading: loading base/data/res_company_data.xml 
2025-08-27 02:34:45,605 1 INFO odoo odoo.modules.loading: loading base/data/res_users_data.xml 
2025-08-27 02:34:46,471 1 INFO odoo odoo.modules.loading: loading base/data/report_paperformat_data.xml 
2025-08-27 02:34:46,474 1 INFO odoo odoo.modules.loading: loading base/data/res_country_data.xml 
2025-08-27 02:34:46,666 1 INFO odoo odoo.modules.loading: loading base/data/ir_demo_data.xml 
2025-08-27 02:34:46,675 1 INFO odoo odoo.modules.loading: loading base/security/base_groups.xml 
2025-08-27 02:34:46,833 1 INFO odoo odoo.modules.loading: loading base/security/base_security.xml 
2025-08-27 02:34:46,909 1 INFO odoo odoo.modules.loading: loading base/views/base_menus.xml 
2025-08-27 02:34:46,944 1 INFO odoo odoo.modules.loading: loading base/views/decimal_precision_views.xml 
2025-08-27 02:34:46,956 1 INFO odoo odoo.modules.loading: loading base/views/res_config_views.xml 
2025-08-27 02:34:46,966 1 INFO odoo odoo.modules.loading: loading base/data/res.country.state.csv 
2025-08-27 02:34:47,531 1 INFO odoo odoo.modules.loading: loading base/views/ir_actions_views.xml 
2025-08-27 02:34:47,608 1 INFO odoo odoo.modules.loading: loading base/views/ir_asset_views.xml 
2025-08-27 02:34:47,621 1 INFO odoo odoo.modules.loading: loading base/views/ir_config_parameter_views.xml 
2025-08-27 02:34:47,631 1 INFO odoo odoo.modules.loading: loading base/views/ir_cron_views.xml 
2025-08-27 02:34:47,652 1 INFO odoo odoo.modules.loading: loading base/views/ir_cron_trigger_views.xml 
2025-08-27 02:34:47,664 1 INFO odoo odoo.modules.loading: loading base/views/ir_filters_views.xml 
2025-08-27 02:34:47,678 1 INFO odoo odoo.modules.loading: loading base/views/ir_mail_server_views.xml 
2025-08-27 02:34:47,691 1 INFO odoo odoo.modules.loading: loading base/views/ir_model_views.xml 
2025-08-27 02:34:47,797 1 INFO odoo odoo.modules.loading: loading base/views/ir_attachment_views.xml 
2025-08-27 02:34:47,813 1 INFO odoo odoo.modules.loading: loading base/views/ir_rule_views.xml 
2025-08-27 02:34:47,837 1 INFO odoo odoo.modules.loading: loading base/views/ir_sequence_views.xml 
2025-08-27 02:34:47,872 1 INFO odoo odoo.modules.loading: loading base/views/ir_ui_menu_views.xml 
2025-08-27 02:34:47,890 1 INFO odoo odoo.modules.loading: loading base/views/ir_ui_view_views.xml 
2025-08-27 02:34:47,929 1 INFO odoo odoo.modules.loading: loading base/views/ir_default_views.xml 
2025-08-27 02:34:47,948 1 INFO odoo odoo.modules.loading: loading base/data/ir_cron_data.xml 
2025-08-27 02:34:47,958 1 INFO odoo odoo.modules.loading: loading base/report/ir_model_report.xml 
2025-08-27 02:34:47,960 1 INFO odoo odoo.modules.loading: loading base/report/ir_model_templates.xml 
2025-08-27 02:34:47,970 1 INFO odoo odoo.modules.loading: loading base/views/ir_logging_views.xml 
2025-08-27 02:34:47,987 1 INFO odoo odoo.modules.loading: loading base/views/ir_qweb_widget_templates.xml 
2025-08-27 02:34:48,003 1 INFO odoo odoo.modules.loading: loading base/views/ir_module_views.xml 
2025-08-27 02:34:48,042 1 INFO odoo odoo.modules.loading: loading base/data/ir_module_category_data.xml 
2025-08-27 02:34:48,192 1 INFO odoo odoo.modules.loading: loading base/data/ir_module_module.xml 
2025-08-27 02:34:48,218 1 INFO odoo odoo.modules.loading: loading base/report/ir_module_reports.xml 
2025-08-27 02:34:48,220 1 INFO odoo odoo.modules.loading: loading base/report/ir_module_report_templates.xml 
2025-08-27 02:34:48,226 1 INFO odoo odoo.modules.loading: loading base/wizard/base_module_update_views.xml 
2025-08-27 02:34:48,235 1 INFO odoo odoo.modules.loading: loading base/wizard/base_language_install_views.xml 
2025-08-27 02:34:48,242 1 INFO odoo odoo.modules.loading: loading base/wizard/base_import_language_views.xml 
2025-08-27 02:34:48,251 1 INFO odoo odoo.modules.loading: loading base/wizard/base_module_upgrade_views.xml 
2025-08-27 02:34:48,262 1 INFO odoo odoo.modules.loading: loading base/wizard/base_module_uninstall_views.xml 
2025-08-27 02:34:48,269 1 INFO odoo odoo.modules.loading: loading base/wizard/base_export_language_views.xml 
2025-08-27 02:34:48,277 1 INFO odoo odoo.modules.loading: loading base/wizard/base_partner_merge_views.xml 
2025-08-27 02:34:48,286 1 INFO odoo odoo.modules.loading: loading base/data/ir_demo_failure_data.xml 
2025-08-27 02:34:48,295 1 INFO odoo odoo.modules.loading: loading base/views/ir_profile_views.xml 
2025-08-27 02:34:48,312 1 INFO odoo odoo.modules.loading: loading base/views/res_company_views.xml 
2025-08-27 02:34:48,330 1 INFO odoo odoo.modules.loading: loading base/views/res_lang_views.xml 
2025-08-27 02:34:48,350 1 INFO odoo odoo.modules.loading: loading base/views/res_partner_views.xml 
2025-08-27 02:34:48,437 1 INFO odoo odoo.modules.loading: loading base/views/res_bank_views.xml 
2025-08-27 02:34:48,462 1 INFO odoo odoo.modules.loading: loading base/views/res_country_views.xml 
2025-08-27 02:34:48,495 1 INFO odoo odoo.modules.loading: loading base/views/res_currency_views.xml 
2025-08-27 02:34:48,526 1 INFO odoo odoo.modules.loading: loading base/views/res_users_views.xml 
2025-08-27 02:34:48,623 1 INFO odoo odoo.modules.loading: loading base/views/res_users_identitycheck_views.xml 
2025-08-27 02:34:48,632 1 INFO odoo odoo.modules.loading: loading base/views/ir_property_views.xml 
2025-08-27 02:34:48,646 1 INFO odoo odoo.modules.loading: loading base/views/res_config_settings_views.xml 
2025-08-27 02:34:48,652 1 INFO odoo odoo.modules.loading: loading base/views/report_paperformat_views.xml 
2025-08-27 02:34:48,671 1 INFO odoo odoo.modules.loading: loading base/security/ir.model.access.csv 
2025-08-27 02:34:48,769 1 INFO odoo odoo.modules.loading: Module base: loading demo 
2025-08-27 02:34:48,769 1 INFO odoo odoo.modules.loading: loading base/data/res_users_demo.xml 
2025-08-27 02:34:49,971 1 INFO odoo odoo.modules.loading: loading base/data/res_partner_bank_demo.xml 
2025-08-27 02:34:49,973 1 INFO odoo odoo.modules.loading: loading base/data/res_currency_demo.xml 
2025-08-27 02:34:49,975 1 INFO odoo odoo.modules.loading: loading base/data/res_currency_rate_demo.xml 
2025-08-27 02:34:50,052 1 INFO odoo odoo.modules.loading: loading base/data/res_bank_demo.xml 
2025-08-27 02:34:50,054 1 INFO odoo odoo.modules.loading: loading base/data/res_partner_demo.xml 
2025-08-27 02:34:50,226 1 INFO odoo odoo.modules.loading: loading base/data/res_partner_image_demo.xml 
2025-08-27 02:34:50,605 1 INFO odoo odoo.modules.loading: Module base loaded in 5.72s, 10645 queries (+10645 other) 
2025-08-27 02:34:50,605 1 INFO odoo odoo.modules.loading: 1 modules loaded in 5.72s, 10645 queries (+10645 extra) 
2025-08-27 02:34:50,615 1 INFO odoo odoo.modules.loading: updating modules list 
2025-08-27 02:34:50,616 1 INFO odoo odoo.addons.base.models.ir_module: ALLOW access to module.update_list on [] to user __system__ #1 via n/a 
2025-08-27 02:34:51,086 1 INFO odoo odoo.modules.loading: loading 11 modules... 
2025-08-27 02:34:51,126 1 INFO odoo odoo.modules.loading: 11 modules loaded in 0.04s, 0 queries (+0 extra) 
2025-08-27 02:34:51,299 1 INFO odoo odoo.modules.loading: Modules loaded. 
2025-08-27 02:34:51,314 1 INFO odoo odoo.modules.registry: Registry loaded in 6.446s 
2025-08-27 02:34:51,345 1 INFO odoo odoo.addons.base.models.ir_http: Generating routing map for key None 
2025-08-27 02:34:51,345 1 INFO odoo odoo.addons.base.models.ir_http: Generating routing map for key None 
2025-08-27 02:34:51,382 1 INFO odoo werkzeug: 172.18.0.1 - - [27/Aug/2025 02:34:51] "GET /web HTTP/1.1" 303 - 9 0.003 1.887
2025-08-27 02:34:51,385 1 INFO odoo werkzeug: 172.18.0.1 - - [27/Aug/2025 02:34:51] "GET /websocket?version=17.0-1 HTTP/1.1" 101 - 11 0.009 2.610
2025-08-27 02:34:51,457 1 INFO odoo werkzeug: 172.18.0.1 - - [27/Aug/2025 02:34:51] "GET /web/login HTTP/1.1" 200 - 51 0.010 0.060
2025-08-27 02:34:51,519 1 INFO odoo werkzeug: 172.18.0.1 - - [27/Aug/2025 02:34:51] "GET /web/binary/company_logo HTTP/1.1" 200 - 5 0.002 0.041
2025-08-27 02:34:51,604 1 INFO odoo werkzeug: 172.18.0.1 - - [27/Aug/2025 02:34:51] "GET /web/webclient/translations/1756262091553 HTTP/1.1" 200 - 6 0.001 0.047
2025-08-27 02:34:53,061 1 INFO odoo werkzeug: 172.18.0.1 - - [27/Aug/2025 02:34:53] "GET /web/service-worker.js HTTP/1.1" 200 - 5 0.002 0.010
2025-08-27 02:34:53,214 1 INFO odoo odoo.addons.base.models.res_users: Login successful for db:odoo login:admin from 172.18.0.1 
2025-08-27 02:34:53,219 1 INFO odoo werkzeug: 172.18.0.1 - - [27/Aug/2025 02:34:53] "POST /web/login HTTP/1.1" 303 - 39 0.010 0.419
2025-08-27 02:34:53,285 1 INFO odoo werkzeug: 172.18.0.1 - - [27/Aug/2025 02:34:53] "GET /web HTTP/1.1" 200 - 59 0.010 0.051
2025-08-27 02:34:53,356 1 INFO odoo werkzeug: 172.18.0.1 - - [27/Aug/2025 02:34:53] "GET /bus/websocket_worker_bundle?v=17.0-1 HTTP/1.1" 304 - 4 0.002 0.004
2025-08-27 02:34:53,363 1 INFO odoo werkzeug: 172.18.0.1 - - [27/Aug/2025 02:34:53] "POST /web/action/load HTTP/1.1" 200 - 9 0.005 0.008
2025-08-27 02:34:53,377 1 INFO odoo werkzeug: 172.18.0.1 - - [27/Aug/2025 02:34:53] "GET /web/image?model=res.users&field=avatar_128&id=2 HTTP/1.1" 200 - 9 0.002 0.008
2025-08-27 02:34:53,384 1 INFO odoo werkzeug: 172.18.0.1 - - [27/Aug/2025 02:34:53] "GET /websocket?version=17.0-1 HTTP/1.1" 101 - 1 0.000 0.005
2025-08-27 02:34:53,394 1 INFO odoo werkzeug: 172.18.0.1 - - [27/Aug/2025 02:34:53] "GET /web/manifest.webmanifest HTTP/1.1" 200 - 7 0.003 0.004
2025-08-27 02:34:53,423 1 INFO odoo werkzeug: 172.18.0.1 - - [27/Aug/2025 02:34:53] "POST /web/dataset/call_kw/ir.module.module/get_views HTTP/1.1" 200 - 48 0.014 0.026
2025-08-27 02:34:53,434 1 INFO odoo werkzeug: 172.18.0.1 - - [27/Aug/2025 02:34:53] "POST /web/dataset/call_kw/ir.module.module/search_panel_select_range HTTP/1.1" 200 - 1 0.000 0.003
2025-08-27 02:34:53,451 1 INFO odoo werkzeug: 172.18.0.1 - - [27/Aug/2025 02:34:53] "POST /web/dataset/call_kw/ir.module.module/search_panel_select_range HTTP/1.1" 200 - 39 0.010 0.012
2025-08-27 02:34:53,458 1 INFO odoo werkzeug: 172.18.0.1 - - [27/Aug/2025 02:34:53] "POST /web/dataset/call_kw/ir.module.module/web_search_read HTTP/1.1" 200 - 4 0.002 0.023
2025-08-27 02:34:53,693 1 INFO ? odoo.addons.bus.models.bus: Bus.loop listen imbus on db postgres 
2025-08-27 02:34:55,105 1 INFO odoo werkzeug: 172.18.0.1 - - [27/Aug/2025 02:34:55] "GET /web/service-worker.js HTTP/1.1" 200 - 1 0.001 0.004
2025-08-27 02:34:58,399 1 INFO odoo werkzeug: 172.18.0.1 - - [27/Aug/2025 02:34:58] "POST /web/dataset/call_kw/ir.module.module/search_panel_select_range HTTP/1.1" 200 - 36 0.021 0.023
2025-08-27 02:34:58,417 1 INFO odoo werkzeug: 172.18.0.1 - - [27/Aug/2025 02:34:58] "POST /web/dataset/call_kw/ir.module.module/web_search_read HTTP/1.1" 200 - 3 0.003 0.007
2025-08-27 02:35:51,400 1 INFO odoo odoo.addons.base.models.ir_cron: Starting job `Base: Auto-vacuum internal data`. 
2025-08-27 02:35:51,421 1 INFO odoo odoo.addons.base.models.ir_attachment: filestore gc 55 checked, 0 removed 
2025-08-27 02:35:51,442 1 INFO odoo odoo.addons.base.models.res_users: GC'd 2 user log entries 
2025-08-27 02:35:51,456 1 INFO odoo odoo.addons.auth_totp.models.auth_totp: GC'd 0 totp devices entries 
2025-08-27 02:35:51,461 1 INFO odoo odoo.models.unlink: User #1 deleted bus.bus records with IDs: [1, 2, 3, 4, 5] 
2025-08-27 02:35:51,470 1 INFO odoo odoo.addons.base.models.ir_cron: Job done: `Base: Auto-vacuum internal data` (0.070s). 
2025-08-27 02:36:32,342 1 INFO odoo werkzeug: 172.18.0.1 - - [27/Aug/2025 02:36:32] "GET /web HTTP/1.1" 200 - 9 0.003 0.007
2025-08-27 02:36:32,415 1 INFO odoo werkzeug: 172.18.0.1 - - [27/Aug/2025 02:36:32] "GET /bus/websocket_worker_bundle?v=17.0-1 HTTP/1.1" 304 - 3 0.002 0.003
2025-08-27 02:36:32,421 1 INFO odoo werkzeug: 172.18.0.1 - - [27/Aug/2025 02:36:32] "POST /web/action/load HTTP/1.1" 200 - 9 0.005 0.007
2025-08-27 02:36:32,455 1 INFO odoo werkzeug: 172.18.0.1 - - [27/Aug/2025 02:36:32] "GET /web/image?model=res.users&field=avatar_128&id=2 HTTP/1.1" 304 - 9 0.005 0.022
2025-08-27 02:36:32,455 1 INFO odoo werkzeug: 172.18.0.1 - - [27/Aug/2025 02:36:32] "POST /web/dataset/call_kw/ir.module.module/get_views HTTP/1.1" 200 - 2 0.001 0.014
2025-08-27 02:36:32,459 1 INFO odoo werkzeug: 172.18.0.1 - - [27/Aug/2025 02:36:32] "GET /websocket?version=17.0-1 HTTP/1.1" 101 - 1 0.002 0.015
2025-08-27 02:36:32,461 1 INFO odoo werkzeug: 172.18.0.1 - - [27/Aug/2025 02:36:32] "GET /web/manifest.webmanifest HTTP/1.1" 200 - 5 0.003 0.017
2025-08-27 02:36:32,473 1 INFO odoo werkzeug: 172.18.0.1 - - [27/Aug/2025 02:36:32] "POST /web/dataset/call_kw/ir.module.module/search_panel_select_range HTTP/1.1" 200 - 1 0.004 0.004
2025-08-27 02:36:32,493 1 INFO odoo werkzeug: 172.18.0.1 - - [27/Aug/2025 02:36:32] "POST /web/dataset/call_kw/ir.module.module/search_panel_select_range HTTP/1.1" 200 - 36 0.016 0.013
2025-08-27 02:36:32,498 1 INFO odoo werkzeug: 172.18.0.1 - - [27/Aug/2025 02:36:32] "POST /web/dataset/call_kw/ir.module.module/web_search_read HTTP/1.1" 200 - 3 0.002 0.027
2025-08-27 02:36:34,232 1 INFO odoo werkzeug: 172.18.0.1 - - [27/Aug/2025 02:36:34] "GET /web/service-worker.js HTTP/1.1" 200 - 1 0.001 0.005
2025-08-27 02:36:36,246 1 INFO odoo werkzeug: 172.18.0.1 - - [27/Aug/2025 02:36:36] "POST /web/dataset/call_kw/ir.module.module/search_panel_select_range HTTP/1.1" 200 - 36 0.010 0.012
2025-08-27 02:36:36,257 1 INFO odoo werkzeug: 172.18.0.1 - - [27/Aug/2025 02:36:36] "POST /web/dataset/call_kw/ir.module.module/web_search_read HTTP/1.1" 200 - 3 0.002 0.004
2025-08-27 02:37:09,278 1 INFO odoo werkzeug: 172.18.0.1 - - [27/Aug/2025 02:37:09] "GET /web HTTP/1.1" 200 - 9 0.002 0.008
2025-08-27 02:37:09,370 1 INFO odoo werkzeug: 172.18.0.1 - - [27/Aug/2025 02:37:09] "GET /bus/websocket_worker_bundle?v=17.0-1 HTTP/1.1" 304 - 3 0.002 0.004
2025-08-27 02:37:09,374 1 INFO odoo werkzeug: 172.18.0.1 - - [27/Aug/2025 02:37:09] "POST /web/action/load HTTP/1.1" 200 - 9 0.004 0.006
2025-08-27 02:37:09,394 1 INFO odoo werkzeug: 172.18.0.1 - - [27/Aug/2025 02:37:09] "GET /web/image?model=res.users&field=avatar_128&id=2 HTTP/1.1" 304 - 9 0.002 0.009
2025-08-27 02:37:09,404 1 INFO odoo werkzeug: 172.18.0.1 - - [27/Aug/2025 02:37:09] "POST /web/dataset/call_kw/ir.module.module/get_views HTTP/1.1" 200 - 2 0.002 0.008
2025-08-27 02:37:09,405 1 INFO odoo werkzeug: 172.18.0.1 - - [27/Aug/2025 02:37:09] "GET /websocket?version=17.0-1 HTTP/1.1" 101 - 1 0.002 0.004
2025-08-27 02:37:09,410 1 INFO odoo werkzeug: 172.18.0.1 - - [27/Aug/2025 02:37:09] "GET /web/manifest.webmanifest HTTP/1.1" 200 - 5 0.002 0.005
2025-08-27 02:37:09,416 1 INFO odoo werkzeug: 172.18.0.1 - - [27/Aug/2025 02:37:09] "POST /web/dataset/call_kw/ir.module.module/search_panel_select_range HTTP/1.1" 200 - 1 0.000 0.004
2025-08-27 02:37:09,436 1 INFO odoo werkzeug: 172.18.0.1 - - [27/Aug/2025 02:37:09] "POST /web/dataset/call_kw/ir.module.module/search_panel_select_range HTTP/1.1" 200 - 36 0.011 0.013
2025-08-27 02:37:09,441 1 INFO odoo werkzeug: 172.18.0.1 - - [27/Aug/2025 02:37:09] "POST /web/dataset/call_kw/ir.module.module/web_search_read HTTP/1.1" 200 - 3 0.002 0.023
2025-08-27 02:37:11,165 1 INFO odoo werkzeug: 172.18.0.1 - - [27/Aug/2025 02:37:11] "GET /web/service-worker.js HTTP/1.1" 200 - 1 0.001 0.004
2025-08-27 02:37:17,935 1 INFO odoo odoo.service.server: Initiating shutdown 
2025-08-27 02:37:17,935 1 INFO odoo odoo.service.server: Hit CTRL-C again or send a second signal to force the shutdown. 
2025-08-27 02:37:18,123 1 ERROR ? odoo.addons.bus.models.bus: Bus.loop error, sleep and retry 
Traceback (most recent call last):
  File "/usr/lib/python3/dist-packages/odoo/addons/bus/models/bus.py", line 254, in run
    self.loop()
  File "/usr/lib/python3/dist-packages/odoo/addons/bus/models/bus.py", line 239, in loop
    conn.poll()
psycopg2.OperationalError: server closed the connection unexpectedly
	This probably means the server terminated abnormally
	before or while processing the request.

2025-08-27 02:37:27,968 1 INFO ? odoo: Odoo version 17.0-20250819 
2025-08-27 02:37:27,968 1 INFO ? odoo: Using configuration file at /etc/odoo/odoo.conf 
2025-08-27 02:37:27,968 1 INFO ? odoo: addons paths: ['/usr/lib/python3/dist-packages/odoo/addons', '/var/lib/odoo/addons/17.0', '/mnt/extra-addons'] 
2025-08-27 02:37:27,968 1 INFO ? odoo: database: odoo@db:5432 
2025-08-27 02:37:28,035 1 INFO ? odoo.addons.base.models.ir_actions_report: Will use the Wkhtmltopdf binary at /usr/local/bin/wkhtmltopdf 
2025-08-27 02:37:28,132 1 INFO ? odoo.service.server: HTTP service (werkzeug) running on a4593732e499:8069 
2025-08-27 02:37:28,145 1 INFO odoo odoo.modules.loading: loading 1 modules... 
2025-08-27 02:37:28,145 1 INFO odoo odoo.modules.loading: Loading module base (1/1) 
2025-08-27 02:37:28,160 1 INFO odoo odoo.modules.registry: module base: creating or updating database tables 
2025-08-27 02:37:28,449 1 INFO odoo odoo.modules.loading: loading base/data/res_bank.xml 
2025-08-27 02:37:28,453 1 INFO odoo odoo.modules.loading: loading base/data/res.lang.csv 
2025-08-27 02:37:28,567 1 INFO odoo odoo.modules.loading: loading base/data/res_lang_data.xml 
2025-08-27 02:37:28,584 1 INFO odoo odoo.modules.loading: loading base/data/res_partner_data.xml 
2025-08-27 02:37:28,621 1 INFO odoo odoo.modules.loading: loading base/data/res_currency_data.xml 
2025-08-27 02:37:28,850 1 INFO odoo odoo.modules.loading: loading base/data/res_company_data.xml 
2025-08-27 02:37:28,856 1 INFO odoo odoo.modules.loading: loading base/data/res_users_data.xml 
2025-08-27 02:37:29,678 1 INFO odoo odoo.modules.loading: loading base/data/report_paperformat_data.xml 
2025-08-27 02:37:29,682 1 INFO odoo odoo.modules.loading: loading base/data/res_country_data.xml 
2025-08-27 02:37:29,883 1 INFO odoo odoo.modules.loading: loading base/data/ir_demo_data.xml 
2025-08-27 02:37:29,890 1 INFO odoo odoo.modules.loading: loading base/security/base_groups.xml 
2025-08-27 02:37:30,029 1 INFO odoo odoo.modules.loading: loading base/security/base_security.xml 
2025-08-27 02:37:30,098 1 INFO odoo odoo.modules.loading: loading base/views/base_menus.xml 
2025-08-27 02:37:30,128 1 INFO odoo odoo.modules.loading: loading base/views/decimal_precision_views.xml 
2025-08-27 02:37:30,137 1 INFO odoo odoo.modules.loading: loading base/views/res_config_views.xml 
2025-08-27 02:37:30,144 1 INFO odoo odoo.modules.loading: loading base/data/res.country.state.csv 
2025-08-27 02:37:30,667 1 INFO odoo odoo.modules.loading: loading base/views/ir_actions_views.xml 
2025-08-27 02:37:30,748 1 INFO odoo odoo.modules.loading: loading base/views/ir_asset_views.xml 
2025-08-27 02:37:30,762 1 INFO odoo odoo.modules.loading: loading base/views/ir_config_parameter_views.xml 
2025-08-27 02:37:30,774 1 INFO odoo odoo.modules.loading: loading base/views/ir_cron_views.xml 
2025-08-27 02:37:30,795 1 INFO odoo odoo.modules.loading: loading base/views/ir_cron_trigger_views.xml 
2025-08-27 02:37:30,808 1 INFO odoo odoo.modules.loading: loading base/views/ir_filters_views.xml 
2025-08-27 02:37:30,822 1 INFO odoo odoo.modules.loading: loading base/views/ir_mail_server_views.xml 
2025-08-27 02:37:30,836 1 INFO odoo odoo.modules.loading: loading base/views/ir_model_views.xml 
2025-08-27 02:37:30,930 1 INFO odoo odoo.modules.loading: loading base/views/ir_attachment_views.xml 
2025-08-27 02:37:30,945 1 INFO odoo odoo.modules.loading: loading base/views/ir_rule_views.xml 
2025-08-27 02:37:30,965 1 INFO odoo odoo.modules.loading: loading base/views/ir_sequence_views.xml 
2025-08-27 02:37:30,978 1 INFO odoo odoo.modules.loading: loading base/views/ir_ui_menu_views.xml 
2025-08-27 02:37:30,994 1 INFO odoo odoo.modules.loading: loading base/views/ir_ui_view_views.xml 
2025-08-27 02:37:31,034 1 INFO odoo odoo.modules.loading: loading base/views/ir_default_views.xml 
2025-08-27 02:37:31,047 1 INFO odoo odoo.modules.loading: loading base/data/ir_cron_data.xml 
2025-08-27 02:37:31,054 1 INFO odoo odoo.modules.loading: loading base/report/ir_model_report.xml 
2025-08-27 02:37:31,056 1 INFO odoo odoo.modules.loading: loading base/report/ir_model_templates.xml 
2025-08-27 02:37:31,063 1 INFO odoo odoo.modules.loading: loading base/views/ir_logging_views.xml 
2025-08-27 02:37:31,074 1 INFO odoo odoo.modules.loading: loading base/views/ir_qweb_widget_templates.xml 
2025-08-27 02:37:31,088 1 INFO odoo odoo.modules.loading: loading base/views/ir_module_views.xml 
2025-08-27 02:37:31,125 1 INFO odoo odoo.modules.loading: loading base/data/ir_module_category_data.xml 
2025-08-27 02:37:31,259 1 INFO odoo odoo.modules.loading: loading base/data/ir_module_module.xml 
2025-08-27 02:37:31,287 1 INFO odoo odoo.modules.loading: loading base/report/ir_module_reports.xml 
2025-08-27 02:37:31,290 1 INFO odoo odoo.modules.loading: loading base/report/ir_module_report_templates.xml 
2025-08-27 02:37:31,299 1 INFO odoo odoo.modules.loading: loading base/wizard/base_module_update_views.xml 
2025-08-27 02:37:31,307 1 INFO odoo odoo.modules.loading: loading base/wizard/base_language_install_views.xml 
2025-08-27 02:37:31,315 1 INFO odoo odoo.modules.loading: loading base/wizard/base_import_language_views.xml 
2025-08-27 02:37:31,322 1 INFO odoo odoo.modules.loading: loading base/wizard/base_module_upgrade_views.xml 
2025-08-27 02:37:31,333 1 INFO odoo odoo.modules.loading: loading base/wizard/base_module_uninstall_views.xml 
2025-08-27 02:37:31,339 1 INFO odoo odoo.modules.loading: loading base/wizard/base_export_language_views.xml 
2025-08-27 02:37:31,347 1 INFO odoo odoo.modules.loading: loading base/wizard/base_partner_merge_views.xml 
2025-08-27 02:37:31,356 1 INFO odoo odoo.modules.loading: loading base/data/ir_demo_failure_data.xml 
2025-08-27 02:37:31,364 1 INFO odoo odoo.modules.loading: loading base/views/ir_profile_views.xml 
2025-08-27 02:37:31,380 1 INFO odoo odoo.modules.loading: loading base/views/res_company_views.xml 
2025-08-27 02:37:31,397 1 INFO odoo odoo.modules.loading: loading base/views/res_lang_views.xml 
2025-08-27 02:37:31,414 1 INFO odoo odoo.modules.loading: loading base/views/res_partner_views.xml 
2025-08-27 02:37:31,498 1 INFO odoo odoo.modules.loading: loading base/views/res_bank_views.xml 
2025-08-27 02:37:31,525 1 INFO odoo odoo.modules.loading: loading base/views/res_country_views.xml 
2025-08-27 02:37:31,556 1 INFO odoo odoo.modules.loading: loading base/views/res_currency_views.xml 
2025-08-27 02:37:31,582 1 INFO odoo odoo.modules.loading: loading base/views/res_users_views.xml 
2025-08-27 02:37:31,666 1 INFO odoo odoo.modules.loading: loading base/views/res_users_identitycheck_views.xml 
2025-08-27 02:37:31,673 1 INFO odoo odoo.modules.loading: loading base/views/ir_property_views.xml 
2025-08-27 02:37:31,685 1 INFO odoo odoo.modules.loading: loading base/views/res_config_settings_views.xml 
2025-08-27 02:37:31,689 1 INFO odoo odoo.modules.loading: loading base/views/report_paperformat_views.xml 
2025-08-27 02:37:31,703 1 INFO odoo odoo.modules.loading: loading base/security/ir.model.access.csv 
2025-08-27 02:37:31,792 1 INFO odoo odoo.modules.loading: Module base: loading demo 
2025-08-27 02:37:31,792 1 INFO odoo odoo.modules.loading: loading base/data/res_users_demo.xml 
2025-08-27 02:37:32,911 1 INFO odoo odoo.modules.loading: loading base/data/res_partner_bank_demo.xml 
2025-08-27 02:37:32,913 1 INFO odoo odoo.modules.loading: loading base/data/res_currency_demo.xml 
2025-08-27 02:37:32,915 1 INFO odoo odoo.modules.loading: loading base/data/res_currency_rate_demo.xml 
2025-08-27 02:37:32,984 1 INFO odoo odoo.modules.loading: loading base/data/res_bank_demo.xml 
2025-08-27 02:37:32,986 1 INFO odoo odoo.modules.loading: loading base/data/res_partner_demo.xml 
2025-08-27 02:37:33,144 1 INFO odoo odoo.modules.loading: loading base/data/res_partner_image_demo.xml 
2025-08-27 02:37:33,505 1 INFO odoo odoo.modules.loading: Module base loaded in 5.36s, 10645 queries (+10645 other) 
2025-08-27 02:37:33,505 1 INFO odoo odoo.modules.loading: 1 modules loaded in 5.36s, 10645 queries (+10645 extra) 
2025-08-27 02:37:33,515 1 INFO odoo odoo.modules.loading: updating modules list 
2025-08-27 02:37:33,516 1 INFO odoo odoo.addons.base.models.ir_module: ALLOW access to module.update_list on [] to user __system__ #1 via n/a 
2025-08-27 02:37:33,753 1 WARNING odoo odoo.modules.module: Missing `license` key in manifest for 'library_member', defaulting to LGPL-3 
2025-08-27 02:37:33,957 1 INFO odoo odoo.modules.loading: loading 11 modules... 
2025-08-27 02:37:33,995 1 INFO odoo odoo.modules.loading: 11 modules loaded in 0.04s, 0 queries (+0 extra) 
2025-08-27 02:37:34,171 1 INFO odoo odoo.modules.loading: Modules loaded. 
2025-08-27 02:37:34,177 1 INFO odoo odoo.modules.registry: Registry loaded in 6.045s 
2025-08-27 02:37:34,193 1 INFO odoo odoo.addons.base.models.ir_http: Generating routing map for key None 
2025-08-27 02:37:34,220 1 INFO odoo werkzeug: 172.18.0.1 - - [27/Aug/2025 02:37:34] "GET /websocket?version=17.0-1 HTTP/1.1" 101 - 13 0.004 4.025
2025-08-27 02:37:34,531 1 INFO ? odoo.addons.bus.models.bus: Bus.loop listen imbus on db postgres 
2025-08-27 02:37:40,387 1 INFO odoo werkzeug: 172.18.0.1 - - [27/Aug/2025 02:37:40] "GET /web HTTP/1.1" 303 - 4 0.001 0.004
2025-08-27 02:37:40,469 1 INFO odoo werkzeug: 172.18.0.1 - - [27/Aug/2025 02:37:40] "GET /web/login HTTP/1.1" 200 - 50 0.011 0.067
2025-08-27 02:37:40,530 1 WARNING ? odoo.modules.module: Missing `license` key in manifest for 'library_member', defaulting to LGPL-3 
2025-08-27 02:37:40,530 1 ERROR ? odoo.http: Exception during request handling. 
Traceback (most recent call last):
  File "/usr/lib/python3/dist-packages/odoo/modules/module.py", line 349, in load_manifest
    manifest['version'] = adapt_version(manifest['version'])
  File "/usr/lib/python3/dist-packages/odoo/modules/module.py", line 456, in adapt_version
    raise ValueError(f"Invalid version {base_version!r}. Modules should have a version in format `x.y`, `x.y.z`,"
ValueError: Invalid version '16.0.1.0.0'. Modules should have a version in format `x.y`, `x.y.z`, `17.0.x.y` or `17.0.x.y.z`.

The above exception was the direct cause of the following exception:

Traceback (most recent call last):
  File "/usr/lib/python3/dist-packages/odoo/http.py", line 2392, in __call__
    if self.get_static_file(httprequest.path):
  File "/usr/lib/python3/dist-packages/odoo/http.py", line 2292, in get_static_file
    if (module not in self.statics or static != 'static' or not resource):
  File "/usr/lib/python3/dist-packages/odoo/tools/func.py", line 28, in __get__
    value = self.fget(obj)
  File "/usr/lib/python3/dist-packages/odoo/http.py", line 2262, in statics
    manifest = get_manifest(module)
  File "/usr/lib/python3/dist-packages/odoo/modules/module.py", line 369, in get_manifest
    return copy.deepcopy(_get_manifest_cached(module, mod_path))
  File "/usr/lib/python3/dist-packages/odoo/modules/module.py", line 373, in _get_manifest_cached
    return load_manifest(module, mod_path)
  File "/usr/lib/python3/dist-packages/odoo/modules/module.py", line 352, in load_manifest
    raise ValueError(f"Module {module}: invalid manifest") from e
ValueError: Module library_member: invalid manifest
2025-08-27 02:37:40,532 1 INFO ? werkzeug: 172.18.0.1 - - [27/Aug/2025 02:37:40] "GET /web/binary/company_logo HTTP/1.1" 500 - 0 0.000 0.043
2025-08-27 02:37:40,596 1 WARNING ? odoo.modules.module: Missing `license` key in manifest for 'library_member', defaulting to LGPL-3 
2025-08-27 02:37:40,596 1 ERROR ? odoo.http: Exception during request handling. 
Traceback (most recent call last):
  File "/usr/lib/python3/dist-packages/odoo/modules/module.py", line 349, in load_manifest
    manifest['version'] = adapt_version(manifest['version'])
  File "/usr/lib/python3/dist-packages/odoo/modules/module.py", line 456, in adapt_version
    raise ValueError(f"Invalid version {base_version!r}. Modules should have a version in format `x.y`, `x.y.z`,"
ValueError: Invalid version '16.0.1.0.0'. Modules should have a version in format `x.y`, `x.y.z`, `17.0.x.y` or `17.0.x.y.z`.

The above exception was the direct cause of the following exception:

Traceback (most recent call last):
  File "/usr/lib/python3/dist-packages/odoo/http.py", line 2392, in __call__
    if self.get_static_file(httprequest.path):
  File "/usr/lib/python3/dist-packages/odoo/http.py", line 2292, in get_static_file
    if (module not in self.statics or static != 'static' or not resource):
  File "/usr/lib/python3/dist-packages/odoo/tools/func.py", line 28, in __get__
    value = self.fget(obj)
  File "/usr/lib/python3/dist-packages/odoo/http.py", line 2262, in statics
    manifest = get_manifest(module)
  File "/usr/lib/python3/dist-packages/odoo/modules/module.py", line 369, in get_manifest
    return copy.deepcopy(_get_manifest_cached(module, mod_path))
  File "/usr/lib/python3/dist-packages/odoo/modules/module.py", line 373, in _get_manifest_cached
    return load_manifest(module, mod_path)
  File "/usr/lib/python3/dist-packages/odoo/modules/module.py", line 352, in load_manifest
    raise ValueError(f"Module {module}: invalid manifest") from e
ValueError: Module library_member: invalid manifest
2025-08-27 02:37:40,597 1 INFO ? werkzeug: 172.18.0.1 - - [27/Aug/2025 02:37:40] "GET /web/webclient/translations/1756262260569 HTTP/1.1" 500 - 0 0.000 0.026
2025-08-27 02:37:42,445 1 INFO odoo odoo.addons.base.models.res_users: Login successful for db:odoo login:admin from 172.18.0.1 
2025-08-27 02:37:42,453 1 INFO odoo werkzeug: 172.18.0.1 - - [27/Aug/2025 02:37:42] "POST /web/login HTTP/1.1" 303 - 39 0.013 0.495
2025-08-27 02:37:42,533 1 INFO odoo werkzeug: 172.18.0.1 - - [27/Aug/2025 02:37:42] "GET /web HTTP/1.1" 200 - 59 0.014 0.063
2025-08-27 02:37:42,607 1 INFO odoo werkzeug: 172.18.0.1 - - [27/Aug/2025 02:37:42] "GET /bus/websocket_worker_bundle?v=17.0-1 HTTP/1.1" 304 - 4 0.001 0.004
2025-08-27 02:37:42,639 1 INFO odoo werkzeug: 172.18.0.1 - - [27/Aug/2025 02:37:42] "GET /web/image?model=res.users&field=avatar_128&id=2 HTTP/1.1" 200 - 9 0.003 0.013
2025-08-27 02:37:42,642 1 INFO odoo werkzeug: 172.18.0.1 - - [27/Aug/2025 02:37:42] "GET /websocket?version=17.0-1 HTTP/1.1" 101 - 1 0.001 0.017
2025-08-27 02:37:42,642 1 INFO odoo werkzeug: 172.18.0.1 - - [27/Aug/2025 02:37:42] "GET /web/manifest.webmanifest HTTP/1.1" 200 - 7 0.005 0.016
2025-08-27 02:37:42,653 1 WARNING ? odoo.modules.module: Missing `license` key in manifest for 'library_member', defaulting to LGPL-3 
2025-08-27 02:37:42,653 1 ERROR ? odoo.http: Exception during request handling. 
Traceback (most recent call last):
  File "/usr/lib/python3/dist-packages/odoo/modules/module.py", line 349, in load_manifest
    manifest['version'] = adapt_version(manifest['version'])
  File "/usr/lib/python3/dist-packages/odoo/modules/module.py", line 456, in adapt_version
    raise ValueError(f"Invalid version {base_version!r}. Modules should have a version in format `x.y`, `x.y.z`,"
ValueError: Invalid version '16.0.1.0.0'. Modules should have a version in format `x.y`, `x.y.z`, `17.0.x.y` or `17.0.x.y.z`.

The above exception was the direct cause of the following exception:

Traceback (most recent call last):
  File "/usr/lib/python3/dist-packages/odoo/http.py", line 2392, in __call__
    if self.get_static_file(httprequest.path):
  File "/usr/lib/python3/dist-packages/odoo/http.py", line 2292, in get_static_file
    if (module not in self.statics or static != 'static' or not resource):
  File "/usr/lib/python3/dist-packages/odoo/tools/func.py", line 28, in __get__
    value = self.fget(obj)
  File "/usr/lib/python3/dist-packages/odoo/http.py", line 2262, in statics
    manifest = get_manifest(module)
  File "/usr/lib/python3/dist-packages/odoo/modules/module.py", line 369, in get_manifest
    return copy.deepcopy(_get_manifest_cached(module, mod_path))
  File "/usr/lib/python3/dist-packages/odoo/modules/module.py", line 373, in _get_manifest_cached
    return load_manifest(module, mod_path)
  File "/usr/lib/python3/dist-packages/odoo/modules/module.py", line 352, in load_manifest
    raise ValueError(f"Module {module}: invalid manifest") from e
ValueError: Module library_member: invalid manifest
2025-08-27 02:37:42,653 1 INFO ? werkzeug: 172.18.0.1 - - [27/Aug/2025 02:37:42] "POST /web/action/load HTTP/1.1" 500 - 0 0.000 0.052
2025-08-27 02:37:44,173 1 INFO odoo werkzeug: 172.18.0.1 - - [27/Aug/2025 02:37:44] "GET /web/service-worker.js HTTP/1.1" 200 - 1 0.001 0.004
2025-08-27 02:37:44,687 1 WARNING ? odoo.modules.module: Missing `license` key in manifest for 'library_member', defaulting to LGPL-3 
2025-08-27 02:37:44,687 1 ERROR ? odoo.http: Exception during request handling. 
Traceback (most recent call last):
  File "/usr/lib/python3/dist-packages/odoo/modules/module.py", line 349, in load_manifest
    manifest['version'] = adapt_version(manifest['version'])
  File "/usr/lib/python3/dist-packages/odoo/modules/module.py", line 456, in adapt_version
    raise ValueError(f"Invalid version {base_version!r}. Modules should have a version in format `x.y`, `x.y.z`,"
ValueError: Invalid version '16.0.1.0.0'. Modules should have a version in format `x.y`, `x.y.z`, `17.0.x.y` or `17.0.x.y.z`.

The above exception was the direct cause of the following exception:

Traceback (most recent call last):
  File "/usr/lib/python3/dist-packages/odoo/http.py", line 2392, in __call__
    if self.get_static_file(httprequest.path):
  File "/usr/lib/python3/dist-packages/odoo/http.py", line 2292, in get_static_file
    if (module not in self.statics or static != 'static' or not resource):
  File "/usr/lib/python3/dist-packages/odoo/tools/func.py", line 28, in __get__
    value = self.fget(obj)
  File "/usr/lib/python3/dist-packages/odoo/http.py", line 2262, in statics
    manifest = get_manifest(module)
  File "/usr/lib/python3/dist-packages/odoo/modules/module.py", line 369, in get_manifest
    return copy.deepcopy(_get_manifest_cached(module, mod_path))
  File "/usr/lib/python3/dist-packages/odoo/modules/module.py", line 373, in _get_manifest_cached
    return load_manifest(module, mod_path)
  File "/usr/lib/python3/dist-packages/odoo/modules/module.py", line 352, in load_manifest
    raise ValueError(f"Module {module}: invalid manifest") from e
ValueError: Module library_member: invalid manifest
2025-08-27 02:37:44,687 1 INFO ? werkzeug: 172.18.0.1 - - [27/Aug/2025 02:37:44] "POST /web/webclient/version_info HTTP/1.1" 500 - 0 0.000 0.026
2025-08-27 02:37:46,965 1 INFO odoo werkzeug: 172.18.0.1 - - [27/Aug/2025 02:37:46] "GET /web HTTP/1.1" 200 - 9 0.002 0.008
2025-08-27 02:37:47,031 1 INFO odoo werkzeug: 172.18.0.1 - - [27/Aug/2025 02:37:47] "GET /bus/websocket_worker_bundle?v=17.0-1 HTTP/1.1" 304 - 3 0.001 0.003
2025-08-27 02:37:47,056 1 INFO odoo werkzeug: 172.18.0.1 - - [27/Aug/2025 02:37:47] "GET /web/image?model=res.users&field=avatar_128&id=2 HTTP/1.1" 304 - 9 0.005 0.012
2025-08-27 02:37:47,057 1 INFO odoo werkzeug: 172.18.0.1 - - [27/Aug/2025 02:37:47] "GET /websocket?version=17.0-1 HTTP/1.1" 101 - 1 0.000 0.010
2025-08-27 02:37:47,057 1 INFO odoo werkzeug: 172.18.0.1 - - [27/Aug/2025 02:37:47] "GET /web/manifest.webmanifest HTTP/1.1" 200 - 5 0.004 0.009
2025-08-27 02:37:47,074 1 WARNING ? odoo.modules.module: Missing `license` key in manifest for 'library_member', defaulting to LGPL-3 
2025-08-27 02:37:47,074 1 ERROR ? odoo.http: Exception during request handling. 
Traceback (most recent call last):
  File "/usr/lib/python3/dist-packages/odoo/modules/module.py", line 349, in load_manifest
    manifest['version'] = adapt_version(manifest['version'])
  File "/usr/lib/python3/dist-packages/odoo/modules/module.py", line 456, in adapt_version
    raise ValueError(f"Invalid version {base_version!r}. Modules should have a version in format `x.y`, `x.y.z`,"
ValueError: Invalid version '16.0.1.0.0'. Modules should have a version in format `x.y`, `x.y.z`, `17.0.x.y` or `17.0.x.y.z`.

The above exception was the direct cause of the following exception:

Traceback (most recent call last):
  File "/usr/lib/python3/dist-packages/odoo/http.py", line 2392, in __call__
    if self.get_static_file(httprequest.path):
  File "/usr/lib/python3/dist-packages/odoo/http.py", line 2292, in get_static_file
    if (module not in self.statics or static != 'static' or not resource):
  File "/usr/lib/python3/dist-packages/odoo/tools/func.py", line 28, in __get__
    value = self.fget(obj)
  File "/usr/lib/python3/dist-packages/odoo/http.py", line 2262, in statics
    manifest = get_manifest(module)
  File "/usr/lib/python3/dist-packages/odoo/modules/module.py", line 369, in get_manifest
    return copy.deepcopy(_get_manifest_cached(module, mod_path))
  File "/usr/lib/python3/dist-packages/odoo/modules/module.py", line 373, in _get_manifest_cached
    return load_manifest(module, mod_path)
  File "/usr/lib/python3/dist-packages/odoo/modules/module.py", line 352, in load_manifest
    raise ValueError(f"Module {module}: invalid manifest") from e
ValueError: Module library_member: invalid manifest
2025-08-27 02:37:47,074 1 INFO ? werkzeug: 172.18.0.1 - - [27/Aug/2025 02:37:47] "POST /web/action/load HTTP/1.1" 500 - 0 0.000 0.049
2025-08-27 02:37:48,608 1 INFO odoo werkzeug: 172.18.0.1 - - [27/Aug/2025 02:37:48] "GET /web/service-worker.js HTTP/1.1" 200 - 1 0.001 0.004
2025-08-27 02:37:49,117 1 WARNING ? odoo.modules.module: Missing `license` key in manifest for 'library_member', defaulting to LGPL-3 
2025-08-27 02:37:49,117 1 ERROR ? odoo.http: Exception during request handling. 
Traceback (most recent call last):
  File "/usr/lib/python3/dist-packages/odoo/modules/module.py", line 349, in load_manifest
    manifest['version'] = adapt_version(manifest['version'])
  File "/usr/lib/python3/dist-packages/odoo/modules/module.py", line 456, in adapt_version
    raise ValueError(f"Invalid version {base_version!r}. Modules should have a version in format `x.y`, `x.y.z`,"
ValueError: Invalid version '16.0.1.0.0'. Modules should have a version in format `x.y`, `x.y.z`, `17.0.x.y` or `17.0.x.y.z`.

The above exception was the direct cause of the following exception:

Traceback (most recent call last):
  File "/usr/lib/python3/dist-packages/odoo/http.py", line 2392, in __call__
    if self.get_static_file(httprequest.path):
  File "/usr/lib/python3/dist-packages/odoo/http.py", line 2292, in get_static_file
    if (module not in self.statics or static != 'static' or not resource):
  File "/usr/lib/python3/dist-packages/odoo/tools/func.py", line 28, in __get__
    value = self.fget(obj)
  File "/usr/lib/python3/dist-packages/odoo/http.py", line 2262, in statics
    manifest = get_manifest(module)
  File "/usr/lib/python3/dist-packages/odoo/modules/module.py", line 369, in get_manifest
    return copy.deepcopy(_get_manifest_cached(module, mod_path))
  File "/usr/lib/python3/dist-packages/odoo/modules/module.py", line 373, in _get_manifest_cached
    return load_manifest(module, mod_path)
  File "/usr/lib/python3/dist-packages/odoo/modules/module.py", line 352, in load_manifest
    raise ValueError(f"Module {module}: invalid manifest") from e
ValueError: Module library_member: invalid manifest
2025-08-27 02:37:49,117 1 INFO ? werkzeug: 172.18.0.1 - - [27/Aug/2025 02:37:49] "POST /web/webclient/version_info HTTP/1.1" 500 - 0 0.000 0.035
2025-08-27 02:37:52,621 1 WARNING ? odoo.modules.module: Missing `license` key in manifest for 'library_member', defaulting to LGPL-3 
2025-08-27 02:37:52,621 1 ERROR ? odoo.http: Exception during request handling. 
Traceback (most recent call last):
  File "/usr/lib/python3/dist-packages/odoo/modules/module.py", line 349, in load_manifest
    manifest['version'] = adapt_version(manifest['version'])
  File "/usr/lib/python3/dist-packages/odoo/modules/module.py", line 456, in adapt_version
    raise ValueError(f"Invalid version {base_version!r}. Modules should have a version in format `x.y`, `x.y.z`,"
ValueError: Invalid version '16.0.1.0.0'. Modules should have a version in format `x.y`, `x.y.z`, `17.0.x.y` or `17.0.x.y.z`.

The above exception was the direct cause of the following exception:

Traceback (most recent call last):
  File "/usr/lib/python3/dist-packages/odoo/http.py", line 2392, in __call__
    if self.get_static_file(httprequest.path):
  File "/usr/lib/python3/dist-packages/odoo/http.py", line 2292, in get_static_file
    if (module not in self.statics or static != 'static' or not resource):
  File "/usr/lib/python3/dist-packages/odoo/tools/func.py", line 28, in __get__
    value = self.fget(obj)
  File "/usr/lib/python3/dist-packages/odoo/http.py", line 2262, in statics
    manifest = get_manifest(module)
  File "/usr/lib/python3/dist-packages/odoo/modules/module.py", line 369, in get_manifest
    return copy.deepcopy(_get_manifest_cached(module, mod_path))
  File "/usr/lib/python3/dist-packages/odoo/modules/module.py", line 373, in _get_manifest_cached
    return load_manifest(module, mod_path)
  File "/usr/lib/python3/dist-packages/odoo/modules/module.py", line 352, in load_manifest
    raise ValueError(f"Module {module}: invalid manifest") from e
ValueError: Module library_member: invalid manifest
2025-08-27 02:37:52,622 1 INFO ? werkzeug: 172.18.0.1 - - [27/Aug/2025 02:37:52] "POST /web/webclient/version_info HTTP/1.1" 500 - 0 0.000 0.033
2025-08-27 02:37:57,923 1 WARNING ? odoo.modules.module: Missing `license` key in manifest for 'library_member', defaulting to LGPL-3 
2025-08-27 02:37:57,923 1 ERROR ? odoo.http: Exception during request handling. 
Traceback (most recent call last):
  File "/usr/lib/python3/dist-packages/odoo/modules/module.py", line 349, in load_manifest
    manifest['version'] = adapt_version(manifest['version'])
  File "/usr/lib/python3/dist-packages/odoo/modules/module.py", line 456, in adapt_version
    raise ValueError(f"Invalid version {base_version!r}. Modules should have a version in format `x.y`, `x.y.z`,"
ValueError: Invalid version '16.0.1.0.0'. Modules should have a version in format `x.y`, `x.y.z`, `17.0.x.y` or `17.0.x.y.z`.

The above exception was the direct cause of the following exception:

Traceback (most recent call last):
  File "/usr/lib/python3/dist-packages/odoo/http.py", line 2392, in __call__
    if self.get_static_file(httprequest.path):
  File "/usr/lib/python3/dist-packages/odoo/http.py", line 2292, in get_static_file
    if (module not in self.statics or static != 'static' or not resource):
  File "/usr/lib/python3/dist-packages/odoo/tools/func.py", line 28, in __get__
    value = self.fget(obj)
  File "/usr/lib/python3/dist-packages/odoo/http.py", line 2262, in statics
    manifest = get_manifest(module)
  File "/usr/lib/python3/dist-packages/odoo/modules/module.py", line 369, in get_manifest
    return copy.deepcopy(_get_manifest_cached(module, mod_path))
  File "/usr/lib/python3/dist-packages/odoo/modules/module.py", line 373, in _get_manifest_cached
    return load_manifest(module, mod_path)
  File "/usr/lib/python3/dist-packages/odoo/modules/module.py", line 352, in load_manifest
    raise ValueError(f"Module {module}: invalid manifest") from e
ValueError: Module library_member: invalid manifest
2025-08-27 02:37:57,924 1 INFO ? werkzeug: 172.18.0.1 - - [27/Aug/2025 02:37:57] "POST /web/webclient/version_info HTTP/1.1" 500 - 0 0.000 0.026
2025-08-27 02:38:02,603 1 WARNING ? odoo.modules.module: Missing `license` key in manifest for 'library_member', defaulting to LGPL-3 
2025-08-27 02:38:02,604 1 ERROR ? odoo.http: Exception during request handling. 
Traceback (most recent call last):
  File "/usr/lib/python3/dist-packages/odoo/modules/module.py", line 349, in load_manifest
    manifest['version'] = adapt_version(manifest['version'])
  File "/usr/lib/python3/dist-packages/odoo/modules/module.py", line 456, in adapt_version
    raise ValueError(f"Invalid version {base_version!r}. Modules should have a version in format `x.y`, `x.y.z`,"
ValueError: Invalid version '16.0.1.0.0'. Modules should have a version in format `x.y`, `x.y.z`, `17.0.x.y` or `17.0.x.y.z`.

The above exception was the direct cause of the following exception:

Traceback (most recent call last):
  File "/usr/lib/python3/dist-packages/odoo/http.py", line 2392, in __call__
    if self.get_static_file(httprequest.path):
  File "/usr/lib/python3/dist-packages/odoo/http.py", line 2292, in get_static_file
    if (module not in self.statics or static != 'static' or not resource):
  File "/usr/lib/python3/dist-packages/odoo/tools/func.py", line 28, in __get__
    value = self.fget(obj)
  File "/usr/lib/python3/dist-packages/odoo/http.py", line 2262, in statics
    manifest = get_manifest(module)
  File "/usr/lib/python3/dist-packages/odoo/modules/module.py", line 369, in get_manifest
    return copy.deepcopy(_get_manifest_cached(module, mod_path))
  File "/usr/lib/python3/dist-packages/odoo/modules/module.py", line 373, in _get_manifest_cached
    return load_manifest(module, mod_path)
  File "/usr/lib/python3/dist-packages/odoo/modules/module.py", line 352, in load_manifest
    raise ValueError(f"Module {module}: invalid manifest") from e
ValueError: Module library_member: invalid manifest
2025-08-27 02:38:02,604 1 INFO ? werkzeug: 172.18.0.1 - - [27/Aug/2025 02:38:02] "GET /web/session/logout HTTP/1.1" 500 - 0 0.000 0.030
2025-08-27 02:38:02,637 1 INFO odoo werkzeug: 172.18.0.1 - - [27/Aug/2025 02:38:02] "GET /favicon.ico HTTP/1.1" 404 - 2 0.001 0.002
2025-08-27 02:38:04,165 1 INFO odoo werkzeug: 172.18.0.1 - - [27/Aug/2025 02:38:04] "GET /web/service-worker.js HTTP/1.1" 200 - 1 0.001 0.004
2025-08-27 02:38:12,054 1 INFO odoo odoo.service.server: Initiating shutdown 
2025-08-27 02:38:12,054 1 INFO odoo odoo.service.server: Hit CTRL-C again or send a second signal to force the shutdown. 
2025-08-27 02:38:12,169 1 INFO odoo odoo.sql_db: ConnectionPool(used=0/count=0/max=64): Closed 6 connections  
2025-08-27 02:38:17,173 1 INFO ? odoo: Odoo version 17.0-20250819 
2025-08-27 02:38:17,173 1 INFO ? odoo: Using configuration file at /etc/odoo/odoo.conf 
2025-08-27 02:38:17,173 1 INFO ? odoo: addons paths: ['/usr/lib/python3/dist-packages/odoo/addons', '/var/lib/odoo/addons/17.0', '/mnt/extra-addons'] 
2025-08-27 02:38:17,173 1 INFO ? odoo: database: odoo@db:5432 
2025-08-27 02:38:17,239 1 INFO ? odoo.addons.base.models.ir_actions_report: Will use the Wkhtmltopdf binary at /usr/local/bin/wkhtmltopdf 
2025-08-27 02:38:17,336 1 INFO ? odoo.service.server: HTTP service (werkzeug) running on 5d269c5a7c33:8069 
2025-08-27 02:38:17,350 1 INFO odoo odoo.modules.loading: loading 1 modules... 
2025-08-27 02:38:17,350 1 INFO odoo odoo.modules.loading: Loading module base (1/1) 
2025-08-27 02:38:17,366 1 INFO odoo odoo.modules.registry: module base: creating or updating database tables 
2025-08-27 02:38:17,665 1 INFO odoo odoo.modules.loading: loading base/data/res_bank.xml 
2025-08-27 02:38:17,670 1 INFO odoo odoo.modules.loading: loading base/data/res.lang.csv 
2025-08-27 02:38:17,789 1 INFO odoo odoo.modules.loading: loading base/data/res_lang_data.xml 
2025-08-27 02:38:17,807 1 INFO odoo odoo.modules.loading: loading base/data/res_partner_data.xml 
2025-08-27 02:38:17,851 1 INFO odoo odoo.modules.loading: loading base/data/res_currency_data.xml 
2025-08-27 02:38:18,122 1 INFO odoo odoo.modules.loading: loading base/data/res_company_data.xml 
2025-08-27 02:38:18,129 1 INFO odoo odoo.modules.loading: loading base/data/res_users_data.xml 
2025-08-27 02:38:18,978 1 INFO odoo odoo.modules.loading: loading base/data/report_paperformat_data.xml 
2025-08-27 02:38:18,982 1 INFO odoo odoo.modules.loading: loading base/data/res_country_data.xml 
2025-08-27 02:38:19,171 1 INFO odoo odoo.modules.loading: loading base/data/ir_demo_data.xml 
2025-08-27 02:38:19,181 1 INFO odoo odoo.modules.loading: loading base/security/base_groups.xml 
2025-08-27 02:38:19,336 1 INFO odoo odoo.modules.loading: loading base/security/base_security.xml 
2025-08-27 02:38:19,395 1 INFO odoo odoo.modules.loading: loading base/views/base_menus.xml 
2025-08-27 02:38:19,427 1 INFO odoo odoo.modules.loading: loading base/views/decimal_precision_views.xml 
2025-08-27 02:38:19,437 1 INFO odoo odoo.modules.loading: loading base/views/res_config_views.xml 
2025-08-27 02:38:19,444 1 INFO odoo odoo.modules.loading: loading base/data/res.country.state.csv 
2025-08-27 02:38:20,026 1 INFO odoo odoo.modules.loading: loading base/views/ir_actions_views.xml 
2025-08-27 02:38:20,117 1 INFO odoo odoo.modules.loading: loading base/views/ir_asset_views.xml 
2025-08-27 02:38:20,131 1 INFO odoo odoo.modules.loading: loading base/views/ir_config_parameter_views.xml 
2025-08-27 02:38:20,143 1 INFO odoo odoo.modules.loading: loading base/views/ir_cron_views.xml 
2025-08-27 02:38:20,167 1 INFO odoo odoo.modules.loading: loading base/views/ir_cron_trigger_views.xml 
2025-08-27 02:38:20,189 1 INFO odoo odoo.modules.loading: loading base/views/ir_filters_views.xml 
2025-08-27 02:38:20,209 1 INFO odoo odoo.modules.loading: loading base/views/ir_mail_server_views.xml 
2025-08-27 02:38:20,232 1 INFO odoo odoo.modules.loading: loading base/views/ir_model_views.xml 
2025-08-27 02:38:20,383 1 INFO odoo odoo.modules.loading: loading base/views/ir_attachment_views.xml 
2025-08-27 02:38:20,407 1 INFO odoo odoo.modules.loading: loading base/views/ir_rule_views.xml 
2025-08-27 02:38:20,439 1 INFO odoo odoo.modules.loading: loading base/views/ir_sequence_views.xml 
2025-08-27 02:38:20,462 1 INFO odoo odoo.modules.loading: loading base/views/ir_ui_menu_views.xml 
2025-08-27 02:38:20,483 1 INFO odoo odoo.modules.loading: loading base/views/ir_ui_view_views.xml 
2025-08-27 02:38:20,509 1 WARNING ? odoo.modules.module: Missing `license` key in manifest for 'library_member', defaulting to LGPL-3 
2025-08-27 02:38:20,510 1 ERROR ? odoo.http: Exception during request handling. 
Traceback (most recent call last):
  File "/usr/lib/python3/dist-packages/odoo/modules/module.py", line 349, in load_manifest
    manifest['version'] = adapt_version(manifest['version'])
  File "/usr/lib/python3/dist-packages/odoo/modules/module.py", line 456, in adapt_version
    raise ValueError(f"Invalid version {base_version!r}. Modules should have a version in format `x.y`, `x.y.z`,"
ValueError: Invalid version '16.0.1.0.0'. Modules should have a version in format `x.y`, `x.y.z`, `17.0.x.y` or `17.0.x.y.z`.

The above exception was the direct cause of the following exception:

Traceback (most recent call last):
  File "/usr/lib/python3/dist-packages/odoo/http.py", line 2392, in __call__
    if self.get_static_file(httprequest.path):
  File "/usr/lib/python3/dist-packages/odoo/http.py", line 2292, in get_static_file
    if (module not in self.statics or static != 'static' or not resource):
  File "/usr/lib/python3/dist-packages/odoo/tools/func.py", line 28, in __get__
    value = self.fget(obj)
  File "/usr/lib/python3/dist-packages/odoo/http.py", line 2262, in statics
    manifest = get_manifest(module)
  File "/usr/lib/python3/dist-packages/odoo/modules/module.py", line 369, in get_manifest
    return copy.deepcopy(_get_manifest_cached(module, mod_path))
  File "/usr/lib/python3/dist-packages/odoo/modules/module.py", line 373, in _get_manifest_cached
    return load_manifest(module, mod_path)
  File "/usr/lib/python3/dist-packages/odoo/modules/module.py", line 352, in load_manifest
    raise ValueError(f"Module {module}: invalid manifest") from e
ValueError: Module library_member: invalid manifest
2025-08-27 02:38:20,511 1 INFO ? werkzeug: 172.18.0.1 - - [27/Aug/2025 02:38:20] "GET /web/session/logout HTTP/1.1" 500 - 0 0.000 0.342
2025-08-27 02:38:20,535 1 INFO odoo odoo.modules.loading: loading base/views/ir_default_views.xml 
2025-08-27 02:38:20,553 1 INFO odoo odoo.modules.loading: loading base/data/ir_cron_data.xml 
2025-08-27 02:38:20,562 1 INFO odoo odoo.modules.loading: loading base/report/ir_model_report.xml 
2025-08-27 02:38:20,565 1 INFO odoo odoo.modules.loading: loading base/report/ir_model_templates.xml 
2025-08-27 02:38:20,575 1 INFO odoo odoo.modules.loading: loading base/views/ir_logging_views.xml 
2025-08-27 02:38:20,589 1 INFO odoo odoo.modules.loading: loading base/views/ir_qweb_widget_templates.xml 
2025-08-27 02:38:20,604 1 INFO odoo odoo.modules.loading: loading base/views/ir_module_views.xml 
2025-08-27 02:38:20,640 1 INFO odoo odoo.modules.loading: loading base/data/ir_module_category_data.xml 
2025-08-27 02:38:20,785 1 INFO odoo odoo.modules.loading: loading base/data/ir_module_module.xml 
2025-08-27 02:38:20,810 1 INFO odoo odoo.modules.loading: loading base/report/ir_module_reports.xml 
2025-08-27 02:38:20,811 1 INFO odoo odoo.modules.loading: loading base/report/ir_module_report_templates.xml 
2025-08-27 02:38:20,818 1 INFO odoo odoo.modules.loading: loading base/wizard/base_module_update_views.xml 
2025-08-27 02:38:20,827 1 INFO odoo odoo.modules.loading: loading base/wizard/base_language_install_views.xml 
2025-08-27 02:38:20,836 1 INFO odoo odoo.modules.loading: loading base/wizard/base_import_language_views.xml 
2025-08-27 02:38:20,845 1 INFO odoo odoo.modules.loading: loading base/wizard/base_module_upgrade_views.xml 
2025-08-27 02:38:20,858 1 INFO odoo odoo.modules.loading: loading base/wizard/base_module_uninstall_views.xml 
2025-08-27 02:38:20,864 1 INFO odoo odoo.modules.loading: loading base/wizard/base_export_language_views.xml 
2025-08-27 02:38:20,872 1 INFO odoo odoo.modules.loading: loading base/wizard/base_partner_merge_views.xml 
2025-08-27 02:38:20,882 1 INFO odoo odoo.modules.loading: loading base/data/ir_demo_failure_data.xml 
2025-08-27 02:38:20,892 1 INFO odoo odoo.modules.loading: loading base/views/ir_profile_views.xml 
2025-08-27 02:38:20,907 1 INFO odoo odoo.modules.loading: loading base/views/res_company_views.xml 
2025-08-27 02:38:20,923 1 INFO odoo odoo.modules.loading: loading base/views/res_lang_views.xml 
2025-08-27 02:38:20,943 1 INFO odoo odoo.modules.loading: loading base/views/res_partner_views.xml 
2025-08-27 02:38:21,031 1 INFO odoo odoo.modules.loading: loading base/views/res_bank_views.xml 
2025-08-27 02:38:21,055 1 INFO odoo odoo.modules.loading: loading base/views/res_country_views.xml 
2025-08-27 02:38:21,115 1 INFO odoo odoo.modules.loading: loading base/views/res_currency_views.xml 
2025-08-27 02:38:21,157 1 INFO odoo odoo.modules.loading: loading base/views/res_users_views.xml 
2025-08-27 02:38:21,254 1 INFO odoo odoo.modules.loading: loading base/views/res_users_identitycheck_views.xml 
2025-08-27 02:38:21,263 1 INFO odoo odoo.modules.loading: loading base/views/ir_property_views.xml 
2025-08-27 02:38:21,279 1 INFO odoo odoo.modules.loading: loading base/views/res_config_settings_views.xml 
2025-08-27 02:38:21,284 1 INFO odoo odoo.modules.loading: loading base/views/report_paperformat_views.xml 
2025-08-27 02:38:21,302 1 INFO odoo odoo.modules.loading: loading base/security/ir.model.access.csv 
2025-08-27 02:38:21,398 1 INFO odoo odoo.modules.loading: Module base: loading demo 
2025-08-27 02:38:21,398 1 INFO odoo odoo.modules.loading: loading base/data/res_users_demo.xml 
2025-08-27 02:38:22,573 1 INFO odoo odoo.modules.loading: loading base/data/res_partner_bank_demo.xml 
2025-08-27 02:38:22,575 1 INFO odoo odoo.modules.loading: loading base/data/res_currency_demo.xml 
2025-08-27 02:38:22,578 1 INFO odoo odoo.modules.loading: loading base/data/res_currency_rate_demo.xml 
2025-08-27 02:38:22,652 1 INFO odoo odoo.modules.loading: loading base/data/res_bank_demo.xml 
2025-08-27 02:38:22,654 1 INFO odoo odoo.modules.loading: loading base/data/res_partner_demo.xml 
2025-08-27 02:38:22,822 1 INFO odoo odoo.modules.loading: loading base/data/res_partner_image_demo.xml 
2025-08-27 02:38:23,175 1 INFO odoo odoo.modules.loading: Module base loaded in 5.82s, 10645 queries (+10645 other) 
2025-08-27 02:38:23,175 1 INFO odoo odoo.modules.loading: 1 modules loaded in 5.82s, 10645 queries (+10645 extra) 
2025-08-27 02:38:23,184 1 INFO odoo odoo.modules.loading: updating modules list 
2025-08-27 02:38:23,185 1 INFO odoo odoo.addons.base.models.ir_module: ALLOW access to module.update_list on [] to user __system__ #1 via n/a 
2025-08-27 02:38:23,349 1 WARNING odoo odoo.modules.module: Missing `license` key in manifest for 'library_member', defaulting to LGPL-3 
2025-08-27 02:38:23,455 1 INFO odoo odoo.modules.loading: loading 11 modules... 
2025-08-27 02:38:23,496 1 INFO odoo odoo.modules.loading: 11 modules loaded in 0.04s, 0 queries (+0 extra) 
2025-08-27 02:38:23,681 1 INFO odoo odoo.modules.loading: Modules loaded. 
2025-08-27 02:38:23,695 1 INFO odoo odoo.modules.registry: Registry loaded in 6.358s 
2025-08-27 02:38:23,713 1 INFO odoo odoo.addons.base.models.ir_http: Generating routing map for key None 
2025-08-27 02:38:23,737 1 INFO odoo werkzeug: 172.18.0.1 - - [27/Aug/2025 02:38:23] "GET /web/service-worker.js HTTP/1.1" 200 - 13 0.003 1.496
2025-08-27 02:38:24,989 1 INFO odoo werkzeug: 172.18.0.1 - - [27/Aug/2025 02:38:24] "GET / HTTP/1.1" 303 - 4 0.001 0.004
2025-08-27 02:38:24,997 1 INFO odoo werkzeug: 172.18.0.1 - - [27/Aug/2025 02:38:24] "GET /web HTTP/1.1" 303 - 4 0.001 0.003
2025-08-27 02:38:25,084 1 INFO odoo werkzeug: 172.18.0.1 - - [27/Aug/2025 02:38:25] "GET /web/login HTTP/1.1" 200 - 51 0.013 0.070
2025-08-27 02:38:25,127 1 WARNING ? odoo.modules.module: Missing `license` key in manifest for 'library_member', defaulting to LGPL-3 
2025-08-27 02:38:25,128 1 ERROR ? odoo.http: Exception during request handling. 
Traceback (most recent call last):
  File "/usr/lib/python3/dist-packages/odoo/modules/module.py", line 349, in load_manifest
    manifest['version'] = adapt_version(manifest['version'])
  File "/usr/lib/python3/dist-packages/odoo/modules/module.py", line 456, in adapt_version
    raise ValueError(f"Invalid version {base_version!r}. Modules should have a version in format `x.y`, `x.y.z`,"
ValueError: Invalid version '16.0.1.0.0'. Modules should have a version in format `x.y`, `x.y.z`, `17.0.x.y` or `17.0.x.y.z`.

The above exception was the direct cause of the following exception:

Traceback (most recent call last):
  File "/usr/lib/python3/dist-packages/odoo/http.py", line 2392, in __call__
    if self.get_static_file(httprequest.path):
  File "/usr/lib/python3/dist-packages/odoo/http.py", line 2292, in get_static_file
    if (module not in self.statics or static != 'static' or not resource):
  File "/usr/lib/python3/dist-packages/odoo/tools/func.py", line 28, in __get__
    value = self.fget(obj)
  File "/usr/lib/python3/dist-packages/odoo/http.py", line 2262, in statics
    manifest = get_manifest(module)
  File "/usr/lib/python3/dist-packages/odoo/modules/module.py", line 369, in get_manifest
    return copy.deepcopy(_get_manifest_cached(module, mod_path))
  File "/usr/lib/python3/dist-packages/odoo/modules/module.py", line 373, in _get_manifest_cached
    return load_manifest(module, mod_path)
  File "/usr/lib/python3/dist-packages/odoo/modules/module.py", line 352, in load_manifest
    raise ValueError(f"Module {module}: invalid manifest") from e
ValueError: Module library_member: invalid manifest
2025-08-27 02:38:25,128 1 INFO ? werkzeug: 172.18.0.1 - - [27/Aug/2025 02:38:25] "GET /web/binary/company_logo HTTP/1.1" 500 - 0 0.000 0.028
2025-08-27 02:38:25,206 1 WARNING ? odoo.modules.module: Missing `license` key in manifest for 'library_member', defaulting to LGPL-3 
2025-08-27 02:38:25,206 1 ERROR ? odoo.http: Exception during request handling. 
Traceback (most recent call last):
  File "/usr/lib/python3/dist-packages/odoo/modules/module.py", line 349, in load_manifest
    manifest['version'] = adapt_version(manifest['version'])
  File "/usr/lib/python3/dist-packages/odoo/modules/module.py", line 456, in adapt_version
    raise ValueError(f"Invalid version {base_version!r}. Modules should have a version in format `x.y`, `x.y.z`,"
ValueError: Invalid version '16.0.1.0.0'. Modules should have a version in format `x.y`, `x.y.z`, `17.0.x.y` or `17.0.x.y.z`.

The above exception was the direct cause of the following exception:

Traceback (most recent call last):
  File "/usr/lib/python3/dist-packages/odoo/http.py", line 2392, in __call__
    if self.get_static_file(httprequest.path):
  File "/usr/lib/python3/dist-packages/odoo/http.py", line 2292, in get_static_file
    if (module not in self.statics or static != 'static' or not resource):
  File "/usr/lib/python3/dist-packages/odoo/tools/func.py", line 28, in __get__
    value = self.fget(obj)
  File "/usr/lib/python3/dist-packages/odoo/http.py", line 2262, in statics
    manifest = get_manifest(module)
  File "/usr/lib/python3/dist-packages/odoo/modules/module.py", line 369, in get_manifest
    return copy.deepcopy(_get_manifest_cached(module, mod_path))
  File "/usr/lib/python3/dist-packages/odoo/modules/module.py", line 373, in _get_manifest_cached
    return load_manifest(module, mod_path)
  File "/usr/lib/python3/dist-packages/odoo/modules/module.py", line 352, in load_manifest
    raise ValueError(f"Module {module}: invalid manifest") from e
ValueError: Module library_member: invalid manifest
2025-08-27 02:38:25,206 1 INFO ? werkzeug: 172.18.0.1 - - [27/Aug/2025 02:38:25] "GET /web/webclient/translations/1756262305177 HTTP/1.1" 500 - 0 0.000 0.027
2025-08-27 02:38:27,380 1 INFO odoo odoo.addons.base.models.res_users: Login successful for db:odoo login:admin from 172.18.0.1 
2025-08-27 02:38:27,388 1 INFO odoo werkzeug: 172.18.0.1 - - [27/Aug/2025 02:38:27] "POST /web/login HTTP/1.1" 303 - 39 0.013 0.476
2025-08-27 02:38:27,467 1 INFO odoo werkzeug: 172.18.0.1 - - [27/Aug/2025 02:38:27] "GET /web HTTP/1.1" 200 - 59 0.013 0.062
2025-08-27 02:38:27,547 1 INFO odoo werkzeug: 172.18.0.1 - - [27/Aug/2025 02:38:27] "GET /bus/websocket_worker_bundle?v=17.0-1 HTTP/1.1" 304 - 4 0.001 0.003
2025-08-27 02:38:27,583 1 INFO odoo werkzeug: 172.18.0.1 - - [27/Aug/2025 02:38:27] "GET /websocket?version=17.0-1 HTTP/1.1" 101 - 1 0.001 0.018
2025-08-27 02:38:27,590 1 INFO odoo werkzeug: 172.18.0.1 - - [27/Aug/2025 02:38:27] "GET /web/manifest.webmanifest HTTP/1.1" 200 - 7 0.006 0.020
2025-08-27 02:38:27,598 1 INFO odoo werkzeug: 172.18.0.1 - - [27/Aug/2025 02:38:27] "GET /web/image?model=res.users&field=avatar_128&id=2 HTTP/1.1" 200 - 9 0.009 0.023
2025-08-27 02:38:27,619 1 WARNING ? odoo.modules.module: Missing `license` key in manifest for 'library_member', defaulting to LGPL-3 
2025-08-27 02:38:27,619 1 ERROR ? odoo.http: Exception during request handling. 
Traceback (most recent call last):
  File "/usr/lib/python3/dist-packages/odoo/modules/module.py", line 349, in load_manifest
    manifest['version'] = adapt_version(manifest['version'])
  File "/usr/lib/python3/dist-packages/odoo/modules/module.py", line 456, in adapt_version
    raise ValueError(f"Invalid version {base_version!r}. Modules should have a version in format `x.y`, `x.y.z`,"
ValueError: Invalid version '16.0.1.0.0'. Modules should have a version in format `x.y`, `x.y.z`, `17.0.x.y` or `17.0.x.y.z`.

The above exception was the direct cause of the following exception:

Traceback (most recent call last):
  File "/usr/lib/python3/dist-packages/odoo/http.py", line 2392, in __call__
    if self.get_static_file(httprequest.path):
  File "/usr/lib/python3/dist-packages/odoo/http.py", line 2292, in get_static_file
    if (module not in self.statics or static != 'static' or not resource):
  File "/usr/lib/python3/dist-packages/odoo/tools/func.py", line 28, in __get__
    value = self.fget(obj)
  File "/usr/lib/python3/dist-packages/odoo/http.py", line 2262, in statics
    manifest = get_manifest(module)
  File "/usr/lib/python3/dist-packages/odoo/modules/module.py", line 369, in get_manifest
    return copy.deepcopy(_get_manifest_cached(module, mod_path))
  File "/usr/lib/python3/dist-packages/odoo/modules/module.py", line 373, in _get_manifest_cached
    return load_manifest(module, mod_path)
  File "/usr/lib/python3/dist-packages/odoo/modules/module.py", line 352, in load_manifest
    raise ValueError(f"Module {module}: invalid manifest") from e
ValueError: Module library_member: invalid manifest
2025-08-27 02:38:27,620 1 INFO ? werkzeug: 172.18.0.1 - - [27/Aug/2025 02:38:27] "POST /web/action/load HTTP/1.1" 500 - 0 0.000 0.056
2025-08-27 02:38:27,894 1 INFO ? odoo.addons.bus.models.bus: Bus.loop listen imbus on db postgres 
2025-08-27 02:38:29,164 1 INFO odoo werkzeug: 172.18.0.1 - - [27/Aug/2025 02:38:29] "GET /web/service-worker.js HTTP/1.1" 200 - 1 0.001 0.004
2025-08-27 02:38:29,655 1 WARNING ? odoo.modules.module: Missing `license` key in manifest for 'library_member', defaulting to LGPL-3 
2025-08-27 02:38:29,655 1 ERROR ? odoo.http: Exception during request handling. 
Traceback (most recent call last):
  File "/usr/lib/python3/dist-packages/odoo/modules/module.py", line 349, in load_manifest
    manifest['version'] = adapt_version(manifest['version'])
  File "/usr/lib/python3/dist-packages/odoo/modules/module.py", line 456, in adapt_version
    raise ValueError(f"Invalid version {base_version!r}. Modules should have a version in format `x.y`, `x.y.z`,"
ValueError: Invalid version '16.0.1.0.0'. Modules should have a version in format `x.y`, `x.y.z`, `17.0.x.y` or `17.0.x.y.z`.

The above exception was the direct cause of the following exception:

Traceback (most recent call last):
  File "/usr/lib/python3/dist-packages/odoo/http.py", line 2392, in __call__
    if self.get_static_file(httprequest.path):
  File "/usr/lib/python3/dist-packages/odoo/http.py", line 2292, in get_static_file
    if (module not in self.statics or static != 'static' or not resource):
  File "/usr/lib/python3/dist-packages/odoo/tools/func.py", line 28, in __get__
    value = self.fget(obj)
  File "/usr/lib/python3/dist-packages/odoo/http.py", line 2262, in statics
    manifest = get_manifest(module)
  File "/usr/lib/python3/dist-packages/odoo/modules/module.py", line 369, in get_manifest
    return copy.deepcopy(_get_manifest_cached(module, mod_path))
  File "/usr/lib/python3/dist-packages/odoo/modules/module.py", line 373, in _get_manifest_cached
    return load_manifest(module, mod_path)
  File "/usr/lib/python3/dist-packages/odoo/modules/module.py", line 352, in load_manifest
    raise ValueError(f"Module {module}: invalid manifest") from e
ValueError: Module library_member: invalid manifest
2025-08-27 02:38:29,656 1 INFO ? werkzeug: 172.18.0.1 - - [27/Aug/2025 02:38:29] "POST /web/webclient/version_info HTTP/1.1" 500 - 0 0.000 0.028
2025-08-27 02:38:33,159 1 WARNING ? odoo.modules.module: Missing `license` key in manifest for 'library_member', defaulting to LGPL-3 
2025-08-27 02:38:33,160 1 ERROR ? odoo.http: Exception during request handling. 
Traceback (most recent call last):
  File "/usr/lib/python3/dist-packages/odoo/modules/module.py", line 349, in load_manifest
    manifest['version'] = adapt_version(manifest['version'])
  File "/usr/lib/python3/dist-packages/odoo/modules/module.py", line 456, in adapt_version
    raise ValueError(f"Invalid version {base_version!r}. Modules should have a version in format `x.y`, `x.y.z`,"
ValueError: Invalid version '16.0.1.0.0'. Modules should have a version in format `x.y`, `x.y.z`, `17.0.x.y` or `17.0.x.y.z`.

The above exception was the direct cause of the following exception:

Traceback (most recent call last):
  File "/usr/lib/python3/dist-packages/odoo/http.py", line 2392, in __call__
    if self.get_static_file(httprequest.path):
  File "/usr/lib/python3/dist-packages/odoo/http.py", line 2292, in get_static_file
    if (module not in self.statics or static != 'static' or not resource):
  File "/usr/lib/python3/dist-packages/odoo/tools/func.py", line 28, in __get__
    value = self.fget(obj)
  File "/usr/lib/python3/dist-packages/odoo/http.py", line 2262, in statics
    manifest = get_manifest(module)
  File "/usr/lib/python3/dist-packages/odoo/modules/module.py", line 369, in get_manifest
    return copy.deepcopy(_get_manifest_cached(module, mod_path))
  File "/usr/lib/python3/dist-packages/odoo/modules/module.py", line 373, in _get_manifest_cached
    return load_manifest(module, mod_path)
  File "/usr/lib/python3/dist-packages/odoo/modules/module.py", line 352, in load_manifest
    raise ValueError(f"Module {module}: invalid manifest") from e
ValueError: Module library_member: invalid manifest
2025-08-27 02:38:33,160 1 INFO ? werkzeug: 172.18.0.1 - - [27/Aug/2025 02:38:33] "POST /web/webclient/version_info HTTP/1.1" 500 - 0 0.000 0.038
2025-08-27 02:38:38,765 1 WARNING ? odoo.modules.module: Missing `license` key in manifest for 'library_member', defaulting to LGPL-3 
2025-08-27 02:38:38,766 1 ERROR ? odoo.http: Exception during request handling. 
Traceback (most recent call last):
  File "/usr/lib/python3/dist-packages/odoo/modules/module.py", line 349, in load_manifest
    manifest['version'] = adapt_version(manifest['version'])
  File "/usr/lib/python3/dist-packages/odoo/modules/module.py", line 456, in adapt_version
    raise ValueError(f"Invalid version {base_version!r}. Modules should have a version in format `x.y`, `x.y.z`,"
ValueError: Invalid version '16.0.1.0.0'. Modules should have a version in format `x.y`, `x.y.z`, `17.0.x.y` or `17.0.x.y.z`.

The above exception was the direct cause of the following exception:

Traceback (most recent call last):
  File "/usr/lib/python3/dist-packages/odoo/http.py", line 2392, in __call__
    if self.get_static_file(httprequest.path):
  File "/usr/lib/python3/dist-packages/odoo/http.py", line 2292, in get_static_file
    if (module not in self.statics or static != 'static' or not resource):
  File "/usr/lib/python3/dist-packages/odoo/tools/func.py", line 28, in __get__
    value = self.fget(obj)
  File "/usr/lib/python3/dist-packages/odoo/http.py", line 2262, in statics
    manifest = get_manifest(module)
  File "/usr/lib/python3/dist-packages/odoo/modules/module.py", line 369, in get_manifest
    return copy.deepcopy(_get_manifest_cached(module, mod_path))
  File "/usr/lib/python3/dist-packages/odoo/modules/module.py", line 373, in _get_manifest_cached
    return load_manifest(module, mod_path)
  File "/usr/lib/python3/dist-packages/odoo/modules/module.py", line 352, in load_manifest
    raise ValueError(f"Module {module}: invalid manifest") from e
ValueError: Module library_member: invalid manifest
2025-08-27 02:38:38,766 1 INFO ? werkzeug: 172.18.0.1 - - [27/Aug/2025 02:38:38] "POST /web/webclient/version_info HTTP/1.1" 500 - 0 0.000 0.031
2025-08-27 02:38:43,455 1 INFO odoo odoo.service.server: Initiating shutdown 
2025-08-27 02:38:43,455 1 INFO odoo odoo.service.server: Hit CTRL-C again or send a second signal to force the shutdown. 
2025-08-27 02:38:47,394 1 INFO ? odoo: Odoo version 17.0-20250819 
2025-08-27 02:38:47,394 1 INFO ? odoo: Using configuration file at /etc/odoo/odoo.conf 
2025-08-27 02:38:47,394 1 INFO ? odoo: addons paths: ['/usr/lib/python3/dist-packages/odoo/addons', '/var/lib/odoo/addons/17.0', '/mnt/extra-addons'] 
2025-08-27 02:38:47,394 1 INFO ? odoo: database: odoo@db:5432 
2025-08-27 02:38:47,468 1 INFO ? odoo.addons.base.models.ir_actions_report: Will use the Wkhtmltopdf binary at /usr/local/bin/wkhtmltopdf 
2025-08-27 02:38:47,584 1 INFO ? odoo.service.server: HTTP service (werkzeug) running on 5d269c5a7c33:8069 
2025-08-27 02:38:47,599 1 INFO odoo odoo.modules.loading: loading 1 modules... 
2025-08-27 02:38:47,599 1 INFO odoo odoo.modules.loading: Loading module base (1/1) 
2025-08-27 02:38:47,616 1 INFO odoo odoo.modules.registry: module base: creating or updating database tables 
2025-08-27 02:38:47,945 1 INFO odoo odoo.modules.loading: loading base/data/res_bank.xml 
2025-08-27 02:38:47,951 1 INFO odoo odoo.modules.loading: loading base/data/res.lang.csv 
2025-08-27 02:38:48,077 1 INFO odoo odoo.modules.loading: loading base/data/res_lang_data.xml 
2025-08-27 02:38:48,093 1 INFO odoo odoo.modules.loading: loading base/data/res_partner_data.xml 
2025-08-27 02:38:48,127 1 INFO odoo odoo.modules.loading: loading base/data/res_currency_data.xml 
2025-08-27 02:38:48,384 1 INFO odoo odoo.modules.loading: loading base/data/res_company_data.xml 
2025-08-27 02:38:48,389 1 INFO odoo odoo.modules.loading: loading base/data/res_users_data.xml 
2025-08-27 02:38:49,242 1 INFO odoo odoo.modules.loading: loading base/data/report_paperformat_data.xml 
2025-08-27 02:38:49,246 1 INFO odoo odoo.modules.loading: loading base/data/res_country_data.xml 
2025-08-27 02:38:49,423 1 INFO odoo odoo.modules.loading: loading base/data/ir_demo_data.xml 
2025-08-27 02:38:49,434 1 INFO odoo odoo.modules.loading: loading base/security/base_groups.xml 
2025-08-27 02:38:49,586 1 INFO odoo odoo.modules.loading: loading base/security/base_security.xml 
2025-08-27 02:38:49,644 1 INFO odoo odoo.modules.loading: loading base/views/base_menus.xml 
2025-08-27 02:38:49,675 1 INFO odoo odoo.modules.loading: loading base/views/decimal_precision_views.xml 
2025-08-27 02:38:49,686 1 INFO odoo odoo.modules.loading: loading base/views/res_config_views.xml 
2025-08-27 02:38:49,693 1 INFO odoo odoo.modules.loading: loading base/data/res.country.state.csv 
2025-08-27 02:38:50,300 1 INFO odoo odoo.modules.loading: loading base/views/ir_actions_views.xml 
2025-08-27 02:38:50,385 1 INFO odoo odoo.modules.loading: loading base/views/ir_asset_views.xml 
2025-08-27 02:38:50,398 1 INFO odoo odoo.modules.loading: loading base/views/ir_config_parameter_views.xml 
2025-08-27 02:38:50,409 1 INFO odoo odoo.modules.loading: loading base/views/ir_cron_views.xml 
2025-08-27 02:38:50,433 1 INFO odoo odoo.modules.loading: loading base/views/ir_cron_trigger_views.xml 
2025-08-27 02:38:50,445 1 INFO odoo odoo.modules.loading: loading base/views/ir_filters_views.xml 
2025-08-27 02:38:50,461 1 INFO odoo odoo.modules.loading: loading base/views/ir_mail_server_views.xml 
2025-08-27 02:38:50,476 1 INFO odoo odoo.modules.loading: loading base/views/ir_model_views.xml 
2025-08-27 02:38:50,587 1 INFO odoo odoo.modules.loading: loading base/views/ir_attachment_views.xml 
2025-08-27 02:38:50,603 1 INFO odoo odoo.modules.loading: loading base/views/ir_rule_views.xml 
2025-08-27 02:38:50,635 1 INFO odoo odoo.modules.loading: loading base/views/ir_sequence_views.xml 
2025-08-27 02:38:50,656 1 INFO odoo odoo.modules.loading: loading base/views/ir_ui_menu_views.xml 
2025-08-27 02:38:50,671 1 INFO odoo odoo.modules.loading: loading base/views/ir_ui_view_views.xml 
2025-08-27 02:38:50,707 1 INFO odoo odoo.modules.loading: loading base/views/ir_default_views.xml 
2025-08-27 02:38:50,724 1 INFO odoo odoo.modules.loading: loading base/data/ir_cron_data.xml 
2025-08-27 02:38:50,732 1 INFO odoo odoo.modules.loading: loading base/report/ir_model_report.xml 
2025-08-27 02:38:50,734 1 INFO odoo odoo.modules.loading: loading base/report/ir_model_templates.xml 
2025-08-27 02:38:50,743 1 INFO odoo odoo.modules.loading: loading base/views/ir_logging_views.xml 
2025-08-27 02:38:50,757 1 INFO odoo odoo.modules.loading: loading base/views/ir_qweb_widget_templates.xml 
2025-08-27 02:38:50,772 1 INFO odoo odoo.modules.loading: loading base/views/ir_module_views.xml 
2025-08-27 02:38:50,807 1 INFO odoo odoo.modules.loading: loading base/data/ir_module_category_data.xml 
2025-08-27 02:38:50,947 1 INFO odoo odoo.modules.loading: loading base/data/ir_module_module.xml 
2025-08-27 02:38:50,971 1 INFO odoo odoo.modules.loading: loading base/report/ir_module_reports.xml 
2025-08-27 02:38:50,973 1 INFO odoo odoo.modules.loading: loading base/report/ir_module_report_templates.xml 
2025-08-27 02:38:50,979 1 INFO odoo odoo.modules.loading: loading base/wizard/base_module_update_views.xml 
2025-08-27 02:38:50,988 1 INFO odoo odoo.modules.loading: loading base/wizard/base_language_install_views.xml 
2025-08-27 02:38:50,997 1 INFO odoo odoo.modules.loading: loading base/wizard/base_import_language_views.xml 
2025-08-27 02:38:51,005 1 INFO odoo odoo.modules.loading: loading base/wizard/base_module_upgrade_views.xml 
2025-08-27 02:38:51,019 1 INFO odoo odoo.modules.loading: loading base/wizard/base_module_uninstall_views.xml 
2025-08-27 02:38:51,025 1 INFO odoo odoo.modules.loading: loading base/wizard/base_export_language_views.xml 
2025-08-27 02:38:51,036 1 INFO odoo odoo.modules.loading: loading base/wizard/base_partner_merge_views.xml 
2025-08-27 02:38:51,045 1 INFO odoo odoo.modules.loading: loading base/data/ir_demo_failure_data.xml 
2025-08-27 02:38:51,056 1 INFO odoo odoo.modules.loading: loading base/views/ir_profile_views.xml 
2025-08-27 02:38:51,072 1 INFO odoo odoo.modules.loading: loading base/views/res_company_views.xml 
2025-08-27 02:38:51,089 1 INFO odoo odoo.modules.loading: loading base/views/res_lang_views.xml 
2025-08-27 02:38:51,108 1 INFO odoo odoo.modules.loading: loading base/views/res_partner_views.xml 
2025-08-27 02:38:51,195 1 INFO odoo odoo.modules.loading: loading base/views/res_bank_views.xml 
2025-08-27 02:38:51,221 1 INFO odoo odoo.modules.loading: loading base/views/res_country_views.xml 
2025-08-27 02:38:51,259 1 INFO odoo odoo.modules.loading: loading base/views/res_currency_views.xml 
2025-08-27 02:38:51,293 1 INFO odoo odoo.modules.loading: loading base/views/res_users_views.xml 
2025-08-27 02:38:51,387 1 INFO odoo odoo.modules.loading: loading base/views/res_users_identitycheck_views.xml 
2025-08-27 02:38:51,395 1 INFO odoo odoo.modules.loading: loading base/views/ir_property_views.xml 
2025-08-27 02:38:51,409 1 INFO odoo odoo.modules.loading: loading base/views/res_config_settings_views.xml 
2025-08-27 02:38:51,415 1 INFO odoo odoo.modules.loading: loading base/views/report_paperformat_views.xml 
2025-08-27 02:38:51,432 1 INFO odoo odoo.modules.loading: loading base/security/ir.model.access.csv 
2025-08-27 02:38:51,523 1 INFO odoo odoo.modules.loading: Module base: loading demo 
2025-08-27 02:38:51,523 1 INFO odoo odoo.modules.loading: loading base/data/res_users_demo.xml 
2025-08-27 02:38:52,690 1 INFO odoo odoo.modules.loading: loading base/data/res_partner_bank_demo.xml 
2025-08-27 02:38:52,692 1 INFO odoo odoo.modules.loading: loading base/data/res_currency_demo.xml 
2025-08-27 02:38:52,695 1 INFO odoo odoo.modules.loading: loading base/data/res_currency_rate_demo.xml 
2025-08-27 02:38:52,772 1 INFO odoo odoo.modules.loading: loading base/data/res_bank_demo.xml 
2025-08-27 02:38:52,774 1 INFO odoo odoo.modules.loading: loading base/data/res_partner_demo.xml 
2025-08-27 02:38:52,943 1 INFO odoo odoo.modules.loading: loading base/data/res_partner_image_demo.xml 
2025-08-27 02:38:53,331 1 INFO odoo odoo.modules.loading: Module base loaded in 5.73s, 10645 queries (+10645 other) 
2025-08-27 02:38:53,331 1 INFO odoo odoo.modules.loading: 1 modules loaded in 5.73s, 10645 queries (+10645 extra) 
2025-08-27 02:38:53,341 1 INFO odoo odoo.modules.loading: updating modules list 
2025-08-27 02:38:53,342 1 INFO odoo odoo.addons.base.models.ir_module: ALLOW access to module.update_list on [] to user __system__ #1 via n/a 
2025-08-27 02:38:53,834 1 INFO odoo odoo.modules.loading: loading 11 modules... 
2025-08-27 02:38:53,877 1 INFO odoo odoo.modules.loading: 11 modules loaded in 0.04s, 0 queries (+0 extra) 
2025-08-27 02:38:54,052 1 INFO odoo odoo.modules.loading: Modules loaded. 
2025-08-27 02:38:54,065 1 INFO odoo odoo.modules.registry: Registry loaded in 6.481s 
2025-08-27 02:38:54,096 1 INFO odoo odoo.addons.base.models.ir_http: Generating routing map for key None 
2025-08-27 02:38:54,097 1 INFO odoo odoo.addons.base.models.ir_http: Generating routing map for key None 
2025-08-27 02:38:54,134 1 INFO odoo werkzeug: 172.18.0.1 - - [27/Aug/2025 02:38:54] "GET /web HTTP/1.1" 303 - 9 0.002 4.422
2025-08-27 02:38:54,137 1 INFO odoo werkzeug: 172.18.0.1 - - [27/Aug/2025 02:38:54] "GET /websocket?version=17.0-1 HTTP/1.1" 101 - 11 0.009 4.263
2025-08-27 02:38:54,209 1 INFO odoo werkzeug: 172.18.0.1 - - [27/Aug/2025 02:38:54] "GET /web/login HTTP/1.1" 200 - 51 0.009 0.061
2025-08-27 02:38:54,259 1 INFO odoo werkzeug: 172.18.0.1 - - [27/Aug/2025 02:38:54] "GET /web/binary/company_logo HTTP/1.1" 200 - 5 0.001 0.031
2025-08-27 02:38:54,307 1 INFO odoo werkzeug: 172.18.0.1 - - [27/Aug/2025 02:38:54] "GET /web/webclient/translations/1756262334299 HTTP/1.1" 200 - 6 0.001 0.005
2025-08-27 02:38:55,911 1 INFO odoo werkzeug: 172.18.0.1 - - [27/Aug/2025 02:38:55] "GET /web/service-worker.js HTTP/1.1" 200 - 5 0.001 0.003
2025-08-27 02:38:56,779 1 INFO odoo odoo.addons.base.models.res_users: Login successful for db:odoo login:admin from 172.18.0.1 
2025-08-27 02:38:56,786 1 INFO odoo werkzeug: 172.18.0.1 - - [27/Aug/2025 02:38:56] "POST /web/login HTTP/1.1" 303 - 39 0.011 0.417
2025-08-27 02:38:56,864 1 INFO odoo werkzeug: 172.18.0.1 - - [27/Aug/2025 02:38:56] "GET /web HTTP/1.1" 200 - 59 0.015 0.059
2025-08-27 02:38:56,935 1 INFO odoo werkzeug: 172.18.0.1 - - [27/Aug/2025 02:38:56] "GET /bus/websocket_worker_bundle?v=17.0-1 HTTP/1.1" 304 - 4 0.001 0.003
2025-08-27 02:38:56,969 1 INFO odoo werkzeug: 172.18.0.1 - - [27/Aug/2025 02:38:56] "GET /web/manifest.webmanifest HTTP/1.1" 200 - 7 0.002 0.017
2025-08-27 02:38:56,976 1 INFO odoo werkzeug: 172.18.0.1 - - [27/Aug/2025 02:38:56] "GET /websocket?version=17.0-1 HTTP/1.1" 101 - 1 0.002 0.023
2025-08-27 02:38:56,983 1 INFO odoo werkzeug: 172.18.0.1 - - [27/Aug/2025 02:38:56] "POST /web/action/load HTTP/1.1" 200 - 9 0.006 0.025
2025-08-27 02:38:56,988 1 INFO odoo werkzeug: 172.18.0.1 - - [27/Aug/2025 02:38:56] "GET /web/image?model=res.users&field=avatar_128&id=2 HTTP/1.1" 200 - 9 0.010 0.027
2025-08-27 02:38:57,072 1 INFO odoo werkzeug: 172.18.0.1 - - [27/Aug/2025 02:38:57] "POST /web/dataset/call_kw/ir.module.module/get_views HTTP/1.1" 200 - 48 0.011 0.060
2025-08-27 02:38:57,084 1 INFO odoo werkzeug: 172.18.0.1 - - [27/Aug/2025 02:38:57] "POST /web/dataset/call_kw/ir.module.module/search_panel_select_range HTTP/1.1" 200 - 1 0.000 0.002
2025-08-27 02:38:57,101 1 INFO odoo werkzeug: 172.18.0.1 - - [27/Aug/2025 02:38:57] "POST /web/dataset/call_kw/ir.module.module/search_panel_select_range HTTP/1.1" 200 - 39 0.011 0.009
2025-08-27 02:38:57,108 1 INFO odoo werkzeug: 172.18.0.1 - - [27/Aug/2025 02:38:57] "POST /web/dataset/call_kw/ir.module.module/web_search_read HTTP/1.1" 200 - 4 0.003 0.019
2025-08-27 02:38:57,286 1 INFO ? odoo.addons.bus.models.bus: Bus.loop listen imbus on db postgres 
2025-08-27 02:38:58,889 1 INFO odoo werkzeug: 172.18.0.1 - - [27/Aug/2025 02:38:58] "GET /web/service-worker.js HTTP/1.1" 200 - 1 0.001 0.004
2025-08-27 02:39:03,543 1 INFO odoo werkzeug: 172.18.0.1 - - [27/Aug/2025 02:39:03] "POST /web/dataset/call_kw/ir.module.module/search_panel_select_range HTTP/1.1" 200 - 36 0.016 0.019
2025-08-27 02:39:03,555 1 INFO odoo werkzeug: 172.18.0.1 - - [27/Aug/2025 02:39:03] "POST /web/dataset/call_kw/ir.module.module/web_search_read HTTP/1.1" 200 - 3 0.001 0.004
2025-08-27 02:39:54,149 1 INFO odoo odoo.addons.base.models.ir_cron: Starting job `Base: Auto-vacuum internal data`. 
2025-08-27 02:39:54,163 1 INFO odoo odoo.addons.base.models.ir_attachment: filestore gc 55 checked, 0 removed 
2025-08-27 02:39:54,189 1 INFO odoo odoo.addons.base.models.res_users: GC'd 3 user log entries 
2025-08-27 02:39:54,207 1 INFO odoo odoo.addons.auth_totp.models.auth_totp: GC'd 0 totp devices entries 
2025-08-27 02:39:54,212 1 INFO odoo odoo.models.unlink: User #1 deleted bus.bus records with IDs: [6, 7, 8, 9, 10, 11, 40, 41, 42] 
2025-08-27 02:39:54,221 1 INFO odoo odoo.addons.base.models.ir_cron: Job done: `Base: Auto-vacuum internal data` (0.072s). 
2025-08-27 02:44:45,185 1 INFO odoo odoo.service.server: Initiating shutdown 
2025-08-27 02:44:45,185 1 INFO odoo odoo.service.server: Hit CTRL-C again or send a second signal to force the shutdown. 
2025-08-27 02:44:51,796 1 INFO ? odoo: Odoo version 17.0-20250819 
2025-08-27 02:44:51,796 1 INFO ? odoo: Using configuration file at /etc/odoo/odoo.conf 
2025-08-27 02:44:51,796 1 INFO ? odoo: addons paths: ['/usr/lib/python3/dist-packages/odoo/addons', '/var/lib/odoo/addons/17.0', '/mnt/extra-addons'] 
2025-08-27 02:44:51,796 1 INFO ? odoo: database: odoo@db:5432 
2025-08-27 02:44:51,863 1 INFO ? odoo.addons.base.models.ir_actions_report: Will use the Wkhtmltopdf binary at /usr/local/bin/wkhtmltopdf 
2025-08-27 02:44:51,962 1 INFO ? odoo.service.server: HTTP service (werkzeug) running on 83e1705934b1:8069 
2025-08-27 02:44:51,975 1 INFO odoo odoo.modules.loading: loading 1 modules... 
2025-08-27 02:44:51,976 1 INFO odoo odoo.modules.loading: Loading module base (1/1) 
2025-08-27 02:44:51,992 1 INFO odoo odoo.modules.registry: module base: creating or updating database tables 
2025-08-27 02:44:52,287 1 INFO odoo odoo.modules.loading: loading base/data/res_bank.xml 
2025-08-27 02:44:52,292 1 INFO odoo odoo.modules.loading: loading base/data/res.lang.csv 
2025-08-27 02:44:52,393 1 INFO odoo odoo.modules.loading: loading base/data/res_lang_data.xml 
2025-08-27 02:44:52,408 1 INFO odoo odoo.modules.loading: loading base/data/res_partner_data.xml 
2025-08-27 02:44:52,444 1 INFO odoo odoo.modules.loading: loading base/data/res_currency_data.xml 
2025-08-27 02:44:52,720 1 INFO odoo odoo.modules.loading: loading base/data/res_company_data.xml 
2025-08-27 02:44:52,726 1 INFO odoo odoo.modules.loading: loading base/data/res_users_data.xml 
2025-08-27 02:44:53,641 1 INFO odoo odoo.modules.loading: loading base/data/report_paperformat_data.xml 
2025-08-27 02:44:53,647 1 INFO odoo odoo.modules.loading: loading base/data/res_country_data.xml 
2025-08-27 02:44:53,901 1 INFO odoo odoo.modules.loading: loading base/data/ir_demo_data.xml 
2025-08-27 02:44:53,911 1 INFO odoo odoo.modules.loading: loading base/security/base_groups.xml 
2025-08-27 02:44:54,059 1 INFO odoo odoo.modules.loading: loading base/security/base_security.xml 
2025-08-27 02:44:54,133 1 INFO odoo odoo.modules.loading: loading base/views/base_menus.xml 
2025-08-27 02:44:54,165 1 INFO odoo odoo.modules.loading: loading base/views/decimal_precision_views.xml 
2025-08-27 02:44:54,175 1 INFO odoo odoo.modules.loading: loading base/views/res_config_views.xml 
2025-08-27 02:44:54,182 1 INFO odoo odoo.modules.loading: loading base/data/res.country.state.csv 
2025-08-27 02:44:54,759 1 INFO odoo odoo.modules.loading: loading base/views/ir_actions_views.xml 
2025-08-27 02:44:54,855 1 INFO odoo odoo.modules.loading: loading base/views/ir_asset_views.xml 
2025-08-27 02:44:54,872 1 INFO odoo odoo.modules.loading: loading base/views/ir_config_parameter_views.xml 
2025-08-27 02:44:54,886 1 INFO odoo odoo.modules.loading: loading base/views/ir_cron_views.xml 
2025-08-27 02:44:54,909 1 INFO odoo odoo.modules.loading: loading base/views/ir_cron_trigger_views.xml 
2025-08-27 02:44:54,923 1 INFO odoo odoo.modules.loading: loading base/views/ir_filters_views.xml 
2025-08-27 02:44:54,941 1 INFO odoo odoo.modules.loading: loading base/views/ir_mail_server_views.xml 
2025-08-27 02:44:54,958 1 INFO odoo odoo.modules.loading: loading base/views/ir_model_views.xml 
2025-08-27 02:44:55,081 1 INFO odoo odoo.modules.loading: loading base/views/ir_attachment_views.xml 
2025-08-27 02:44:55,100 1 INFO odoo odoo.modules.loading: loading base/views/ir_rule_views.xml 
2025-08-27 02:44:55,124 1 INFO odoo odoo.modules.loading: loading base/views/ir_sequence_views.xml 
2025-08-27 02:44:55,140 1 INFO odoo odoo.modules.loading: loading base/views/ir_ui_menu_views.xml 
2025-08-27 02:44:55,155 1 INFO odoo odoo.modules.loading: loading base/views/ir_ui_view_views.xml 
2025-08-27 02:44:55,192 1 INFO odoo odoo.modules.loading: loading base/views/ir_default_views.xml 
2025-08-27 02:44:55,208 1 INFO odoo odoo.modules.loading: loading base/data/ir_cron_data.xml 
2025-08-27 02:44:55,217 1 INFO odoo odoo.modules.loading: loading base/report/ir_model_report.xml 
2025-08-27 02:44:55,219 1 INFO odoo odoo.modules.loading: loading base/report/ir_model_templates.xml 
2025-08-27 02:44:55,228 1 INFO odoo odoo.modules.loading: loading base/views/ir_logging_views.xml 
2025-08-27 02:44:55,243 1 INFO odoo odoo.modules.loading: loading base/views/ir_qweb_widget_templates.xml 
2025-08-27 02:44:55,256 1 INFO odoo odoo.modules.loading: loading base/views/ir_module_views.xml 
2025-08-27 02:44:55,293 1 INFO odoo odoo.modules.loading: loading base/data/ir_module_category_data.xml 
2025-08-27 02:44:55,442 1 INFO odoo odoo.modules.loading: loading base/data/ir_module_module.xml 
2025-08-27 02:44:55,465 1 INFO odoo odoo.modules.loading: loading base/report/ir_module_reports.xml 
2025-08-27 02:44:55,467 1 INFO odoo odoo.modules.loading: loading base/report/ir_module_report_templates.xml 
2025-08-27 02:44:55,473 1 INFO odoo odoo.modules.loading: loading base/wizard/base_module_update_views.xml 
2025-08-27 02:44:55,484 1 INFO odoo odoo.modules.loading: loading base/wizard/base_language_install_views.xml 
2025-08-27 02:44:55,497 1 INFO odoo odoo.modules.loading: loading base/wizard/base_import_language_views.xml 
2025-08-27 02:44:55,505 1 INFO odoo odoo.modules.loading: loading base/wizard/base_module_upgrade_views.xml 
2025-08-27 02:44:55,520 1 INFO odoo odoo.modules.loading: loading base/wizard/base_module_uninstall_views.xml 
2025-08-27 02:44:55,528 1 INFO odoo odoo.modules.loading: loading base/wizard/base_export_language_views.xml 
2025-08-27 02:44:55,537 1 INFO odoo odoo.modules.loading: loading base/wizard/base_partner_merge_views.xml 
2025-08-27 02:44:55,549 1 INFO odoo odoo.modules.loading: loading base/data/ir_demo_failure_data.xml 
2025-08-27 02:44:55,559 1 INFO odoo odoo.modules.loading: loading base/views/ir_profile_views.xml 
2025-08-27 02:44:55,582 1 INFO odoo odoo.modules.loading: loading base/views/res_company_views.xml 
2025-08-27 02:44:55,603 1 INFO odoo odoo.modules.loading: loading base/views/res_lang_views.xml 
2025-08-27 02:44:55,623 1 INFO odoo odoo.modules.loading: loading base/views/res_partner_views.xml 
2025-08-27 02:44:55,715 1 INFO odoo odoo.modules.loading: loading base/views/res_bank_views.xml 
2025-08-27 02:44:55,742 1 INFO odoo odoo.modules.loading: loading base/views/res_country_views.xml 
2025-08-27 02:44:55,778 1 INFO odoo odoo.modules.loading: loading base/views/res_currency_views.xml 
2025-08-27 02:44:55,810 1 INFO odoo odoo.modules.loading: loading base/views/res_users_views.xml 
2025-08-27 02:44:55,926 1 INFO odoo odoo.modules.loading: loading base/views/res_users_identitycheck_views.xml 
2025-08-27 02:44:55,936 1 INFO odoo odoo.modules.loading: loading base/views/ir_property_views.xml 
2025-08-27 02:44:55,951 1 INFO odoo odoo.modules.loading: loading base/views/res_config_settings_views.xml 
2025-08-27 02:44:55,956 1 INFO odoo odoo.modules.loading: loading base/views/report_paperformat_views.xml 
2025-08-27 02:44:55,971 1 INFO odoo odoo.modules.loading: loading base/security/ir.model.access.csv 
2025-08-27 02:44:56,072 1 INFO odoo odoo.modules.loading: Module base: loading demo 
2025-08-27 02:44:56,072 1 INFO odoo odoo.modules.loading: loading base/data/res_users_demo.xml 
2025-08-27 02:44:57,254 1 INFO odoo odoo.modules.loading: loading base/data/res_partner_bank_demo.xml 
2025-08-27 02:44:57,256 1 INFO odoo odoo.modules.loading: loading base/data/res_currency_demo.xml 
2025-08-27 02:44:57,259 1 INFO odoo odoo.modules.loading: loading base/data/res_currency_rate_demo.xml 
2025-08-27 02:44:57,336 1 INFO odoo odoo.modules.loading: loading base/data/res_bank_demo.xml 
2025-08-27 02:44:57,338 1 INFO odoo odoo.modules.loading: loading base/data/res_partner_demo.xml 
2025-08-27 02:44:57,520 1 INFO odoo odoo.modules.loading: loading base/data/res_partner_image_demo.xml 
2025-08-27 02:44:57,935 1 INFO odoo odoo.modules.loading: Module base loaded in 5.96s, 10645 queries (+10645 other) 
2025-08-27 02:44:57,936 1 INFO odoo odoo.modules.loading: 1 modules loaded in 5.96s, 10645 queries (+10645 extra) 
2025-08-27 02:44:57,946 1 INFO odoo odoo.modules.loading: updating modules list 
2025-08-27 02:44:57,947 1 INFO odoo odoo.addons.base.models.ir_module: ALLOW access to module.update_list on [] to user __system__ #1 via n/a 
2025-08-27 02:44:58,221 1 WARNING odoo odoo.modules.module: Missing `license` key in manifest for 'library_member', defaulting to LGPL-3 
2025-08-27 02:44:58,438 1 INFO odoo odoo.modules.loading: loading 11 modules... 
2025-08-27 02:44:58,482 1 INFO odoo odoo.modules.loading: 11 modules loaded in 0.04s, 0 queries (+0 extra) 
2025-08-27 02:44:58,662 1 INFO odoo odoo.modules.loading: Modules loaded. 
2025-08-27 02:44:58,675 1 INFO odoo odoo.modules.registry: Registry loaded in 6.714s 
2025-08-27 02:44:58,699 1 INFO odoo odoo.addons.base.models.ir_http: Generating routing map for key None 
2025-08-27 02:44:58,705 1 INFO odoo odoo.addons.base.models.ir_http: Generating routing map for key None 
2025-08-27 02:44:58,735 1 INFO odoo werkzeug: 172.18.0.1 - - [27/Aug/2025 02:44:58] "GET /websocket?version=17.0-1 HTTP/1.1" 101 - 13 0.007 0.814
2025-08-27 02:44:58,735 1 INFO odoo werkzeug: 172.18.0.1 - - [27/Aug/2025 02:44:58] "GET /web HTTP/1.1" 303 - 9 0.006 0.210
2025-08-27 02:44:58,815 1 INFO odoo werkzeug: 172.18.0.1 - - [27/Aug/2025 02:44:58] "GET /web/login HTTP/1.1" 200 - 51 0.011 0.065
2025-08-27 02:44:58,870 1 INFO odoo werkzeug: 172.18.0.1 - - [27/Aug/2025 02:44:58] "GET /web/binary/company_logo HTTP/1.1" 200 - 5 0.002 0.035
2025-08-27 02:44:58,968 1 INFO odoo werkzeug: 172.18.0.1 - - [27/Aug/2025 02:44:58] "GET /web/webclient/translations/1756262698915 HTTP/1.1" 200 - 6 0.002 0.049
2025-08-27 02:45:00,423 1 INFO odoo werkzeug: 172.18.0.1 - - [27/Aug/2025 02:45:00] "GET /web/service-worker.js HTTP/1.1" 200 - 5 0.002 0.010
2025-08-27 02:45:00,586 1 INFO odoo odoo.addons.base.models.res_users: Login successful for db:odoo login:admin from 172.18.0.1 
2025-08-27 02:45:00,594 1 INFO odoo werkzeug: 172.18.0.1 - - [27/Aug/2025 02:45:00] "POST /web/login HTTP/1.1" 303 - 39 0.011 0.414
2025-08-27 02:45:00,660 1 INFO odoo werkzeug: 172.18.0.1 - - [27/Aug/2025 02:45:00] "GET /web HTTP/1.1" 200 - 59 0.010 0.052
2025-08-27 02:45:00,754 1 INFO odoo werkzeug: 172.18.0.1 - - [27/Aug/2025 02:45:00] "GET /bus/websocket_worker_bundle?v=17.0-1 HTTP/1.1" 304 - 4 0.002 0.003
2025-08-27 02:45:00,761 1 INFO odoo werkzeug: 172.18.0.1 - - [27/Aug/2025 02:45:00] "POST /web/action/load HTTP/1.1" 200 - 9 0.004 0.009
2025-08-27 02:45:00,782 1 INFO odoo werkzeug: 172.18.0.1 - - [27/Aug/2025 02:45:00] "GET /web/image?model=res.users&field=avatar_128&id=2 HTTP/1.1" 200 - 9 0.004 0.010
2025-08-27 02:45:00,788 1 INFO odoo werkzeug: 172.18.0.1 - - [27/Aug/2025 02:45:00] "GET /websocket?version=17.0-1 HTTP/1.1" 101 - 1 0.001 0.003
2025-08-27 02:45:00,795 1 INFO odoo werkzeug: 172.18.0.1 - - [27/Aug/2025 02:45:00] "GET /web/manifest.webmanifest HTTP/1.1" 200 - 7 0.006 0.006
2025-08-27 02:45:00,830 1 INFO odoo werkzeug: 172.18.0.1 - - [27/Aug/2025 02:45:00] "POST /web/dataset/call_kw/ir.module.module/get_views HTTP/1.1" 200 - 48 0.016 0.032
2025-08-27 02:45:00,844 1 INFO odoo werkzeug: 172.18.0.1 - - [27/Aug/2025 02:45:00] "POST /web/dataset/call_kw/ir.module.module/search_panel_select_range HTTP/1.1" 200 - 1 0.001 0.004
2025-08-27 02:45:00,863 1 INFO odoo werkzeug: 172.18.0.1 - - [27/Aug/2025 02:45:00] "POST /web/dataset/call_kw/ir.module.module/search_panel_select_range HTTP/1.1" 200 - 39 0.014 0.010
2025-08-27 02:45:00,875 1 INFO odoo werkzeug: 172.18.0.1 - - [27/Aug/2025 02:45:00] "POST /web/dataset/call_kw/ir.module.module/web_search_read HTTP/1.1" 200 - 4 0.003 0.027
2025-08-27 02:45:00,981 1 INFO ? werkzeug: 172.18.0.1 - - [27/Aug/2025 02:45:00] "GET /base/static/description/icon.png HTTP/1.1" 200 - 0 0.000 0.002
2025-08-27 02:45:01,098 1 INFO ? odoo.addons.bus.models.bus: Bus.loop listen imbus on db postgres 
2025-08-27 02:45:02,576 1 INFO odoo werkzeug: 172.18.0.1 - - [27/Aug/2025 02:45:02] "GET /web/service-worker.js HTTP/1.1" 200 - 1 0.001 0.004
2025-08-27 02:45:05,536 1 INFO odoo werkzeug: 172.18.0.1 - - [27/Aug/2025 02:45:05] "POST /web/dataset/call_kw/ir.module.module/search_panel_select_range HTTP/1.1" 200 - 36 0.018 0.019
2025-08-27 02:45:05,548 1 INFO odoo werkzeug: 172.18.0.1 - - [27/Aug/2025 02:45:05] "POST /web/dataset/call_kw/ir.module.module/web_search_read HTTP/1.1" 200 - 3 0.002 0.005
2025-08-27 02:45:07,755 1 INFO odoo odoo.addons.base.models.ir_module: ALLOW access to module.button_immediate_install on ['Library Members'] to user admin #2 via 172.18.0.1 
2025-08-27 02:45:07,755 1 INFO odoo odoo.addons.base.models.ir_module: User #2 triggered module installation 
2025-08-27 02:45:07,756 1 INFO odoo odoo.addons.base.models.ir_module: ALLOW access to module.button_install on ['Library Members'] to user admin #2 via 172.18.0.1 
2025-08-27 02:45:07,826 1 INFO odoo odoo.modules.loading: loading 1 modules... 
2025-08-27 02:45:07,831 1 INFO odoo odoo.modules.loading: 1 modules loaded in 0.00s, 0 queries (+0 extra) 
2025-08-27 02:45:07,845 1 INFO odoo odoo.modules.loading: updating modules list 
2025-08-27 02:45:07,846 1 INFO odoo odoo.addons.base.models.ir_module: ALLOW access to module.update_list on [] to user __system__ #1 via 172.18.0.1 
2025-08-27 02:45:08,163 1 INFO odoo odoo.modules.loading: loading 11 modules... 
2025-08-27 02:45:08,168 1 INFO odoo odoo.modules.loading: 11 modules loaded in 0.00s, 0 queries (+0 extra) 
2025-08-27 02:45:08,169 1 INFO odoo odoo.modules.loading: loading 25 modules... 
2025-08-27 02:45:08,170 1 INFO odoo odoo.modules.loading: Loading module mail (10/25) 
2025-08-27 02:45:08,285 1 INFO odoo odoo.modules.registry: module mail: creating or updating database tables 
2025-08-27 02:45:09,459 1 INFO odoo odoo.models: Prepare computation of ir.actions.server.partner_ids 
2025-08-27 02:45:09,460 1 INFO odoo odoo.models: Prepare computation of ir.actions.server.template_id 
2025-08-27 02:45:09,460 1 INFO odoo odoo.models: Prepare computation of ir.actions.server.activity_type_id 
2025-08-27 02:45:09,460 1 INFO odoo odoo.models: Prepare computation of ir.actions.server.activity_date_deadline_range 
2025-08-27 02:45:09,460 1 INFO odoo odoo.models: Prepare computation of ir.actions.server.activity_user_id 
2025-08-27 02:45:09,460 1 INFO odoo odoo.models: Prepare computation of ir.actions.server.mail_post_method 
2025-08-27 02:45:09,461 1 INFO odoo odoo.models: Prepare computation of ir.actions.server.activity_summary 
2025-08-27 02:45:09,461 1 INFO odoo odoo.models: Prepare computation of ir.actions.server.activity_date_deadline_range_type 
2025-08-27 02:45:09,461 1 INFO odoo odoo.models: Prepare computation of ir.actions.server.activity_user_type 
2025-08-27 02:45:09,461 1 INFO odoo odoo.models: Prepare computation of ir.actions.server.activity_user_field_name 
2025-08-27 02:45:09,461 1 INFO odoo odoo.models: Prepare computation of ir.actions.server.activity_note 
2025-08-27 02:45:09,461 1 INFO odoo odoo.models: Prepare computation of ir.actions.server.mail_post_autofollow 
2025-08-27 02:45:09,499 1 INFO odoo odoo.models: Prepare computation of res.company.email_primary_color 
2025-08-27 02:45:09,499 1 INFO odoo odoo.models: Prepare computation of res.company.email_secondary_color 
2025-08-27 02:45:09,506 1 INFO odoo odoo.models: Prepare computation of res.users.notification_type 
2025-08-27 02:45:09,844 1 INFO odoo odoo.models: Prepare computation of res.partner.email_normalized 
2025-08-27 02:45:11,470 1 INFO odoo odoo.modules.loading: loading mail/data/mail_groups.xml 
2025-08-27 02:45:11,560 1 INFO odoo odoo.modules.loading: loading mail/wizard/mail_activity_schedule_views.xml 
2025-08-27 02:45:11,569 1 INFO odoo odoo.modules.loading: loading mail/wizard/mail_blacklist_remove_views.xml 
2025-08-27 02:45:11,573 1 INFO odoo odoo.modules.loading: loading mail/wizard/mail_compose_message_views.xml 
2025-08-27 02:45:11,584 1 INFO odoo odoo.modules.loading: loading mail/wizard/mail_resend_message_views.xml 
2025-08-27 02:45:11,590 1 INFO odoo odoo.modules.loading: loading mail/wizard/mail_resend_partner_views.xml 
2025-08-27 02:45:11,595 1 INFO odoo odoo.modules.loading: loading mail/wizard/mail_template_preview_views.xml 
2025-08-27 02:45:11,600 1 INFO odoo odoo.modules.loading: loading mail/wizard/mail_wizard_invite_views.xml 
2025-08-27 02:45:11,603 1 INFO odoo odoo.modules.loading: loading mail/wizard/mail_template_reset_views.xml 
2025-08-27 02:45:11,608 1 INFO odoo odoo.modules.loading: loading mail/views/fetchmail_views.xml 
2025-08-27 02:45:11,618 1 INFO odoo odoo.modules.loading: loading mail/views/mail_message_subtype_views.xml 
2025-08-27 02:45:11,625 1 INFO odoo odoo.modules.loading: loading mail/views/mail_tracking_value_views.xml 
2025-08-27 02:45:11,632 1 INFO odoo odoo.modules.loading: loading mail/views/mail_notification_views.xml 
2025-08-27 02:45:11,639 1 INFO odoo odoo.modules.loading: loading mail/views/mail_message_views.xml 
2025-08-27 02:45:11,655 1 INFO odoo odoo.modules.loading: loading mail/views/mail_message_schedule_views.xml 
2025-08-27 02:45:11,663 1 INFO odoo odoo.modules.loading: loading mail/views/mail_mail_views.xml 
2025-08-27 02:45:11,679 1 INFO odoo odoo.modules.loading: loading mail/views/mail_followers_views.xml 
2025-08-27 02:45:11,686 1 INFO odoo odoo.modules.loading: loading mail/views/mail_ice_server_views.xml 
2025-08-27 02:45:11,692 1 INFO odoo odoo.modules.loading: loading mail/views/discuss_channel_member_views.xml 
2025-08-27 02:45:11,699 1 INFO odoo odoo.modules.loading: loading mail/views/discuss_channel_rtc_session_views.xml 
2025-08-27 02:45:11,708 1 INFO odoo odoo.modules.loading: loading mail/views/mail_link_preview_views.xml 
2025-08-27 02:45:11,715 1 INFO odoo odoo.modules.loading: loading mail/views/discuss/discuss_gif_favorite_views.xml 
2025-08-27 02:45:11,722 1 INFO odoo odoo.modules.loading: loading mail/views/discuss_channel_views.xml 
2025-08-27 02:45:11,737 1 INFO odoo odoo.modules.loading: loading mail/views/mail_shortcode_views.xml 
2025-08-27 02:45:11,745 1 INFO odoo odoo.modules.loading: loading mail/views/mail_activity_views.xml 
2025-08-27 02:45:11,788 1 INFO odoo odoo.modules.loading: loading mail/views/mail_activity_plan_views.xml 
2025-08-27 02:45:11,801 1 INFO odoo odoo.modules.loading: loading mail/views/mail_activity_plan_template_views.xml 
2025-08-27 02:45:11,807 1 INFO odoo odoo.modules.loading: loading mail/views/res_config_settings_views.xml 
2025-08-27 02:45:11,821 1 INFO odoo odoo.modules.loading: loading mail/data/ir_config_parameter_data.xml 
2025-08-27 02:45:11,823 1 INFO odoo odoo.modules.loading: loading mail/data/res_partner_data.xml 
2025-08-27 02:45:11,866 1 INFO odoo odoo.modules.loading: loading mail/data/mail_message_subtype_data.xml 
2025-08-27 02:45:11,879 1 INFO odoo odoo.modules.loading: loading mail/data/mail_templates_chatter.xml 
2025-08-27 02:45:11,887 1 INFO odoo odoo.modules.loading: loading mail/data/mail_templates_email_layouts.xml 
2025-08-27 02:45:11,896 1 INFO odoo odoo.modules.loading: loading mail/data/mail_templates_mailgateway.xml 
2025-08-27 02:45:11,903 1 INFO odoo odoo.modules.loading: loading mail/data/discuss_channel_data.xml 
2025-08-27 02:45:11,939 1 INFO odoo odoo.modules.loading: loading mail/data/mail_activity_data.xml 
2025-08-27 02:45:11,949 1 INFO odoo odoo.modules.loading: loading mail/data/security_notifications_templates.xml 
2025-08-27 02:45:11,952 1 INFO odoo odoo.modules.loading: loading mail/data/ir_cron_data.xml 
2025-08-27 02:45:11,971 1 INFO odoo odoo.modules.loading: loading mail/security/mail_security.xml 
2025-08-27 02:45:12,060 1 INFO odoo odoo.modules.loading: loading mail/security/ir.model.access.csv 
2025-08-27 02:45:12,100 1 INFO odoo odoo.modules.loading: loading mail/views/discuss_public_templates.xml 
2025-08-27 02:45:12,113 1 INFO odoo odoo.modules.loading: loading mail/views/mail_alias_domain_views.xml 
2025-08-27 02:45:12,122 1 INFO odoo odoo.modules.loading: loading mail/views/mail_alias_views.xml 
2025-08-27 02:45:12,133 1 INFO odoo odoo.modules.loading: loading mail/views/mail_gateway_allowed_views.xml 
2025-08-27 02:45:12,140 1 INFO odoo odoo.modules.loading: loading mail/views/mail_guest_views.xml 
2025-08-27 02:45:12,147 1 INFO odoo odoo.modules.loading: loading mail/views/mail_message_reaction_views.xml 
2025-08-27 02:45:12,153 1 INFO odoo odoo.modules.loading: loading mail/views/mail_templates_public.xml 
2025-08-27 02:45:12,157 1 INFO odoo odoo.modules.loading: loading mail/views/res_users_views.xml 
2025-08-27 02:45:12,167 1 INFO odoo odoo.modules.loading: loading mail/views/res_users_settings_views.xml 
2025-08-27 02:45:12,174 1 INFO odoo odoo.modules.loading: loading mail/views/mail_template_views.xml 
2025-08-27 02:45:12,187 1 INFO odoo odoo.modules.loading: loading mail/views/ir_actions_server_views.xml 
2025-08-27 02:45:12,193 1 INFO odoo odoo.modules.loading: loading mail/views/ir_model_views.xml 
2025-08-27 02:45:12,205 1 INFO odoo odoo.modules.loading: loading mail/views/res_partner_views.xml 
2025-08-27 02:45:12,229 1 INFO odoo odoo.modules.loading: loading mail/views/mail_blacklist_views.xml 
2025-08-27 02:45:12,238 1 INFO odoo odoo.modules.loading: loading mail/views/mail_menus.xml 
2025-08-27 02:45:12,295 1 INFO odoo odoo.modules.loading: loading mail/views/res_company_views.xml 
2025-08-27 02:45:12,313 1 INFO odoo odoo.modules.loading: Module mail: loading demo 
2025-08-27 02:45:12,314 1 INFO odoo odoo.modules.loading: loading mail/data/discuss_channel_demo.xml 
2025-08-27 02:45:12,400 1 INFO odoo odoo.modules.loading: Module mail loaded in 4.23s, 4180 queries (+4181 other) 
2025-08-27 02:45:12,400 1 INFO odoo odoo.modules.loading: Loading module auth_signup (12/25) 
2025-08-27 02:45:12,426 1 INFO odoo odoo.modules.registry: module auth_signup: creating or updating database tables 
2025-08-27 02:45:12,470 1 INFO odoo odoo.modules.loading: loading auth_signup/data/ir_config_parameter_data.xml 
2025-08-27 02:45:12,483 1 INFO odoo odoo.modules.loading: loading auth_signup/data/ir_cron_data.xml 
2025-08-27 02:45:12,489 1 INFO odoo odoo.modules.loading: loading auth_signup/data/mail_template_data.xml 
2025-08-27 02:45:12,496 1 INFO odoo odoo.modules.loading: loading auth_signup/views/res_config_settings_views.xml 
2025-08-27 02:45:12,505 1 INFO odoo odoo.modules.loading: loading auth_signup/views/res_users_views.xml 
2025-08-27 02:45:12,516 1 INFO odoo odoo.modules.loading: loading auth_signup/views/auth_signup_login_templates.xml 
2025-08-27 02:45:12,525 1 INFO odoo odoo.modules.loading: loading auth_signup/views/auth_signup_templates_email.xml 
2025-08-27 02:45:12,531 1 INFO odoo odoo.modules.loading: loading auth_signup/views/webclient_templates.xml 
2025-08-27 02:45:12,551 1 INFO odoo odoo.modules.loading: Module auth_signup loaded in 0.15s, 202 queries (+202 other) 
2025-08-27 02:45:12,551 1 INFO odoo odoo.modules.loading: Loading module auth_totp_mail (13/25) 
2025-08-27 02:45:12,616 1 INFO odoo odoo.modules.registry: module auth_totp_mail: creating or updating database tables 
2025-08-27 02:45:12,637 1 INFO odoo odoo.modules.loading: loading auth_totp_mail/data/ir_action_data.xml 
2025-08-27 02:45:12,657 1 INFO odoo odoo.modules.loading: loading auth_totp_mail/data/mail_template_data.xml 
2025-08-27 02:45:12,661 1 INFO odoo odoo.modules.loading: loading auth_totp_mail/data/security_notifications_template.xml 
2025-08-27 02:45:12,666 1 INFO odoo odoo.modules.loading: loading auth_totp_mail/views/res_users_views.xml 
2025-08-27 02:45:12,691 1 INFO odoo odoo.modules.loading: Module auth_totp_mail loaded in 0.14s, 112 queries (+112 other) 
2025-08-27 02:45:12,691 1 INFO odoo odoo.modules.loading: Loading module base_install_request (14/25) 
2025-08-27 02:45:12,714 1 INFO odoo odoo.modules.registry: module base_install_request: creating or updating database tables 
2025-08-27 02:45:12,816 1 INFO odoo odoo.modules.loading: loading base_install_request/security/ir.model.access.csv 
2025-08-27 02:45:12,823 1 INFO odoo odoo.modules.loading: loading base_install_request/wizard/base_module_install_request_views.xml 
2025-08-27 02:45:12,831 1 INFO odoo odoo.modules.loading: loading base_install_request/data/mail_template_data.xml 
2025-08-27 02:45:12,835 1 INFO odoo odoo.modules.loading: loading base_install_request/data/mail_templates_module_install.xml 
2025-08-27 02:45:12,838 1 INFO odoo odoo.modules.loading: loading base_install_request/views/ir_module_module_views.xml 
2025-08-27 02:45:12,857 1 INFO odoo odoo.modules.loading: Module base_install_request loaded in 0.17s, 139 queries (+139 other) 
2025-08-27 02:45:12,858 1 INFO odoo odoo.modules.loading: Loading module contacts (15/25) 
2025-08-27 02:45:12,880 1 INFO odoo odoo.modules.registry: module contacts: creating or updating database tables 
2025-08-27 02:45:12,899 1 INFO odoo odoo.modules.loading: loading contacts/views/contact_views.xml 
2025-08-27 02:45:12,943 1 INFO odoo odoo.modules.loading: Module contacts: loading demo 
2025-08-27 02:45:12,944 1 INFO odoo odoo.modules.loading: loading contacts/data/mail_demo.xml 
2025-08-27 02:45:12,976 1 INFO odoo odoo.modules.loading: Module contacts loaded in 0.12s, 244 queries (+244 other) 
2025-08-27 02:45:12,976 1 INFO odoo odoo.modules.loading: Loading module google_gmail (16/25) 
2025-08-27 02:45:13,001 1 INFO odoo odoo.modules.registry: module google_gmail: creating or updating database tables 
2025-08-27 02:45:13,031 1 INFO odoo odoo.modules.loading: loading google_gmail/views/fetchmail_server_views.xml 
2025-08-27 02:45:13,047 1 INFO odoo odoo.modules.loading: loading google_gmail/views/ir_mail_server_views.xml 
2025-08-27 02:45:13,053 1 INFO odoo odoo.modules.loading: loading google_gmail/views/res_config_settings_views.xml 
2025-08-27 02:45:13,075 1 INFO odoo odoo.modules.loading: Module google_gmail loaded in 0.10s, 118 queries (+118 other) 
2025-08-27 02:45:13,075 1 INFO odoo odoo.modules.loading: Loading module iap_mail (17/25) 
2025-08-27 02:45:13,097 1 INFO odoo odoo.modules.registry: module iap_mail: creating or updating database tables 
2025-08-27 02:45:13,109 1 INFO odoo odoo.modules.loading: loading iap_mail/data/mail_templates.xml 
2025-08-27 02:45:13,141 1 INFO odoo odoo.modules.loading: Module iap_mail loaded in 0.07s, 36 queries (+36 other) 
2025-08-27 02:45:13,141 1 INFO odoo odoo.modules.loading: Loading module mail_bot (18/25) 
2025-08-27 02:45:13,182 1 INFO odoo odoo.modules.registry: module mail_bot: creating or updating database tables 
2025-08-27 02:45:13,223 1 INFO odoo odoo.modules.loading: loading mail_bot/views/res_users_views.xml 
2025-08-27 02:45:13,246 1 INFO odoo odoo.modules.loading: loading mail_bot/data/mailbot_data.xml 
2025-08-27 02:45:13,250 1 INFO odoo odoo.modules.loading: Module mail_bot: loading demo 
2025-08-27 02:45:13,250 1 INFO odoo odoo.modules.loading: loading mail_bot/data/mailbot_demo.xml 
2025-08-27 02:45:13,263 1 INFO odoo odoo.modules.loading: Module mail_bot loaded in 0.12s, 164 queries (+164 other) 
2025-08-27 02:45:13,263 1 INFO odoo odoo.modules.loading: Loading module phone_validation (19/25) 
2025-08-27 02:45:13,321 1 INFO odoo odoo.modules.registry: module phone_validation: creating or updating database tables 
2025-08-27 02:45:13,832 1 INFO odoo odoo.modules.loading: loading phone_validation/security/ir.model.access.csv 
2025-08-27 02:45:13,838 1 INFO odoo odoo.modules.loading: loading phone_validation/views/phone_blacklist_views.xml 
2025-08-27 02:45:13,854 1 INFO odoo odoo.modules.loading: loading phone_validation/wizard/phone_blacklist_remove_view.xml 
2025-08-27 02:45:13,869 1 INFO odoo odoo.modules.loading: Module phone_validation loaded in 0.61s, 1299 queries (+1299 other) 
2025-08-27 02:45:13,869 1 INFO odoo odoo.modules.loading: Loading module privacy_lookup (20/25) 
2025-08-27 02:45:13,895 1 INFO odoo odoo.modules.registry: module privacy_lookup: creating or updating database tables 
2025-08-27 02:45:14,069 1 INFO odoo odoo.modules.loading: loading privacy_lookup/wizard/privacy_lookup_wizard_views.xml 
2025-08-27 02:45:14,089 1 INFO odoo odoo.modules.loading: loading privacy_lookup/views/privacy_log_views.xml 
2025-08-27 02:45:14,100 1 INFO odoo odoo.modules.loading: loading privacy_lookup/security/ir.model.access.csv 
2025-08-27 02:45:14,108 1 INFO odoo odoo.modules.loading: loading privacy_lookup/data/ir_actions_server_data.xml 
2025-08-27 02:45:14,125 1 INFO odoo odoo.modules.loading: Module privacy_lookup loaded in 0.26s, 241 queries (+241 other) 
2025-08-27 02:45:14,126 1 INFO odoo odoo.modules.loading: Loading module library_member (22/25) 
2025-08-27 02:45:14,150 1 INFO odoo odoo.modules.loading: loading library_member/views/library_member_views.xml 
2025-08-27 02:45:14,160 1 WARNING odoo odoo.modules.loading: Transient module states were reset 
2025-08-27 02:45:14,172 1 ERROR odoo odoo.modules.registry: Failed to load registry 
Traceback (most recent call last):
  File "/usr/lib/python3/dist-packages/odoo/modules/registry.py", line 110, in new
    odoo.modules.load_modules(registry, force_demo, status, update_module)
  File "/usr/lib/python3/dist-packages/odoo/modules/loading.py", line 485, in load_modules
    processed_modules += load_marked_modules(env, graph,
  File "/usr/lib/python3/dist-packages/odoo/modules/loading.py", line 366, in load_marked_modules
    loaded, processed = load_module_graph(
  File "/usr/lib/python3/dist-packages/odoo/modules/loading.py", line 229, in load_module_graph
    load_data(env, idref, mode, kind='data', package=package)
  File "/usr/lib/python3/dist-packages/odoo/modules/loading.py", line 73, in load_data
    tools.convert_file(env, package.name, filename, idref, mode, noupdate, kind)
  File "/usr/lib/python3/dist-packages/odoo/tools/convert.py", line 635, in convert_file
    convert_xml_import(env, module, fp, idref, mode, noupdate)
  File "/usr/lib/python3/dist-packages/odoo/tools/convert.py", line 701, in convert_xml_import
    obj.parse(doc.getroot())
  File "/usr/lib/python3/dist-packages/odoo/tools/convert.py", line 621, in parse
    self._tag_root(de)
  File "/usr/lib/python3/dist-packages/odoo/tools/convert.py", line 575, in _tag_root
    raise ParseError(msg) from None  # Restart with "--log-handler odoo.tools.convert:DEBUG" for complete traceback
odoo.tools.convert.ParseError: while parsing /mnt/extra-addons/library_member/views/library_member_views.xml:4
Invalid model name 'library.member' in action definition.

View error context:
'-no context-'

2025-08-27 02:45:14,178 1 INFO odoo odoo.modules.loading: loading 1 modules... 
2025-08-27 02:45:14,183 1 INFO odoo odoo.modules.loading: 1 modules loaded in 0.00s, 0 queries (+0 extra) 
2025-08-27 02:45:14,185 1 INFO odoo odoo.modules.loading: loading 20 modules... 
2025-08-27 02:45:14,194 1 INFO odoo odoo.modules.loading: 20 modules loaded in 0.01s, 0 queries (+0 extra) 
2025-08-27 02:45:14,270 1 INFO odoo odoo.modules.loading: Modules loaded. 
2025-08-27 02:45:14,271 1 INFO odoo odoo.modules.registry: Registry loaded in 0.096s 
2025-08-27 02:45:14,282 1 ERROR odoo odoo.http: Exception during request handling. 
Traceback (most recent call last):
  File "/usr/lib/python3/dist-packages/odoo/http.py", line 2396, in __call__
    response = request._serve_db()
  File "/usr/lib/python3/dist-packages/odoo/http.py", line 1971, in _serve_db
    return service_model.retrying(self._serve_ir_http, self.env)
  File "/usr/lib/python3/dist-packages/odoo/service/model.py", line 152, in retrying
    result = func()
  File "/usr/lib/python3/dist-packages/odoo/http.py", line 1999, in _serve_ir_http
    response = self.dispatcher.dispatch(rule.endpoint, args)
  File "/usr/lib/python3/dist-packages/odoo/http.py", line 2203, in dispatch
    result = self.request.registry['ir.http']._dispatch(endpoint)
  File "/usr/lib/python3/dist-packages/odoo/addons/base/models/ir_http.py", line 221, in _dispatch
    result = endpoint(**request.params)
  File "/usr/lib/python3/dist-packages/odoo/http.py", line 786, in route_wrapper
    result = endpoint(self, *args, **params_ok)
  File "/usr/lib/python3/dist-packages/odoo/addons/web/controllers/dataset.py", line 29, in call_button
    action = self._call_kw(model, method, args, kwargs)
  File "/usr/lib/python3/dist-packages/odoo/addons/web/controllers/dataset.py", line 21, in _call_kw
    return call_kw(Model, method, args, kwargs)
  File "/usr/lib/python3/dist-packages/odoo/api.py", line 484, in call_kw
    result = _call_kw_multi(method, model, args, kwargs)
  File "/usr/lib/python3/dist-packages/odoo/api.py", line 469, in _call_kw_multi
    result = method(recs, *args, **kwargs)
  File "<decorator-gen-77>", line 2, in button_immediate_install
  File "/usr/lib/python3/dist-packages/odoo/addons/base/models/ir_module.py", line 75, in check_and_log
    return method(self, *args, **kwargs)
  File "/usr/lib/python3/dist-packages/odoo/addons/base/models/ir_module.py", line 476, in button_immediate_install
    return self._button_immediate_function(self.env.registry[self._name].button_install)
  File "/usr/lib/python3/dist-packages/odoo/addons/base/models/ir_module.py", line 600, in _button_immediate_function
    registry = modules.registry.Registry.new(self._cr.dbname, update_module=True)
  File "<decorator-gen-16>", line 2, in new
  File "/usr/lib/python3/dist-packages/odoo/tools/func.py", line 87, in locked
    return func(inst, *args, **kwargs)
  File "/usr/lib/python3/dist-packages/odoo/modules/registry.py", line 110, in new
    odoo.modules.load_modules(registry, force_demo, status, update_module)
  File "/usr/lib/python3/dist-packages/odoo/modules/loading.py", line 485, in load_modules
    processed_modules += load_marked_modules(env, graph,
  File "/usr/lib/python3/dist-packages/odoo/modules/loading.py", line 366, in load_marked_modules
    loaded, processed = load_module_graph(
  File "/usr/lib/python3/dist-packages/odoo/modules/loading.py", line 229, in load_module_graph
    load_data(env, idref, mode, kind='data', package=package)
  File "/usr/lib/python3/dist-packages/odoo/modules/loading.py", line 73, in load_data
    tools.convert_file(env, package.name, filename, idref, mode, noupdate, kind)
  File "/usr/lib/python3/dist-packages/odoo/tools/convert.py", line 635, in convert_file
    convert_xml_import(env, module, fp, idref, mode, noupdate)
  File "/usr/lib/python3/dist-packages/odoo/tools/convert.py", line 701, in convert_xml_import
    obj.parse(doc.getroot())
  File "/usr/lib/python3/dist-packages/odoo/tools/convert.py", line 621, in parse
    self._tag_root(de)
  File "/usr/lib/python3/dist-packages/odoo/tools/convert.py", line 575, in _tag_root
    raise ParseError(msg) from None  # Restart with "--log-handler odoo.tools.convert:DEBUG" for complete traceback
odoo.tools.convert.ParseError: while parsing /mnt/extra-addons/library_member/views/library_member_views.xml:4
Invalid model name 'library.member' in action definition.

View error context:
'-no context-'

2025-08-27 02:45:14,283 1 INFO odoo werkzeug: 172.18.0.1 - - [27/Aug/2025 02:45:14] "POST /web/dataset/call_button HTTP/1.1" 200 - 8283 4.466 2.069
2025-08-27 02:45:41,223 1 INFO odoo odoo.service.server: Initiating shutdown 
2025-08-27 02:45:41,223 1 INFO odoo odoo.service.server: Hit CTRL-C again or send a second signal to force the shutdown. 
2025-08-27 02:45:41,399 1 INFO odoo odoo.sql_db: ConnectionPool(used=0/count=0/max=64): Closed 5 connections  
2025-08-27 02:45:45,505 1 INFO ? odoo: Odoo version 17.0-20250819 
2025-08-27 02:45:45,505 1 INFO ? odoo: Using configuration file at /etc/odoo/odoo.conf 
2025-08-27 02:45:45,505 1 INFO ? odoo: addons paths: ['/usr/lib/python3/dist-packages/odoo/addons', '/var/lib/odoo/addons/17.0', '/mnt/extra-addons'] 
2025-08-27 02:45:45,505 1 INFO ? odoo: database: odoo@db:5432 
2025-08-27 02:45:45,578 1 INFO ? odoo.addons.base.models.ir_actions_report: Will use the Wkhtmltopdf binary at /usr/local/bin/wkhtmltopdf 
2025-08-27 02:45:45,711 1 INFO ? odoo.service.server: HTTP service (werkzeug) running on 83e1705934b1:8069 
2025-08-27 02:45:45,726 1 INFO odoo odoo.modules.loading: loading 1 modules... 
2025-08-27 02:45:45,726 1 INFO odoo odoo.modules.loading: Loading module base (1/1) 
2025-08-27 02:45:45,743 1 INFO odoo odoo.modules.registry: module base: creating or updating database tables 
2025-08-27 02:45:46,052 1 INFO odoo odoo.modules.loading: loading base/data/res_bank.xml 
2025-08-27 02:45:46,054 1 INFO odoo odoo.modules.loading: loading base/data/res.lang.csv 
2025-08-27 02:45:46,160 1 INFO odoo odoo.modules.loading: loading base/data/res_lang_data.xml 
2025-08-27 02:45:46,174 1 INFO odoo odoo.modules.loading: loading base/data/res_partner_data.xml 
2025-08-27 02:45:46,215 1 INFO odoo odoo.modules.loading: loading base/data/res_currency_data.xml 
2025-08-27 02:45:46,467 1 INFO odoo odoo.modules.loading: loading base/data/res_company_data.xml 
2025-08-27 02:45:46,473 1 INFO odoo odoo.modules.loading: loading base/data/res_users_data.xml 
2025-08-27 02:45:47,312 1 INFO odoo odoo.modules.loading: loading base/data/report_paperformat_data.xml 
2025-08-27 02:45:47,316 1 INFO odoo odoo.modules.loading: loading base/data/res_country_data.xml 
2025-08-27 02:45:47,523 1 INFO odoo odoo.modules.loading: loading base/data/ir_demo_data.xml 
2025-08-27 02:45:47,532 1 INFO odoo odoo.modules.loading: loading base/security/base_groups.xml 
2025-08-27 02:45:47,683 1 INFO odoo odoo.modules.loading: loading base/security/base_security.xml 
2025-08-27 02:45:47,758 1 INFO odoo odoo.modules.loading: loading base/views/base_menus.xml 
2025-08-27 02:45:47,788 1 INFO odoo odoo.modules.loading: loading base/views/decimal_precision_views.xml 
2025-08-27 02:45:47,800 1 INFO odoo odoo.modules.loading: loading base/views/res_config_views.xml 
2025-08-27 02:45:47,806 1 INFO odoo odoo.modules.loading: loading base/data/res.country.state.csv 
2025-08-27 02:45:48,411 1 INFO odoo odoo.modules.loading: loading base/views/ir_actions_views.xml 
2025-08-27 02:45:48,506 1 INFO odoo odoo.modules.loading: loading base/views/ir_asset_views.xml 
2025-08-27 02:45:48,521 1 INFO odoo odoo.modules.loading: loading base/views/ir_config_parameter_views.xml 
2025-08-27 02:45:48,534 1 INFO odoo odoo.modules.loading: loading base/views/ir_cron_views.xml 
2025-08-27 02:45:48,555 1 INFO odoo odoo.modules.loading: loading base/views/ir_cron_trigger_views.xml 
2025-08-27 02:45:48,568 1 INFO odoo odoo.modules.loading: loading base/views/ir_filters_views.xml 
2025-08-27 02:45:48,581 1 INFO odoo odoo.modules.loading: loading base/views/ir_mail_server_views.xml 
2025-08-27 02:45:48,597 1 INFO odoo odoo.modules.loading: loading base/views/ir_model_views.xml 
2025-08-27 02:45:48,708 1 INFO odoo odoo.modules.loading: loading base/views/ir_attachment_views.xml 
2025-08-27 02:45:48,729 1 INFO odoo odoo.modules.loading: loading base/views/ir_rule_views.xml 
2025-08-27 02:45:48,751 1 INFO odoo odoo.modules.loading: loading base/views/ir_sequence_views.xml 
2025-08-27 02:45:48,765 1 INFO odoo odoo.modules.loading: loading base/views/ir_ui_menu_views.xml 
2025-08-27 02:45:48,782 1 INFO odoo odoo.modules.loading: loading base/views/ir_ui_view_views.xml 
2025-08-27 02:45:48,816 1 INFO odoo odoo.modules.loading: loading base/views/ir_default_views.xml 
2025-08-27 02:45:48,834 1 INFO odoo odoo.modules.loading: loading base/data/ir_cron_data.xml 
2025-08-27 02:45:48,842 1 INFO odoo odoo.modules.loading: loading base/report/ir_model_report.xml 
2025-08-27 02:45:48,845 1 INFO odoo odoo.modules.loading: loading base/report/ir_model_templates.xml 
2025-08-27 02:45:48,854 1 INFO odoo odoo.modules.loading: loading base/views/ir_logging_views.xml 
2025-08-27 02:45:48,867 1 INFO odoo odoo.modules.loading: loading base/views/ir_qweb_widget_templates.xml 
2025-08-27 02:45:48,882 1 INFO odoo odoo.modules.loading: loading base/views/ir_module_views.xml 
2025-08-27 02:45:48,919 1 INFO odoo odoo.modules.loading: loading base/data/ir_module_category_data.xml 
2025-08-27 02:45:49,057 1 INFO odoo odoo.modules.loading: loading base/data/ir_module_module.xml 
2025-08-27 02:45:49,078 1 INFO odoo odoo.modules.loading: loading base/report/ir_module_reports.xml 
2025-08-27 02:45:49,080 1 INFO odoo odoo.modules.loading: loading base/report/ir_module_report_templates.xml 
2025-08-27 02:45:49,086 1 INFO odoo odoo.modules.loading: loading base/wizard/base_module_update_views.xml 
2025-08-27 02:45:49,094 1 INFO odoo odoo.modules.loading: loading base/wizard/base_language_install_views.xml 
2025-08-27 02:45:49,104 1 INFO odoo odoo.modules.loading: loading base/wizard/base_import_language_views.xml 
2025-08-27 02:45:49,112 1 INFO odoo odoo.modules.loading: loading base/wizard/base_module_upgrade_views.xml 
2025-08-27 02:45:49,125 1 INFO odoo odoo.modules.loading: loading base/wizard/base_module_uninstall_views.xml 
2025-08-27 02:45:49,132 1 INFO odoo odoo.modules.loading: loading base/wizard/base_export_language_views.xml 
2025-08-27 02:45:49,141 1 INFO odoo odoo.modules.loading: loading base/wizard/base_partner_merge_views.xml 
2025-08-27 02:45:49,152 1 INFO odoo odoo.modules.loading: loading base/data/ir_demo_failure_data.xml 
2025-08-27 02:45:49,160 1 INFO odoo odoo.modules.loading: loading base/views/ir_profile_views.xml 
2025-08-27 02:45:49,179 1 INFO odoo odoo.modules.loading: loading base/views/res_company_views.xml 
2025-08-27 02:45:49,202 1 INFO odoo odoo.modules.loading: loading base/views/res_lang_views.xml 
2025-08-27 02:45:49,223 1 INFO odoo odoo.modules.loading: loading base/views/res_partner_views.xml 
2025-08-27 02:45:49,311 1 INFO odoo odoo.modules.loading: loading base/views/res_bank_views.xml 
2025-08-27 02:45:49,338 1 INFO odoo odoo.modules.loading: loading base/views/res_country_views.xml 
2025-08-27 02:45:49,373 1 INFO odoo odoo.modules.loading: loading base/views/res_currency_views.xml 
2025-08-27 02:45:49,404 1 INFO odoo odoo.modules.loading: loading base/views/res_users_views.xml 
2025-08-27 02:45:49,497 1 INFO odoo odoo.modules.loading: loading base/views/res_users_identitycheck_views.xml 
2025-08-27 02:45:49,506 1 INFO odoo odoo.modules.loading: loading base/views/ir_property_views.xml 
2025-08-27 02:45:49,521 1 INFO odoo odoo.modules.loading: loading base/views/res_config_settings_views.xml 
2025-08-27 02:45:49,526 1 INFO odoo odoo.modules.loading: loading base/views/report_paperformat_views.xml 
2025-08-27 02:45:49,543 1 INFO odoo odoo.modules.loading: loading base/security/ir.model.access.csv 
2025-08-27 02:45:49,645 1 INFO odoo odoo.modules.loading: Module base: loading demo 
2025-08-27 02:45:49,645 1 INFO odoo odoo.modules.loading: loading base/data/res_users_demo.xml 
2025-08-27 02:45:50,822 1 INFO odoo odoo.modules.loading: loading base/data/res_partner_bank_demo.xml 
2025-08-27 02:45:50,824 1 INFO odoo odoo.modules.loading: loading base/data/res_currency_demo.xml 
2025-08-27 02:45:50,827 1 INFO odoo odoo.modules.loading: loading base/data/res_currency_rate_demo.xml 
2025-08-27 02:45:50,911 1 INFO odoo odoo.modules.loading: loading base/data/res_bank_demo.xml 
2025-08-27 02:45:50,913 1 INFO odoo odoo.modules.loading: loading base/data/res_partner_demo.xml 
2025-08-27 02:45:51,081 1 INFO odoo odoo.modules.loading: loading base/data/res_partner_image_demo.xml 
2025-08-27 02:45:51,455 1 INFO odoo odoo.modules.loading: Module base loaded in 5.73s, 10662 queries (+10662 other) 
2025-08-27 02:45:51,455 1 INFO odoo odoo.modules.loading: 1 modules loaded in 5.73s, 10662 queries (+10662 extra) 
2025-08-27 02:45:51,466 1 INFO odoo odoo.modules.loading: updating modules list 
2025-08-27 02:45:51,467 1 INFO odoo odoo.addons.base.models.ir_module: ALLOW access to module.update_list on [] to user __system__ #1 via n/a 
2025-08-27 02:45:51,745 1 WARNING odoo odoo.modules.module: Missing `license` key in manifest for 'library_member', defaulting to LGPL-3 
2025-08-27 02:45:51,954 1 INFO odoo odoo.modules.loading: loading 20 modules... 
2025-08-27 02:45:52,059 1 INFO odoo odoo.modules.loading: 20 modules loaded in 0.11s, 0 queries (+0 extra) 
2025-08-27 02:45:52,191 1 INFO odoo odoo.modules.loading: Model privacy.log is declared but cannot be loaded! (Perhaps a module was partially removed or renamed) 
2025-08-27 02:45:52,191 1 INFO odoo odoo.modules.loading: Model privacy.lookup.wizard is declared but cannot be loaded! (Perhaps a module was partially removed or renamed) 
2025-08-27 02:45:52,191 1 INFO odoo odoo.modules.loading: Model privacy.lookup.wizard.line is declared but cannot be loaded! (Perhaps a module was partially removed or renamed) 
2025-08-27 02:45:52,197 1 INFO odoo odoo.addons.base.models.ir_model: Deleting 47@ir.model.inherit (base.model_inherit__mail_guest__image_mixin) 
2025-08-27 02:45:52,206 1 INFO odoo odoo.models.unlink: User #1 deleted ir.model.data records with IDs: [42496] 
2025-08-27 02:45:52,206 1 INFO odoo odoo.models.unlink: User #1 deleted ir.model.inherit records with IDs: [47] 
2025-08-27 02:45:52,361 1 INFO odoo odoo.modules.loading: Modules loaded. 
2025-08-27 02:45:52,376 1 INFO odoo odoo.modules.registry: Registry loaded in 6.665s 
2025-08-27 02:45:52,397 1 INFO odoo odoo.addons.base.models.ir_http: Generating routing map for key None 
2025-08-27 02:45:52,413 1 INFO odoo odoo.addons.base.models.ir_http: Generating routing map for key None 
2025-08-27 02:45:52,437 1 INFO odoo werkzeug: 172.18.0.1 - - [27/Aug/2025 02:45:52] "GET /web HTTP/1.1" 303 - 10 0.003 4.452
2025-08-27 02:45:52,441 1 INFO odoo werkzeug: 172.18.0.1 - - [27/Aug/2025 02:45:52] "GET /websocket?version=17.0-1 HTTP/1.1" 101 - 12 0.008 6.668
2025-08-27 02:45:52,539 1 INFO odoo werkzeug: 172.18.0.1 - - [27/Aug/2025 02:45:52] "GET /web/login HTTP/1.1" 200 - 54 0.010 0.087
2025-08-27 02:45:52,630 1 INFO odoo werkzeug: 172.18.0.1 - - [27/Aug/2025 02:45:52] "GET /web/binary/company_logo HTTP/1.1" 200 - 5 0.004 0.071
2025-08-27 02:45:53,156 1 INFO odoo odoo.addons.base.models.assetsbundle: Generating a new asset bundle attachment /web/assets/b14cccd/web.assets_frontend.min.css (id:226) 
2025-08-27 02:45:53,163 1 INFO odoo werkzeug: 172.18.0.1 - - [27/Aug/2025 02:45:53] "GET /web/assets/b14cccd/web.assets_frontend.min.css HTTP/1.1" 200 - 15 0.012 0.598
2025-08-27 02:45:53,462 1 INFO odoo odoo.addons.base.models.assetsbundle: Generating a new asset bundle attachment /web/assets/8acaa58/web.assets_frontend_lazy.min.js (id:227) 
2025-08-27 02:45:53,463 1 INFO odoo odoo.addons.base.models.assetsbundle: Deleting attachments [189] (matching /web/assets/_______/web.assets_frontend_lazy.min.js) because it was replaced with /web/assets/8acaa58/web.assets_frontend_lazy.min.js 
2025-08-27 02:45:53,477 1 INFO odoo werkzeug: 172.18.0.1 - - [27/Aug/2025 02:45:53] "GET /web/assets/8acaa58/web.assets_frontend_lazy.min.js HTTP/1.1" 200 - 15 0.004 0.287
2025-08-27 02:45:53,545 1 INFO odoo werkzeug: 172.18.0.1 - - [27/Aug/2025 02:45:53] "GET /web/webclient/translations/1756262753536 HTTP/1.1" 200 - 6 0.001 0.006
2025-08-27 02:45:54,750 1 INFO odoo werkzeug: 172.18.0.1 - - [27/Aug/2025 02:45:54] "GET /web/service-worker.js HTTP/1.1" 200 - 5 0.002 0.004
2025-08-27 02:45:54,959 1 INFO odoo odoo.addons.base.models.res_users: Login successful for db:odoo login:admin from 172.18.0.1 
2025-08-27 02:45:54,968 1 INFO odoo werkzeug: 172.18.0.1 - - [27/Aug/2025 02:45:54] "POST /web/login HTTP/1.1" 303 - 42 0.013 0.421
2025-08-27 02:45:54,983 1 ERROR odoo odoo.addons.base.models.ir_model: Missing model privacy.log 
2025-08-27 02:45:55,072 1 INFO odoo werkzeug: 172.18.0.1 - - [27/Aug/2025 02:45:55] "GET /web HTTP/1.1" 200 - 59 0.013 0.086
2025-08-27 02:45:55,111 1 INFO odoo werkzeug: 172.18.0.1 - - [27/Aug/2025 02:45:55] "GET /web/webclient/load_menus/5b4555e7fb2ec6c2a9fe98f290ebf0f8a708a0bac1ac2de54f4ab514a4462d05 HTTP/1.1" 200 - 1 0.001 0.020
2025-08-27 02:45:55,112 1 INFO odoo werkzeug: 172.18.0.1 - - [27/Aug/2025 02:45:55] "GET /web/webclient/translations/0cac2eaa73ec2ecbfd1de40ea3b550e035b41b51?lang=en_US HTTP/1.1" 200 - 3 0.007 0.015
2025-08-27 02:45:55,892 1 INFO odoo odoo.addons.base.models.assetsbundle: Generating a new asset bundle attachment /web/assets/9a98ab9/web.assets_web.min.css (id:228) 
2025-08-27 02:45:55,893 1 INFO odoo odoo.addons.base.models.assetsbundle: Deleting attachments [190] (matching /web/assets/_______/web.assets_web.min.css) because it was replaced with /web/assets/9a98ab9/web.assets_web.min.css 
2025-08-27 02:45:55,911 1 INFO odoo werkzeug: 172.18.0.1 - - [27/Aug/2025 02:45:55] "GET /web/assets/9a98ab9/web.assets_web.min.css HTTP/1.1" 200 - 14 0.022 0.801
2025-08-27 02:45:56,727 1 INFO odoo odoo.addons.base.models.assetsbundle: Generating a new asset bundle attachment /web/assets/8356500/web.assets_web.min.js (id:229) 
2025-08-27 02:45:56,728 1 INFO odoo odoo.addons.base.models.assetsbundle: Deleting attachments [191] (matching /web/assets/_______/web.assets_web.min.js) because it was replaced with /web/assets/8356500/web.assets_web.min.js 
2025-08-27 02:45:56,753 1 INFO odoo werkzeug: 172.18.0.1 - - [27/Aug/2025 02:45:56] "GET /web/assets/8356500/web.assets_web.min.js HTTP/1.1" 200 - 13 0.009 1.655
2025-08-27 02:45:56,945 1 INFO odoo werkzeug: 172.18.0.1 - - [27/Aug/2025 02:45:56] "GET /bus/websocket_worker_bundle?v=17.0-1 HTTP/1.1" 304 - 4 0.004 0.005
2025-08-27 02:45:56,947 1 INFO odoo werkzeug: 172.18.0.1 - - [27/Aug/2025 02:45:56] "POST /web/action/load HTTP/1.1" 200 - 9 0.004 0.008
2025-08-27 02:45:56,979 1 INFO odoo werkzeug: 172.18.0.1 - - [27/Aug/2025 02:45:56] "POST /web/dataset/call_kw/res.users/systray_get_activities HTTP/1.1" 200 - 4 0.002 0.004
2025-08-27 02:45:56,987 1 INFO odoo werkzeug: 172.18.0.1 - - [27/Aug/2025 02:45:56] "POST /mail/init_messaging HTTP/1.1" 200 - 56 0.019 0.020
2025-08-27 02:45:57,030 1 INFO odoo werkzeug: 172.18.0.1 - - [27/Aug/2025 02:45:57] "GET /web/image?model=res.users&field=avatar_128&id=2 HTTP/1.1" 200 - 9 0.002 0.008
2025-08-27 02:45:57,037 1 INFO odoo werkzeug: 172.18.0.1 - - [27/Aug/2025 02:45:57] "POST /mail/load_message_failures HTTP/1.1" 200 - 3 0.001 0.003
2025-08-27 02:45:57,056 1 INFO odoo werkzeug: 172.18.0.1 - - [27/Aug/2025 02:45:57] "GET /websocket?version=17.0-1 HTTP/1.1" 101 - 1 0.001 0.004
2025-08-27 02:45:57,066 1 INFO odoo werkzeug: 172.18.0.1 - - [27/Aug/2025 02:45:57] "GET /web/manifest.webmanifest HTTP/1.1" 200 - 9 0.006 0.007
2025-08-27 02:45:57,090 1 INFO odoo werkzeug: 172.18.0.1 - - [27/Aug/2025 02:45:57] "POST /web/dataset/call_kw/ir.module.module/get_views HTTP/1.1" 200 - 48 0.015 0.034
2025-08-27 02:45:57,103 1 INFO odoo werkzeug: 172.18.0.1 - - [27/Aug/2025 02:45:57] "POST /web/dataset/call_kw/ir.module.module/search_panel_select_range HTTP/1.1" 200 - 1 0.000 0.002
2025-08-27 02:45:57,122 1 INFO odoo werkzeug: 172.18.0.1 - - [27/Aug/2025 02:45:57] "POST /web/dataset/call_kw/ir.module.module/search_panel_select_range HTTP/1.1" 200 - 39 0.011 0.009
2025-08-27 02:45:57,129 1 INFO odoo werkzeug: 172.18.0.1 - - [27/Aug/2025 02:45:57] "POST /web/dataset/call_kw/ir.module.module/web_search_read HTTP/1.1" 200 - 4 0.003 0.020
2025-08-27 02:45:57,369 1 INFO ? odoo.addons.bus.models.bus: Bus.loop listen imbus on db postgres 
2025-08-27 02:45:58,761 1 INFO odoo werkzeug: 172.18.0.1 - - [27/Aug/2025 02:45:58] "GET /web/service-worker.js HTTP/1.1" 200 - 1 0.001 0.013
2025-08-27 02:45:58,788 1 INFO odoo werkzeug: 172.18.0.1 - - [27/Aug/2025 02:45:58] "GET /web/offline HTTP/1.1" 200 - 6 0.001 0.006
2025-08-27 02:46:01,516 1 INFO odoo werkzeug: 172.18.0.1 - - [27/Aug/2025 02:46:01] "POST /web/dataset/call_kw/ir.module.module/search_panel_select_range HTTP/1.1" 200 - 36 0.018 0.021
2025-08-27 02:46:01,526 1 INFO odoo werkzeug: 172.18.0.1 - - [27/Aug/2025 02:46:01] "POST /web/dataset/call_kw/ir.module.module/web_search_read HTTP/1.1" 200 - 3 0.001 0.003
2025-08-27 02:46:03,288 1 INFO odoo odoo.addons.base.models.ir_module: ALLOW access to module.button_immediate_install on ['Library Members'] to user admin #2 via 172.18.0.1 
2025-08-27 02:46:03,288 1 INFO odoo odoo.addons.base.models.ir_module: User #2 triggered module installation 
2025-08-27 02:46:03,289 1 INFO odoo odoo.addons.base.models.ir_module: ALLOW access to module.button_install on ['Library Members'] to user admin #2 via 172.18.0.1 
2025-08-27 02:46:03,339 1 INFO odoo odoo.modules.loading: loading 1 modules... 
2025-08-27 02:46:03,343 1 INFO odoo odoo.modules.loading: 1 modules loaded in 0.00s, 0 queries (+0 extra) 
2025-08-27 02:46:03,356 1 INFO odoo odoo.modules.loading: updating modules list 
2025-08-27 02:46:03,357 1 INFO odoo odoo.addons.base.models.ir_module: ALLOW access to module.update_list on [] to user __system__ #1 via 172.18.0.1 
2025-08-27 02:46:03,654 1 INFO odoo odoo.modules.loading: loading 20 modules... 
2025-08-27 02:46:03,666 1 INFO odoo odoo.modules.loading: 20 modules loaded in 0.01s, 0 queries (+0 extra) 
2025-08-27 02:46:03,667 1 INFO odoo odoo.modules.loading: loading 21 modules... 
2025-08-27 02:46:03,667 1 INFO odoo odoo.modules.loading: Loading module library_member (21/21) 
2025-08-27 02:46:03,704 1 INFO odoo odoo.modules.loading: loading library_member/views/library_member_views.xml 
2025-08-27 02:46:03,715 1 WARNING odoo odoo.modules.loading: Transient module states were reset 
2025-08-27 02:46:03,728 1 ERROR odoo odoo.modules.registry: Failed to load registry 
Traceback (most recent call last):
  File "/usr/lib/python3/dist-packages/odoo/modules/registry.py", line 110, in new
    odoo.modules.load_modules(registry, force_demo, status, update_module)
  File "/usr/lib/python3/dist-packages/odoo/modules/loading.py", line 485, in load_modules
    processed_modules += load_marked_modules(env, graph,
  File "/usr/lib/python3/dist-packages/odoo/modules/loading.py", line 366, in load_marked_modules
    loaded, processed = load_module_graph(
  File "/usr/lib/python3/dist-packages/odoo/modules/loading.py", line 229, in load_module_graph
    load_data(env, idref, mode, kind='data', package=package)
  File "/usr/lib/python3/dist-packages/odoo/modules/loading.py", line 73, in load_data
    tools.convert_file(env, package.name, filename, idref, mode, noupdate, kind)
  File "/usr/lib/python3/dist-packages/odoo/tools/convert.py", line 635, in convert_file
    convert_xml_import(env, module, fp, idref, mode, noupdate)
  File "/usr/lib/python3/dist-packages/odoo/tools/convert.py", line 701, in convert_xml_import
    obj.parse(doc.getroot())
  File "/usr/lib/python3/dist-packages/odoo/tools/convert.py", line 621, in parse
    self._tag_root(de)
  File "/usr/lib/python3/dist-packages/odoo/tools/convert.py", line 575, in _tag_root
    raise ParseError(msg) from None  # Restart with "--log-handler odoo.tools.convert:DEBUG" for complete traceback
odoo.tools.convert.ParseError: while parsing /mnt/extra-addons/library_member/views/library_member_views.xml:4
Invalid model name 'library.member' in action definition.

View error context:
'-no context-'

2025-08-27 02:46:03,731 1 INFO odoo odoo.modules.loading: loading 1 modules... 
2025-08-27 02:46:03,735 1 INFO odoo odoo.modules.loading: 1 modules loaded in 0.00s, 0 queries (+0 extra) 
2025-08-27 02:46:03,737 1 INFO odoo odoo.modules.loading: loading 20 modules... 
2025-08-27 02:46:03,748 1 INFO odoo odoo.modules.loading: 20 modules loaded in 0.01s, 0 queries (+0 extra) 
2025-08-27 02:46:03,779 1 INFO odoo odoo.modules.loading: Modules loaded. 
2025-08-27 02:46:03,781 1 INFO odoo odoo.modules.registry: Registry loaded in 0.052s 
2025-08-27 02:46:03,782 1 ERROR odoo odoo.http: Exception during request handling. 
Traceback (most recent call last):
  File "/usr/lib/python3/dist-packages/odoo/http.py", line 2396, in __call__
    response = request._serve_db()
  File "/usr/lib/python3/dist-packages/odoo/http.py", line 1971, in _serve_db
    return service_model.retrying(self._serve_ir_http, self.env)
  File "/usr/lib/python3/dist-packages/odoo/service/model.py", line 152, in retrying
    result = func()
  File "/usr/lib/python3/dist-packages/odoo/http.py", line 1999, in _serve_ir_http
    response = self.dispatcher.dispatch(rule.endpoint, args)
  File "/usr/lib/python3/dist-packages/odoo/http.py", line 2203, in dispatch
    result = self.request.registry['ir.http']._dispatch(endpoint)
  File "/usr/lib/python3/dist-packages/odoo/addons/base/models/ir_http.py", line 221, in _dispatch
    result = endpoint(**request.params)
  File "/usr/lib/python3/dist-packages/odoo/http.py", line 786, in route_wrapper
    result = endpoint(self, *args, **params_ok)
  File "/usr/lib/python3/dist-packages/odoo/addons/web/controllers/dataset.py", line 29, in call_button
    action = self._call_kw(model, method, args, kwargs)
  File "/usr/lib/python3/dist-packages/odoo/addons/web/controllers/dataset.py", line 21, in _call_kw
    return call_kw(Model, method, args, kwargs)
  File "/usr/lib/python3/dist-packages/odoo/api.py", line 484, in call_kw
    result = _call_kw_multi(method, model, args, kwargs)
  File "/usr/lib/python3/dist-packages/odoo/api.py", line 469, in _call_kw_multi
    result = method(recs, *args, **kwargs)
  File "<decorator-gen-77>", line 2, in button_immediate_install
  File "/usr/lib/python3/dist-packages/odoo/addons/base/models/ir_module.py", line 75, in check_and_log
    return method(self, *args, **kwargs)
  File "/usr/lib/python3/dist-packages/odoo/addons/base/models/ir_module.py", line 476, in button_immediate_install
    return self._button_immediate_function(self.env.registry[self._name].button_install)
  File "/usr/lib/python3/dist-packages/odoo/addons/base/models/ir_module.py", line 600, in _button_immediate_function
    registry = modules.registry.Registry.new(self._cr.dbname, update_module=True)
  File "<decorator-gen-16>", line 2, in new
  File "/usr/lib/python3/dist-packages/odoo/tools/func.py", line 87, in locked
    return func(inst, *args, **kwargs)
  File "/usr/lib/python3/dist-packages/odoo/modules/registry.py", line 110, in new
    odoo.modules.load_modules(registry, force_demo, status, update_module)
  File "/usr/lib/python3/dist-packages/odoo/modules/loading.py", line 485, in load_modules
    processed_modules += load_marked_modules(env, graph,
  File "/usr/lib/python3/dist-packages/odoo/modules/loading.py", line 366, in load_marked_modules
    loaded, processed = load_module_graph(
  File "/usr/lib/python3/dist-packages/odoo/modules/loading.py", line 229, in load_module_graph
    load_data(env, idref, mode, kind='data', package=package)
  File "/usr/lib/python3/dist-packages/odoo/modules/loading.py", line 73, in load_data
    tools.convert_file(env, package.name, filename, idref, mode, noupdate, kind)
  File "/usr/lib/python3/dist-packages/odoo/tools/convert.py", line 635, in convert_file
    convert_xml_import(env, module, fp, idref, mode, noupdate)
  File "/usr/lib/python3/dist-packages/odoo/tools/convert.py", line 701, in convert_xml_import
    obj.parse(doc.getroot())
  File "/usr/lib/python3/dist-packages/odoo/tools/convert.py", line 621, in parse
    self._tag_root(de)
  File "/usr/lib/python3/dist-packages/odoo/tools/convert.py", line 575, in _tag_root
    raise ParseError(msg) from None  # Restart with "--log-handler odoo.tools.convert:DEBUG" for complete traceback
odoo.tools.convert.ParseError: while parsing /mnt/extra-addons/library_member/views/library_member_views.xml:4
Invalid model name 'library.member' in action definition.

View error context:
'-no context-'

2025-08-27 02:46:03,783 1 INFO odoo werkzeug: 172.18.0.1 - - [27/Aug/2025 02:46:03] "POST /web/dataset/call_button HTTP/1.1" 200 - 1519 0.188 0.316
2025-08-27 02:46:52,461 1 INFO odoo odoo.addons.base.models.ir_cron: Starting job `Base: Auto-vacuum internal data`. 
2025-08-27 02:46:52,481 1 INFO odoo odoo.addons.base.models.ir_attachment: filestore gc 67 checked, 3 removed 
2025-08-27 02:46:52,511 1 INFO odoo odoo.addons.base.models.res_users: GC'd 2 user log entries 
2025-08-27 02:46:52,538 1 INFO odoo odoo.addons.auth_totp.models.auth_totp: GC'd 0 totp devices entries 
2025-08-27 02:46:52,550 1 INFO odoo odoo.models.unlink: User #1 deleted bus.bus records with IDs: [43, 44, 76, 109] 
2025-08-27 02:46:52,585 1 INFO odoo odoo.addons.base.models.ir_cron: Job done: `Base: Auto-vacuum internal data` (0.124s). 
2025-08-27 02:46:52,601 1 INFO odoo odoo.addons.base.models.ir_cron: Starting job `Notification: Delete Notifications older than 6 Month`. 
2025-08-27 02:46:52,604 1 INFO odoo odoo.addons.base.models.ir_cron: Job done: `Notification: Delete Notifications older than 6 Month` (0.003s). 
2025-08-27 02:46:52,613 1 INFO odoo odoo.addons.base.models.ir_cron: Starting job `Notification: Send scheduled message notifications`. 
2025-08-27 02:46:52,616 1 INFO odoo odoo.addons.base.models.ir_cron: Job done: `Notification: Send scheduled message notifications` (0.002s). 
2025-08-27 02:46:52,624 1 INFO odoo odoo.addons.base.models.ir_cron: Starting job `Mail: Email Queue Manager`. 
2025-08-27 02:46:52,629 1 INFO odoo odoo.addons.base.models.ir_cron: Job done: `Mail: Email Queue Manager` (0.004s). 
2025-08-27 02:46:52,637 1 INFO odoo odoo.addons.base.models.ir_cron: Starting job `Discuss: channel member unmute`. 
2025-08-27 02:46:52,639 1 INFO odoo odoo.addons.base.models.ir_cron: Job done: `Discuss: channel member unmute` (0.002s). 
2025-08-27 02:46:52,647 1 INFO odoo odoo.addons.base.models.ir_cron: Starting job `Users: Notify About Unregistered Users`. 
2025-08-27 02:46:52,650 1 INFO odoo odoo.addons.base.models.ir_cron: Job done: `Users: Notify About Unregistered Users` (0.003s). 
2025-08-27 02:46:52,666 1 INFO odoo odoo.addons.base.models.ir_cron: Starting job `Mail: send web push notification`. 
2025-08-27 02:46:52,669 1 INFO odoo odoo.addons.base.models.ir_cron: Job done: `Mail: send web push notification` (0.004s). 
2025-08-27 02:48:37,449 1 INFO odoo odoo.addons.base.models.ir_http: Generating routing map for key None 
2025-08-27 02:48:37,529 1 ERROR odoo odoo.addons.base.models.ir_model: Missing model privacy.log 
2025-08-27 02:48:37,614 1 INFO odoo werkzeug: 172.18.0.1 - - [27/Aug/2025 02:48:37] "GET /web HTTP/1.1" 200 - 77 0.018 0.149
2025-08-27 02:48:37,821 1 INFO odoo werkzeug: 172.18.0.1 - - [27/Aug/2025 02:48:37] "GET /bus/websocket_worker_bundle?v=17.0-1 HTTP/1.1" 304 - 4 0.001 0.004
2025-08-27 02:48:37,831 1 INFO odoo werkzeug: 172.18.0.1 - - [27/Aug/2025 02:48:37] "POST /web/action/load HTTP/1.1" 200 - 10 0.007 0.009
2025-08-27 02:48:37,852 1 INFO odoo werkzeug: 172.18.0.1 - - [27/Aug/2025 02:48:37] "POST /web/dataset/call_kw/res.users/systray_get_activities HTTP/1.1" 200 - 4 0.002 0.004
2025-08-27 02:48:37,875 1 INFO odoo werkzeug: 172.18.0.1 - - [27/Aug/2025 02:48:37] "GET /web/image?model=res.users&field=avatar_128&id=2 HTTP/1.1" 304 - 9 0.005 0.013
2025-08-27 02:48:37,875 1 INFO odoo werkzeug: 172.18.0.1 - - [27/Aug/2025 02:48:37] "POST /mail/init_messaging HTTP/1.1" 200 - 56 0.027 0.026
2025-08-27 02:48:37,883 1 INFO odoo werkzeug: 172.18.0.1 - - [27/Aug/2025 02:48:37] "GET /websocket?version=17.0-1 HTTP/1.1" 101 - 1 0.000 0.006
2025-08-27 02:48:37,892 1 INFO odoo werkzeug: 172.18.0.1 - - [27/Aug/2025 02:48:37] "POST /mail/load_message_failures HTTP/1.1" 200 - 3 0.002 0.005
2025-08-27 02:48:37,904 1 INFO odoo werkzeug: 172.18.0.1 - - [27/Aug/2025 02:48:37] "GET /web/manifest.webmanifest HTTP/1.1" 200 - 9 0.005 0.008
2025-08-27 02:48:37,925 1 INFO odoo werkzeug: 172.18.0.1 - - [27/Aug/2025 02:48:37] "POST /web/dataset/call_kw/ir.module.module/get_views HTTP/1.1" 200 - 47 0.018 0.037
2025-08-27 02:48:37,937 1 INFO odoo werkzeug: 172.18.0.1 - - [27/Aug/2025 02:48:37] "POST /web/dataset/call_kw/ir.module.module/search_panel_select_range HTTP/1.1" 200 - 1 0.000 0.003
2025-08-27 02:48:37,957 1 INFO odoo werkzeug: 172.18.0.1 - - [27/Aug/2025 02:48:37] "POST /web/dataset/call_kw/ir.module.module/search_panel_select_range HTTP/1.1" 200 - 39 0.013 0.010
2025-08-27 02:48:37,962 1 INFO odoo werkzeug: 172.18.0.1 - - [27/Aug/2025 02:48:37] "POST /web/dataset/call_kw/ir.module.module/web_search_read HTTP/1.1" 200 - 4 0.003 0.024
2025-08-27 02:48:39,656 1 INFO odoo werkzeug: 172.18.0.1 - - [27/Aug/2025 02:48:39] "GET /web/service-worker.js HTTP/1.1" 200 - 1 0.001 0.005
2025-08-27 02:48:41,952 1 INFO odoo werkzeug: 172.18.0.1 - - [27/Aug/2025 02:48:41] "POST /web/dataset/call_kw/ir.module.module/search_panel_select_range HTTP/1.1" 200 - 36 0.019 0.023
2025-08-27 02:48:41,962 1 INFO odoo werkzeug: 172.18.0.1 - - [27/Aug/2025 02:48:41] "POST /web/dataset/call_kw/ir.module.module/web_search_read HTTP/1.1" 200 - 3 0.001 0.004
2025-08-27 02:48:43,043 1 INFO odoo odoo.addons.base.models.ir_module: ALLOW access to module.button_immediate_install on ['Library Members'] to user admin #2 via 172.18.0.1 
2025-08-27 02:48:43,043 1 INFO odoo odoo.addons.base.models.ir_module: User #2 triggered module installation 
2025-08-27 02:48:43,043 1 INFO odoo odoo.addons.base.models.ir_module: ALLOW access to module.button_install on ['Library Members'] to user admin #2 via 172.18.0.1 
2025-08-27 02:48:43,087 1 INFO odoo odoo.modules.loading: loading 1 modules... 
2025-08-27 02:48:43,091 1 INFO odoo odoo.modules.loading: 1 modules loaded in 0.00s, 0 queries (+0 extra) 
2025-08-27 02:48:43,104 1 INFO odoo odoo.modules.loading: updating modules list 
2025-08-27 02:48:43,105 1 INFO odoo odoo.addons.base.models.ir_module: ALLOW access to module.update_list on [] to user __system__ #1 via 172.18.0.1 
2025-08-27 02:48:43,384 1 INFO odoo odoo.modules.loading: loading 20 modules... 
2025-08-27 02:48:43,395 1 INFO odoo odoo.modules.loading: 20 modules loaded in 0.01s, 0 queries (+0 extra) 
2025-08-27 02:48:43,396 1 INFO odoo odoo.modules.loading: loading 21 modules... 
2025-08-27 02:48:43,396 1 INFO odoo odoo.modules.loading: Loading module library_member (21/21) 
2025-08-27 02:48:43,434 1 INFO odoo odoo.modules.loading: loading library_member/views/library_member_views.xml 
2025-08-27 02:48:43,449 1 WARNING odoo odoo.modules.loading: Transient module states were reset 
2025-08-27 02:48:43,462 1 ERROR odoo odoo.modules.registry: Failed to load registry 
Traceback (most recent call last):
  File "/usr/lib/python3/dist-packages/odoo/modules/registry.py", line 110, in new
    odoo.modules.load_modules(registry, force_demo, status, update_module)
  File "/usr/lib/python3/dist-packages/odoo/modules/loading.py", line 485, in load_modules
    processed_modules += load_marked_modules(env, graph,
  File "/usr/lib/python3/dist-packages/odoo/modules/loading.py", line 366, in load_marked_modules
    loaded, processed = load_module_graph(
  File "/usr/lib/python3/dist-packages/odoo/modules/loading.py", line 229, in load_module_graph
    load_data(env, idref, mode, kind='data', package=package)
  File "/usr/lib/python3/dist-packages/odoo/modules/loading.py", line 73, in load_data
    tools.convert_file(env, package.name, filename, idref, mode, noupdate, kind)
  File "/usr/lib/python3/dist-packages/odoo/tools/convert.py", line 635, in convert_file
    convert_xml_import(env, module, fp, idref, mode, noupdate)
  File "/usr/lib/python3/dist-packages/odoo/tools/convert.py", line 701, in convert_xml_import
    obj.parse(doc.getroot())
  File "/usr/lib/python3/dist-packages/odoo/tools/convert.py", line 621, in parse
    self._tag_root(de)
  File "/usr/lib/python3/dist-packages/odoo/tools/convert.py", line 575, in _tag_root
    raise ParseError(msg) from None  # Restart with "--log-handler odoo.tools.convert:DEBUG" for complete traceback
odoo.tools.convert.ParseError: while parsing /mnt/extra-addons/library_member/views/library_member_views.xml:12
Error while validating view near:

<tree __validate__="1">
        <field name="membership_number"/>
        <field name="partner_id"/>
        <field name="join_date"/>

Model not found: library.member

View error context:
{'file': '/mnt/extra-addons/library_member/views/library_member_views.xml',
 'line': 2,
 'name': 'library.member.tree',
 'view': ir.ui.view(405,),
 'view.model': 'library.member',
 'view.parent': ir.ui.view(),
 'xmlid': 'view_library_member_tree'}

2025-08-27 02:48:43,464 1 INFO odoo odoo.modules.loading: loading 1 modules... 
2025-08-27 02:48:43,469 1 INFO odoo odoo.modules.loading: 1 modules loaded in 0.00s, 0 queries (+0 extra) 
2025-08-27 02:48:43,471 1 INFO odoo odoo.modules.loading: loading 20 modules... 
2025-08-27 02:48:43,483 1 INFO odoo odoo.modules.loading: 20 modules loaded in 0.01s, 0 queries (+0 extra) 
2025-08-27 02:48:43,512 1 INFO odoo odoo.modules.loading: Modules loaded. 
2025-08-27 02:48:43,514 1 INFO odoo odoo.modules.registry: Registry loaded in 0.052s 
2025-08-27 02:48:43,515 1 ERROR odoo odoo.http: Exception during request handling. 
Traceback (most recent call last):
  File "/usr/lib/python3/dist-packages/odoo/http.py", line 2396, in __call__
    response = request._serve_db()
  File "/usr/lib/python3/dist-packages/odoo/http.py", line 1971, in _serve_db
    return service_model.retrying(self._serve_ir_http, self.env)
  File "/usr/lib/python3/dist-packages/odoo/service/model.py", line 152, in retrying
    result = func()
  File "/usr/lib/python3/dist-packages/odoo/http.py", line 1999, in _serve_ir_http
    response = self.dispatcher.dispatch(rule.endpoint, args)
  File "/usr/lib/python3/dist-packages/odoo/http.py", line 2203, in dispatch
    result = self.request.registry['ir.http']._dispatch(endpoint)
  File "/usr/lib/python3/dist-packages/odoo/addons/base/models/ir_http.py", line 221, in _dispatch
    result = endpoint(**request.params)
  File "/usr/lib/python3/dist-packages/odoo/http.py", line 786, in route_wrapper
    result = endpoint(self, *args, **params_ok)
  File "/usr/lib/python3/dist-packages/odoo/addons/web/controllers/dataset.py", line 29, in call_button
    action = self._call_kw(model, method, args, kwargs)
  File "/usr/lib/python3/dist-packages/odoo/addons/web/controllers/dataset.py", line 21, in _call_kw
    return call_kw(Model, method, args, kwargs)
  File "/usr/lib/python3/dist-packages/odoo/api.py", line 484, in call_kw
    result = _call_kw_multi(method, model, args, kwargs)
  File "/usr/lib/python3/dist-packages/odoo/api.py", line 469, in _call_kw_multi
    result = method(recs, *args, **kwargs)
  File "<decorator-gen-77>", line 2, in button_immediate_install
  File "/usr/lib/python3/dist-packages/odoo/addons/base/models/ir_module.py", line 75, in check_and_log
    return method(self, *args, **kwargs)
  File "/usr/lib/python3/dist-packages/odoo/addons/base/models/ir_module.py", line 476, in button_immediate_install
    return self._button_immediate_function(self.env.registry[self._name].button_install)
  File "/usr/lib/python3/dist-packages/odoo/addons/base/models/ir_module.py", line 600, in _button_immediate_function
    registry = modules.registry.Registry.new(self._cr.dbname, update_module=True)
  File "<decorator-gen-16>", line 2, in new
  File "/usr/lib/python3/dist-packages/odoo/tools/func.py", line 87, in locked
    return func(inst, *args, **kwargs)
  File "/usr/lib/python3/dist-packages/odoo/modules/registry.py", line 110, in new
    odoo.modules.load_modules(registry, force_demo, status, update_module)
  File "/usr/lib/python3/dist-packages/odoo/modules/loading.py", line 485, in load_modules
    processed_modules += load_marked_modules(env, graph,
  File "/usr/lib/python3/dist-packages/odoo/modules/loading.py", line 366, in load_marked_modules
    loaded, processed = load_module_graph(
  File "/usr/lib/python3/dist-packages/odoo/modules/loading.py", line 229, in load_module_graph
    load_data(env, idref, mode, kind='data', package=package)
  File "/usr/lib/python3/dist-packages/odoo/modules/loading.py", line 73, in load_data
    tools.convert_file(env, package.name, filename, idref, mode, noupdate, kind)
  File "/usr/lib/python3/dist-packages/odoo/tools/convert.py", line 635, in convert_file
    convert_xml_import(env, module, fp, idref, mode, noupdate)
  File "/usr/lib/python3/dist-packages/odoo/tools/convert.py", line 701, in convert_xml_import
    obj.parse(doc.getroot())
  File "/usr/lib/python3/dist-packages/odoo/tools/convert.py", line 621, in parse
    self._tag_root(de)
  File "/usr/lib/python3/dist-packages/odoo/tools/convert.py", line 575, in _tag_root
    raise ParseError(msg) from None  # Restart with "--log-handler odoo.tools.convert:DEBUG" for complete traceback
odoo.tools.convert.ParseError: while parsing /mnt/extra-addons/library_member/views/library_member_views.xml:12
Error while validating view near:

<tree __validate__="1">
        <field name="membership_number"/>
        <field name="partner_id"/>
        <field name="join_date"/>

Model not found: library.member

View error context:
{'file': '/mnt/extra-addons/library_member/views/library_member_views.xml',
 'line': 2,
 'name': 'library.member.tree',
 'view': ir.ui.view(405,),
 'view.model': 'library.member',
 'view.parent': ir.ui.view(),
 'xmlid': 'view_library_member_tree'}

2025-08-27 02:48:43,515 1 INFO odoo werkzeug: 172.18.0.1 - - [27/Aug/2025 02:48:43] "POST /web/dataset/call_button HTTP/1.1" 200 - 1533 0.168 0.307
2025-08-27 02:48:47,270 1 INFO odoo odoo.service.server: Initiating shutdown 
2025-08-27 02:48:47,270 1 INFO odoo odoo.service.server: Hit CTRL-C again or send a second signal to force the shutdown. 
2025-08-27 02:48:52,219 1 INFO ? odoo: Odoo version 17.0-20250819 
2025-08-27 02:48:52,219 1 INFO ? odoo: Using configuration file at /etc/odoo/odoo.conf 
2025-08-27 02:48:52,219 1 INFO ? odoo: addons paths: ['/usr/lib/python3/dist-packages/odoo/addons', '/var/lib/odoo/addons/17.0', '/mnt/extra-addons'] 
2025-08-27 02:48:52,219 1 INFO ? odoo: database: odoo@db:5432 
2025-08-27 02:48:52,287 1 INFO ? odoo.addons.base.models.ir_actions_report: Will use the Wkhtmltopdf binary at /usr/local/bin/wkhtmltopdf 
2025-08-27 02:48:52,384 1 INFO ? odoo.service.server: HTTP service (werkzeug) running on 83e1705934b1:8069 
2025-08-27 02:48:52,398 1 INFO odoo odoo.modules.loading: loading 1 modules... 
2025-08-27 02:48:52,398 1 INFO odoo odoo.modules.loading: Loading module base (1/1) 
2025-08-27 02:48:52,413 1 INFO odoo odoo.modules.registry: module base: creating or updating database tables 
2025-08-27 02:48:52,703 1 INFO odoo odoo.modules.loading: loading base/data/res_bank.xml 
2025-08-27 02:48:52,708 1 INFO odoo odoo.modules.loading: loading base/data/res.lang.csv 
2025-08-27 02:48:52,821 1 INFO odoo odoo.modules.loading: loading base/data/res_lang_data.xml 
2025-08-27 02:48:52,839 1 INFO odoo odoo.modules.loading: loading base/data/res_partner_data.xml 
2025-08-27 02:48:52,905 1 INFO odoo odoo.modules.loading: loading base/data/res_currency_data.xml 
2025-08-27 02:48:53,122 1 INFO odoo odoo.modules.loading: loading base/data/res_company_data.xml 
2025-08-27 02:48:53,128 1 INFO odoo odoo.modules.loading: loading base/data/res_users_data.xml 
2025-08-27 02:48:53,955 1 INFO odoo odoo.modules.loading: loading base/data/report_paperformat_data.xml 
2025-08-27 02:48:53,958 1 INFO odoo odoo.modules.loading: loading base/data/res_country_data.xml 
2025-08-27 02:48:54,142 1 INFO odoo odoo.modules.loading: loading base/data/ir_demo_data.xml 
2025-08-27 02:48:54,150 1 INFO odoo odoo.modules.loading: loading base/security/base_groups.xml 
2025-08-27 02:48:54,288 1 INFO odoo odoo.modules.loading: loading base/security/base_security.xml 
2025-08-27 02:48:54,345 1 INFO odoo odoo.modules.loading: loading base/views/base_menus.xml 
2025-08-27 02:48:54,371 1 INFO odoo odoo.modules.loading: loading base/views/decimal_precision_views.xml 
2025-08-27 02:48:54,380 1 INFO odoo odoo.modules.loading: loading base/views/res_config_views.xml 
2025-08-27 02:48:54,386 1 INFO odoo odoo.modules.loading: loading base/data/res.country.state.csv 
2025-08-27 02:48:54,904 1 INFO odoo odoo.modules.loading: loading base/views/ir_actions_views.xml 
2025-08-27 02:48:54,986 1 INFO odoo odoo.modules.loading: loading base/views/ir_asset_views.xml 
2025-08-27 02:48:54,999 1 INFO odoo odoo.modules.loading: loading base/views/ir_config_parameter_views.xml 
2025-08-27 02:48:55,009 1 INFO odoo odoo.modules.loading: loading base/views/ir_cron_views.xml 
2025-08-27 02:48:55,031 1 INFO odoo odoo.modules.loading: loading base/views/ir_cron_trigger_views.xml 
2025-08-27 02:48:55,046 1 INFO odoo odoo.modules.loading: loading base/views/ir_filters_views.xml 
2025-08-27 02:48:55,067 1 INFO odoo odoo.modules.loading: loading base/views/ir_mail_server_views.xml 
2025-08-27 02:48:55,083 1 INFO odoo odoo.modules.loading: loading base/views/ir_model_views.xml 
2025-08-27 02:48:55,187 1 INFO odoo odoo.modules.loading: loading base/views/ir_attachment_views.xml 
2025-08-27 02:48:55,203 1 INFO odoo odoo.modules.loading: loading base/views/ir_rule_views.xml 
2025-08-27 02:48:55,226 1 INFO odoo odoo.modules.loading: loading base/views/ir_sequence_views.xml 
2025-08-27 02:48:55,241 1 INFO odoo odoo.modules.loading: loading base/views/ir_ui_menu_views.xml 
2025-08-27 02:48:55,255 1 INFO odoo odoo.modules.loading: loading base/views/ir_ui_view_views.xml 
2025-08-27 02:48:55,289 1 INFO odoo odoo.modules.loading: loading base/views/ir_default_views.xml 
2025-08-27 02:48:55,301 1 INFO odoo odoo.modules.loading: loading base/data/ir_cron_data.xml 
2025-08-27 02:48:55,309 1 INFO odoo odoo.modules.loading: loading base/report/ir_model_report.xml 
2025-08-27 02:48:55,311 1 INFO odoo odoo.modules.loading: loading base/report/ir_model_templates.xml 
2025-08-27 02:48:55,318 1 INFO odoo odoo.modules.loading: loading base/views/ir_logging_views.xml 
2025-08-27 02:48:55,329 1 INFO odoo odoo.modules.loading: loading base/views/ir_qweb_widget_templates.xml 
2025-08-27 02:48:55,340 1 INFO odoo odoo.modules.loading: loading base/views/ir_module_views.xml 
2025-08-27 02:48:55,371 1 INFO odoo odoo.modules.loading: loading base/data/ir_module_category_data.xml 
2025-08-27 02:48:55,496 1 INFO odoo odoo.modules.loading: loading base/data/ir_module_module.xml 
2025-08-27 02:48:55,521 1 INFO odoo odoo.modules.loading: loading base/report/ir_module_reports.xml 
2025-08-27 02:48:55,523 1 INFO odoo odoo.modules.loading: loading base/report/ir_module_report_templates.xml 
2025-08-27 02:48:55,530 1 INFO odoo odoo.modules.loading: loading base/wizard/base_module_update_views.xml 
2025-08-27 02:48:55,538 1 INFO odoo odoo.modules.loading: loading base/wizard/base_language_install_views.xml 
2025-08-27 02:48:55,549 1 INFO odoo odoo.modules.loading: loading base/wizard/base_import_language_views.xml 
2025-08-27 02:48:55,557 1 INFO odoo odoo.modules.loading: loading base/wizard/base_module_upgrade_views.xml 
2025-08-27 02:48:55,571 1 INFO odoo odoo.modules.loading: loading base/wizard/base_module_uninstall_views.xml 
2025-08-27 02:48:55,577 1 INFO odoo odoo.modules.loading: loading base/wizard/base_export_language_views.xml 
2025-08-27 02:48:55,586 1 INFO odoo odoo.modules.loading: loading base/wizard/base_partner_merge_views.xml 
2025-08-27 02:48:55,595 1 INFO odoo odoo.modules.loading: loading base/data/ir_demo_failure_data.xml 
2025-08-27 02:48:55,605 1 INFO odoo odoo.modules.loading: loading base/views/ir_profile_views.xml 
2025-08-27 02:48:55,621 1 INFO odoo odoo.modules.loading: loading base/views/res_company_views.xml 
2025-08-27 02:48:55,638 1 INFO odoo odoo.modules.loading: loading base/views/res_lang_views.xml 
2025-08-27 02:48:55,657 1 INFO odoo odoo.modules.loading: loading base/views/res_partner_views.xml 
2025-08-27 02:48:55,735 1 INFO odoo odoo.modules.loading: loading base/views/res_bank_views.xml 
2025-08-27 02:48:55,760 1 INFO odoo odoo.modules.loading: loading base/views/res_country_views.xml 
2025-08-27 02:48:55,793 1 INFO odoo odoo.modules.loading: loading base/views/res_currency_views.xml 
2025-08-27 02:48:55,822 1 INFO odoo odoo.modules.loading: loading base/views/res_users_views.xml 
2025-08-27 02:48:55,906 1 INFO odoo odoo.modules.loading: loading base/views/res_users_identitycheck_views.xml 
2025-08-27 02:48:55,915 1 INFO odoo odoo.modules.loading: loading base/views/ir_property_views.xml 
2025-08-27 02:48:55,929 1 INFO odoo odoo.modules.loading: loading base/views/res_config_settings_views.xml 
2025-08-27 02:48:55,934 1 INFO odoo odoo.modules.loading: loading base/views/report_paperformat_views.xml 
2025-08-27 02:48:55,950 1 INFO odoo odoo.modules.loading: loading base/security/ir.model.access.csv 
2025-08-27 02:48:56,035 1 INFO odoo odoo.modules.loading: Module base: loading demo 
2025-08-27 02:48:56,035 1 INFO odoo odoo.modules.loading: loading base/data/res_users_demo.xml 
2025-08-27 02:48:57,165 1 INFO odoo odoo.modules.loading: loading base/data/res_partner_bank_demo.xml 
2025-08-27 02:48:57,168 1 INFO odoo odoo.modules.loading: loading base/data/res_currency_demo.xml 
2025-08-27 02:48:57,171 1 INFO odoo odoo.modules.loading: loading base/data/res_currency_rate_demo.xml 
2025-08-27 02:48:57,244 1 INFO odoo odoo.modules.loading: loading base/data/res_bank_demo.xml 
2025-08-27 02:48:57,246 1 INFO odoo odoo.modules.loading: loading base/data/res_partner_demo.xml 
2025-08-27 02:48:57,399 1 INFO odoo odoo.modules.loading: loading base/data/res_partner_image_demo.xml 
2025-08-27 02:48:57,774 1 INFO odoo odoo.modules.loading: Module base loaded in 5.38s, 10656 queries (+10656 other) 
2025-08-27 02:48:57,774 1 INFO odoo odoo.modules.loading: 1 modules loaded in 5.38s, 10656 queries (+10656 extra) 
2025-08-27 02:48:57,788 1 INFO odoo odoo.modules.loading: updating modules list 
2025-08-27 02:48:57,789 1 INFO odoo odoo.addons.base.models.ir_module: ALLOW access to module.update_list on [] to user __system__ #1 via n/a 
2025-08-27 02:48:58,030 1 WARNING odoo odoo.modules.module: Missing `license` key in manifest for 'library_member', defaulting to LGPL-3 
2025-08-27 02:48:58,250 1 INFO odoo odoo.modules.loading: loading 20 modules... 
2025-08-27 02:48:58,343 1 INFO odoo odoo.modules.loading: 20 modules loaded in 0.09s, 0 queries (+0 extra) 
2025-08-27 02:48:58,461 1 INFO odoo odoo.modules.loading: Model privacy.log is declared but cannot be loaded! (Perhaps a module was partially removed or renamed) 
2025-08-27 02:48:58,461 1 INFO odoo odoo.modules.loading: Model privacy.lookup.wizard is declared but cannot be loaded! (Perhaps a module was partially removed or renamed) 
2025-08-27 02:48:58,461 1 INFO odoo odoo.modules.loading: Model privacy.lookup.wizard.line is declared but cannot be loaded! (Perhaps a module was partially removed or renamed) 
2025-08-27 02:48:58,629 1 INFO odoo odoo.modules.loading: Modules loaded. 
2025-08-27 02:48:58,644 1 INFO odoo odoo.modules.registry: Registry loaded in 6.260s 
2025-08-27 02:48:58,667 1 INFO odoo odoo.addons.base.models.ir_http: Generating routing map for key None 
2025-08-27 02:48:58,700 1 INFO odoo werkzeug: 172.18.0.1 - - [27/Aug/2025 02:48:58] "GET /websocket?version=17.0-1 HTTP/1.1" 101 - 14 0.004 5.738
2025-08-27 02:48:59,024 1 INFO ? odoo.addons.bus.models.bus: Bus.loop listen imbus on db postgres 
2025-08-27 02:49:45,010 1 INFO odoo odoo.service.server: Initiating shutdown 
2025-08-27 02:49:45,010 1 INFO odoo odoo.service.server: Hit CTRL-C again or send a second signal to force the shutdown. 
2025-08-27 02:49:45,083 1 INFO odoo odoo.sql_db: ConnectionPool(used=0/count=0/max=64): Closed 4 connections  
2025-08-27 12:19:45,863 1 INFO ? odoo: Odoo version 17.0-20250819 
2025-08-27 12:19:45,864 1 INFO ? odoo: Using configuration file at /etc/odoo/odoo.conf 
2025-08-27 12:19:45,864 1 INFO ? odoo: addons paths: ['/usr/lib/python3/dist-packages/odoo/addons', '/var/lib/odoo/addons/17.0', '/mnt/extra-addons'] 
2025-08-27 12:19:45,864 1 INFO ? odoo: database: odoo@db:5432 
2025-08-27 12:19:46,009 1 INFO ? odoo.addons.base.models.ir_actions_report: Will use the Wkhtmltopdf binary at /usr/local/bin/wkhtmltopdf 
2025-08-27 12:19:46,262 1 INFO ? odoo.service.server: HTTP service (werkzeug) running on 83e1705934b1:8069 
2025-08-27 12:19:46,322 1 INFO odoo odoo.modules.loading: loading 1 modules... 
2025-08-27 12:19:46,322 1 INFO odoo odoo.modules.loading: Loading module base (1/1) 
2025-08-27 12:19:46,340 1 INFO odoo odoo.modules.registry: module base: creating or updating database tables 
2025-08-27 12:19:46,732 1 INFO odoo odoo.modules.loading: loading base/data/res_bank.xml 
2025-08-27 12:19:46,739 1 INFO odoo odoo.modules.loading: loading base/data/res.lang.csv 
2025-08-27 12:19:46,869 1 INFO odoo odoo.modules.loading: loading base/data/res_lang_data.xml 
2025-08-27 12:19:46,898 1 INFO odoo odoo.modules.loading: loading base/data/res_partner_data.xml 
2025-08-27 12:19:46,941 1 INFO odoo odoo.modules.loading: loading base/data/res_currency_data.xml 
2025-08-27 12:19:47,197 1 INFO odoo odoo.modules.loading: loading base/data/res_company_data.xml 
2025-08-27 12:19:47,203 1 INFO odoo odoo.modules.loading: loading base/data/res_users_data.xml 
2025-08-27 12:19:48,146 1 INFO odoo odoo.modules.loading: loading base/data/report_paperformat_data.xml 
2025-08-27 12:19:48,152 1 INFO odoo odoo.modules.loading: loading base/data/res_country_data.xml 
2025-08-27 12:19:48,402 1 INFO odoo odoo.modules.loading: loading base/data/ir_demo_data.xml 
2025-08-27 12:19:48,415 1 INFO odoo odoo.modules.loading: loading base/security/base_groups.xml 
2025-08-27 12:19:48,960 1 INFO odoo odoo.modules.loading: loading base/security/base_security.xml 
2025-08-27 12:19:49,037 1 INFO odoo odoo.modules.loading: loading base/views/base_menus.xml 
2025-08-27 12:19:49,078 1 INFO odoo odoo.modules.loading: loading base/views/decimal_precision_views.xml 
2025-08-27 12:19:49,093 1 INFO odoo odoo.modules.loading: loading base/views/res_config_views.xml 
2025-08-27 12:19:49,104 1 INFO odoo odoo.modules.loading: loading base/data/res.country.state.csv 
2025-08-27 12:19:49,799 1 INFO odoo odoo.modules.loading: loading base/views/ir_actions_views.xml 
2025-08-27 12:19:49,927 1 INFO odoo odoo.modules.loading: loading base/views/ir_asset_views.xml 
2025-08-27 12:19:49,949 1 INFO odoo odoo.modules.loading: loading base/views/ir_config_parameter_views.xml 
2025-08-27 12:19:49,983 1 INFO odoo odoo.modules.loading: loading base/views/ir_cron_views.xml 
2025-08-27 12:19:50,047 1 INFO odoo odoo.modules.loading: loading base/views/ir_cron_trigger_views.xml 
2025-08-27 12:19:50,074 1 INFO odoo odoo.modules.loading: loading base/views/ir_filters_views.xml 
2025-08-27 12:19:50,104 1 INFO odoo odoo.modules.loading: loading base/views/ir_mail_server_views.xml 
2025-08-27 12:19:50,132 1 INFO odoo odoo.modules.loading: loading base/views/ir_model_views.xml 
2025-08-27 12:19:50,322 1 INFO odoo odoo.modules.loading: loading base/views/ir_attachment_views.xml 
2025-08-27 12:19:50,340 1 INFO odoo odoo.modules.loading: loading base/views/ir_rule_views.xml 
2025-08-27 12:19:50,365 1 INFO odoo odoo.modules.loading: loading base/views/ir_sequence_views.xml 
2025-08-27 12:19:50,384 1 INFO odoo odoo.modules.loading: loading base/views/ir_ui_menu_views.xml 
2025-08-27 12:19:50,404 1 INFO odoo odoo.modules.loading: loading base/views/ir_ui_view_views.xml 
2025-08-27 12:19:50,455 1 INFO odoo odoo.modules.loading: loading base/views/ir_default_views.xml 
2025-08-27 12:19:50,474 1 INFO odoo odoo.modules.loading: loading base/data/ir_cron_data.xml 
2025-08-27 12:19:50,483 1 INFO odoo odoo.modules.loading: loading base/report/ir_model_report.xml 
2025-08-27 12:19:50,486 1 INFO odoo odoo.modules.loading: loading base/report/ir_model_templates.xml 
2025-08-27 12:19:50,498 1 INFO odoo odoo.modules.loading: loading base/views/ir_logging_views.xml 
2025-08-27 12:19:50,514 1 INFO odoo odoo.modules.loading: loading base/views/ir_qweb_widget_templates.xml 
2025-08-27 12:19:50,529 1 INFO odoo odoo.modules.loading: loading base/views/ir_module_views.xml 
2025-08-27 12:19:50,576 1 INFO odoo odoo.modules.loading: loading base/data/ir_module_category_data.xml 
2025-08-27 12:19:50,731 1 INFO odoo odoo.modules.loading: loading base/data/ir_module_module.xml 
2025-08-27 12:19:50,754 1 INFO odoo odoo.modules.loading: loading base/report/ir_module_reports.xml 
2025-08-27 12:19:50,756 1 INFO odoo odoo.modules.loading: loading base/report/ir_module_report_templates.xml 
2025-08-27 12:19:50,762 1 INFO odoo odoo.modules.loading: loading base/wizard/base_module_update_views.xml 
2025-08-27 12:19:50,775 1 INFO odoo odoo.modules.loading: loading base/wizard/base_language_install_views.xml 
2025-08-27 12:19:50,788 1 INFO odoo odoo.modules.loading: loading base/wizard/base_import_language_views.xml 
2025-08-27 12:19:50,796 1 INFO odoo odoo.modules.loading: loading base/wizard/base_module_upgrade_views.xml 
2025-08-27 12:19:50,810 1 INFO odoo odoo.modules.loading: loading base/wizard/base_module_uninstall_views.xml 
2025-08-27 12:19:50,817 1 INFO odoo odoo.modules.loading: loading base/wizard/base_export_language_views.xml 
2025-08-27 12:19:50,826 1 INFO odoo odoo.modules.loading: loading base/wizard/base_partner_merge_views.xml 
2025-08-27 12:19:50,836 1 INFO odoo odoo.modules.loading: loading base/data/ir_demo_failure_data.xml 
2025-08-27 12:19:50,847 1 INFO odoo odoo.modules.loading: loading base/views/ir_profile_views.xml 
2025-08-27 12:19:50,863 1 INFO odoo odoo.modules.loading: loading base/views/res_company_views.xml 
2025-08-27 12:19:50,883 1 INFO odoo odoo.modules.loading: loading base/views/res_lang_views.xml 
2025-08-27 12:19:50,903 1 INFO odoo odoo.modules.loading: loading base/views/res_partner_views.xml 
2025-08-27 12:19:50,994 1 INFO odoo odoo.modules.loading: loading base/views/res_bank_views.xml 
2025-08-27 12:19:51,018 1 INFO odoo odoo.modules.loading: loading base/views/res_country_views.xml 
2025-08-27 12:19:51,049 1 INFO odoo odoo.modules.loading: loading base/views/res_currency_views.xml 
2025-08-27 12:19:51,081 1 INFO odoo odoo.modules.loading: loading base/views/res_users_views.xml 
2025-08-27 12:19:51,178 1 INFO odoo odoo.modules.loading: loading base/views/res_users_identitycheck_views.xml 
2025-08-27 12:19:51,187 1 INFO odoo odoo.modules.loading: loading base/views/ir_property_views.xml 
2025-08-27 12:19:51,202 1 INFO odoo odoo.modules.loading: loading base/views/res_config_settings_views.xml 
2025-08-27 12:19:51,208 1 INFO odoo odoo.modules.loading: loading base/views/report_paperformat_views.xml 
2025-08-27 12:19:51,225 1 INFO odoo odoo.modules.loading: loading base/security/ir.model.access.csv 
2025-08-27 12:19:51,393 1 INFO odoo odoo.modules.loading: Module base: loading demo 
2025-08-27 12:19:51,393 1 INFO odoo odoo.modules.loading: loading base/data/res_users_demo.xml 
2025-08-27 12:19:52,652 1 INFO odoo odoo.modules.loading: loading base/data/res_partner_bank_demo.xml 
2025-08-27 12:19:52,655 1 INFO odoo odoo.modules.loading: loading base/data/res_currency_demo.xml 
2025-08-27 12:19:52,658 1 INFO odoo odoo.modules.loading: loading base/data/res_currency_rate_demo.xml 
2025-08-27 12:19:52,740 1 INFO odoo odoo.modules.loading: loading base/data/res_bank_demo.xml 
2025-08-27 12:19:52,742 1 INFO odoo odoo.modules.loading: loading base/data/res_partner_demo.xml 
2025-08-27 12:19:52,905 1 INFO odoo odoo.modules.loading: loading base/data/res_partner_image_demo.xml 
2025-08-27 12:19:53,293 1 INFO odoo odoo.modules.loading: Module base loaded in 6.97s, 10656 queries (+10656 other) 
2025-08-27 12:19:53,293 1 INFO odoo odoo.modules.loading: 1 modules loaded in 6.97s, 10656 queries (+10656 extra) 
2025-08-27 12:19:53,304 1 INFO odoo odoo.modules.loading: updating modules list 
2025-08-27 12:19:53,305 1 INFO odoo odoo.addons.base.models.ir_module: ALLOW access to module.update_list on [] to user __system__ #1 via n/a 
2025-08-27 12:19:53,984 1 WARNING odoo odoo.modules.module: Missing `license` key in manifest for 'library_member', defaulting to LGPL-3 
2025-08-27 12:19:54,600 1 INFO odoo odoo.modules.loading: loading 20 modules... 
2025-08-27 12:19:55,197 1 INFO odoo odoo.modules.loading: 20 modules loaded in 0.60s, 0 queries (+0 extra) 
2025-08-27 12:19:55,341 1 INFO odoo odoo.modules.loading: Model privacy.log is declared but cannot be loaded! (Perhaps a module was partially removed or renamed) 
2025-08-27 12:19:55,341 1 INFO odoo odoo.modules.loading: Model privacy.lookup.wizard is declared but cannot be loaded! (Perhaps a module was partially removed or renamed) 
2025-08-27 12:19:55,341 1 INFO odoo odoo.modules.loading: Model privacy.lookup.wizard.line is declared but cannot be loaded! (Perhaps a module was partially removed or renamed) 
2025-08-27 12:19:55,572 1 INFO odoo odoo.modules.loading: Modules loaded. 
2025-08-27 12:19:55,579 1 INFO odoo odoo.modules.registry: Registry loaded in 9.318s 
2025-08-27 12:20:08,922 1 INFO odoo odoo.addons.base.models.ir_http: Generating routing map for key None 
2025-08-27 12:20:08,957 1 INFO odoo odoo.addons.base.models.ir_http: Generating routing map for key None 
2025-08-27 12:20:09,029 1 INFO odoo werkzeug: 172.18.0.1 - - [27/Aug/2025 12:20:09] "POST /mail/init_messaging HTTP/1.1" 200 - 12 0.025 0.082
2025-08-27 12:20:09,044 1 INFO odoo odoo.addons.base.models.ir_model: Access Denied by ACLs for operation: read, uid: 4, model: ir.module.module 
2025-08-27 12:20:09,045 1 INFO odoo werkzeug: 172.18.0.1 - - [27/Aug/2025 12:20:09] "GET /web/manifest.webmanifest HTTP/1.1" 200 - 9 0.009 0.023
2025-08-27 12:20:09,068 1 INFO odoo werkzeug: 172.18.0.1 - - [27/Aug/2025 12:20:09] "GET /bus/websocket_worker_bundle?v=17.0-1 HTTP/1.1" 304 - 17 0.023 0.127
2025-08-27 12:20:09,092 1 INFO odoo odoo.http: Session expired 
2025-08-27 12:20:09,092 1 INFO odoo werkzeug: 172.18.0.1 - - [27/Aug/2025 12:20:09] "POST /web/action/load HTTP/1.1" 200 - 1 0.000 0.183
2025-08-27 12:20:09,106 1 INFO odoo werkzeug: 172.18.0.1 - - [27/Aug/2025 12:20:09] "GET /websocket?version=17.0-1 HTTP/1.1" 101 - 5 0.002 0.011
2025-08-27 12:20:09,117 1 INFO odoo odoo.http: Session expired 
2025-08-27 12:20:09,117 1 INFO odoo werkzeug: 172.18.0.1 - - [27/Aug/2025 12:20:09] "POST /web/dataset/call_kw/res.users/systray_get_activities HTTP/1.1" 200 - 1 0.000 0.160
2025-08-27 12:20:09,419 1 INFO ? odoo.addons.bus.models.bus: Bus.loop listen imbus on db postgres 
2025-08-27 12:20:10,636 1 INFO odoo werkzeug: 172.18.0.1 - - [27/Aug/2025 12:20:10] "GET /web/service-worker.js HTTP/1.1" 200 - 5 0.001 0.007
2025-08-27 12:20:10,667 1 INFO odoo werkzeug: 172.18.0.1 - - [27/Aug/2025 12:20:10] "GET /web/offline HTTP/1.1" 200 - 14 0.004 0.016
